file_path,lint_status,details
Fixed_Asset/_inc/bootstrap.php,PASS,No syntax errors detected in /Users/qodir_rizqullah/Sites/ERP_RMI_SOFULL/Fixed_Asset/_inc/bootstrap.php
Fixed_Asset/_inc/fa_helpers.php,PASS,No syntax errors detected in /Users/qodir_rizqullah/Sites/ERP_RMI_SOFULL/Fixed_Asset/_inc/fa_helpers.php
Fixed_Asset/_inc/layout.php,PASS,No syntax errors detected in /Users/qodir_rizqullah/Sites/ERP_RMI_SOFULL/Fixed_Asset/_inc/layout.php
Fixed_Asset/assets.php,PASS,No syntax errors detected in /Users/qodir_rizqullah/Sites/ERP_RMI_SOFULL/Fixed_Asset/assets.php
Fixed_Asset/audit.php,PASS,No syntax errors detected in /Users/qodir_rizqullah/Sites/ERP_RMI_SOFULL/Fixed_Asset/audit.php
Fixed_Asset/depreciation.php,PASS,No syntax errors detected in /Users/qodir_rizqullah/Sites/ERP_RMI_SOFULL/Fixed_Asset/depreciation.php
Fixed_Asset/index.php,PASS,No syntax errors detected in /Users/qodir_rizqullah/Sites/ERP_RMI_SOFULL/Fixed_Asset/index.php
Fixed_Asset/ops.php,PASS,No syntax errors detected in /Users/qodir_rizqullah/Sites/ERP_RMI_SOFULL/Fixed_Asset/ops.php
Fixed_Asset/tax_annual.php,PASS,No syntax errors detected in /Users/qodir_rizqullah/Sites/ERP_RMI_SOFULL/Fixed_Asset/tax_annual.php
_shared/app_init.php,PASS,No syntax errors detected in /Users/qodir_rizqullah/Sites/ERP_RMI_SOFULL/_shared/app_init.php
_shared/assets.php,PASS,No syntax errors detected in /Users/qodir_rizqullah/Sites/ERP_RMI_SOFULL/_shared/assets.php
_shared/backup_manifest.php,PASS,No syntax errors detected in /Users/qodir_rizqullah/Sites/ERP_RMI_SOFULL/_shared/backup_manifest.php
_shared/bootstrap.php,PASS,No syntax errors detected in /Users/qodir_rizqullah/Sites/ERP_RMI_SOFULL/_shared/bootstrap.php
_shared/db.php,PASS,No syntax errors detected in /Users/qodir_rizqullah/Sites/ERP_RMI_SOFULL/_shared/db.php
_shared/enterprise_guard.php,PASS,No syntax errors detected in /Users/qodir_rizqullah/Sites/ERP_RMI_SOFULL/_shared/enterprise_guard.php
_shared/env.php,PASS,No syntax errors detected in /Users/qodir_rizqullah/Sites/ERP_RMI_SOFULL/_shared/env.php
_shared/erp_audit.php,PASS,No syntax errors detected in /Users/qodir_rizqullah/Sites/ERP_RMI_SOFULL/_shared/erp_audit.php
_shared/error_handler.php,PASS,No syntax errors detected in /Users/qodir_rizqullah/Sites/ERP_RMI_SOFULL/_shared/error_handler.php
_shared/health_readiness.php,PASS,No syntax errors detected in /Users/qodir_rizqullah/Sites/ERP_RMI_SOFULL/_shared/health_readiness.php
_shared/helpers.php,PASS,No syntax errors detected in /Users/qodir_rizqullah/Sites/ERP_RMI_SOFULL/_shared/helpers.php
_shared/index.php,PASS,No syntax errors detected in /Users/qodir_rizqullah/Sites/ERP_RMI_SOFULL/_shared/index.php
_shared/logger.php,PASS,No syntax errors detected in /Users/qodir_rizqullah/Sites/ERP_RMI_SOFULL/_shared/logger.php
_shared/login_policy.php,PASS,No syntax errors detected in /Users/qodir_rizqullah/Sites/ERP_RMI_SOFULL/_shared/login_policy.php
_shared/rbac.php,PASS,No syntax errors detected in /Users/qodir_rizqullah/Sites/ERP_RMI_SOFULL/_shared/rbac.php
_shared/rbac_ui.php,PASS,No syntax errors detected in /Users/qodir_rizqullah/Sites/ERP_RMI_SOFULL/_shared/rbac_ui.php
_shared/rbac_v1.php,PASS,No syntax errors detected in /Users/qodir_rizqullah/Sites/ERP_RMI_SOFULL/_shared/rbac_v1.php
_shared/rbac_v2.php,PASS,No syntax errors detected in /Users/qodir_rizqullah/Sites/ERP_RMI_SOFULL/_shared/rbac_v2.php
_shared/rmi_layout.php,PASS,No syntax errors detected in /Users/qodir_rizqullah/Sites/ERP_RMI_SOFULL/_shared/rmi_layout.php
_shared/upload_safety.php,PASS,No syntax errors detected in /Users/qodir_rizqullah/Sites/ERP_RMI_SOFULL/_shared/upload_safety.php
absensi/_inc/audit.php,PASS,No syntax errors detected in /Users/qodir_rizqullah/Sites/ERP_RMI_SOFULL/absensi/_inc/audit.php
absensi/_inc/auth.php,PASS,No syntax errors detected in /Users/qodir_rizqullah/Sites/ERP_RMI_SOFULL/absensi/_inc/auth.php
absensi/_inc/bootstrap.php,PASS,No syntax errors detected in /Users/qodir_rizqullah/Sites/ERP_RMI_SOFULL/absensi/_inc/bootstrap.php
absensi/_inc/csrf.php,PASS,No syntax errors detected in /Users/qodir_rizqullah/Sites/ERP_RMI_SOFULL/absensi/_inc/csrf.php
absensi/_inc/db.php,PASS,No syntax errors detected in /Users/qodir_rizqullah/Sites/ERP_RMI_SOFULL/absensi/_inc/db.php
absensi/_inc/flash.php,PASS,No syntax errors detected in /Users/qodir_rizqullah/Sites/ERP_RMI_SOFULL/absensi/_inc/flash.php
absensi/_inc/geo.php,PASS,No syntax errors detected in /Users/qodir_rizqullah/Sites/ERP_RMI_SOFULL/absensi/_inc/geo.php
absensi/_inc/helpers.php,PASS,No syntax errors detected in /Users/qodir_rizqullah/Sites/ERP_RMI_SOFULL/absensi/_inc/helpers.php
absensi/_inc/layout.php,PASS,No syntax errors detected in /Users/qodir_rizqullah/Sites/ERP_RMI_SOFULL/absensi/_inc/layout.php
absensi/_inc/pin.php,PASS,No syntax errors detected in /Users/qodir_rizqullah/Sites/ERP_RMI_SOFULL/absensi/_inc/pin.php
absensi/_inc/schema.php,PASS,No syntax errors detected in /Users/qodir_rizqullah/Sites/ERP_RMI_SOFULL/absensi/_inc/schema.php
absensi/_inc/upload.php,PASS,No syntax errors detected in /Users/qodir_rizqullah/Sites/ERP_RMI_SOFULL/absensi/_inc/upload.php
absensi/_inc/user.php,PASS,No syntax errors detected in /Users/qodir_rizqullah/Sites/ERP_RMI_SOFULL/absensi/_inc/user.php
absensi/_layout_bottom.php,PASS,No syntax errors detected in /Users/qodir_rizqullah/Sites/ERP_RMI_SOFULL/absensi/_layout_bottom.php
absensi/_layout_top.php,PASS,No syntax errors detected in /Users/qodir_rizqullah/Sites/ERP_RMI_SOFULL/absensi/_layout_top.php
absensi/admin.php,PASS,No syntax errors detected in /Users/qodir_rizqullah/Sites/ERP_RMI_SOFULL/absensi/admin.php
absensi/admin/api/rekap_dt.php,PASS,No syntax errors detected in /Users/qodir_rizqullah/Sites/ERP_RMI_SOFULL/absensi/admin/api/rekap_dt.php
absensi/admin/approval.php,PASS,No syntax errors detected in /Users/qodir_rizqullah/Sites/ERP_RMI_SOFULL/absensi/admin/approval.php
absensi/admin/offices.php,PASS,No syntax errors detected in /Users/qodir_rizqullah/Sites/ERP_RMI_SOFULL/absensi/admin/offices.php
absensi/admin/payroll_gate.php,PASS,No syntax errors detected in /Users/qodir_rizqullah/Sites/ERP_RMI_SOFULL/absensi/admin/payroll_gate.php
absensi/admin/pins.php,PASS,No syntax errors detected in /Users/qodir_rizqullah/Sites/ERP_RMI_SOFULL/absensi/admin/pins.php
absensi/admin/rekap.php,PASS,No syntax errors detected in /Users/qodir_rizqullah/Sites/ERP_RMI_SOFULL/absensi/admin/rekap.php
absensi/admin/users.php,PASS,No syntax errors detected in /Users/qodir_rizqullah/Sites/ERP_RMI_SOFULL/absensi/admin/users.php
absensi/approval.php,PASS,No syntax errors detected in /Users/qodir_rizqullah/Sites/ERP_RMI_SOFULL/absensi/approval.php
absensi/checkin.php,PASS,No syntax errors detected in /Users/qodir_rizqullah/Sites/ERP_RMI_SOFULL/absensi/checkin.php
absensi/checkout.php,PASS,No syntax errors detected in /Users/qodir_rizqullah/Sites/ERP_RMI_SOFULL/absensi/checkout.php
absensi/history.php,PASS,No syntax errors detected in /Users/qodir_rizqullah/Sites/ERP_RMI_SOFULL/absensi/history.php
absensi/index.php,PASS,No syntax errors detected in /Users/qodir_rizqullah/Sites/ERP_RMI_SOFULL/absensi/index.php
absensi/izin.php,PASS,No syntax errors detected in /Users/qodir_rizqullah/Sites/ERP_RMI_SOFULL/absensi/izin.php
absensi/request.php,PASS,No syntax errors detected in /Users/qodir_rizqullah/Sites/ERP_RMI_SOFULL/absensi/request.php
api/health.php,PASS,No syntax errors detected in /Users/qodir_rizqullah/Sites/ERP_RMI_SOFULL/api/health.php
api/kpi_exec.json.php,PASS,No syntax errors detected in /Users/qodir_rizqullah/Sites/ERP_RMI_SOFULL/api/kpi_exec.json.php
api/v1/chat/_bootstrap.php,PASS,No syntax errors detected in /Users/qodir_rizqullah/Sites/ERP_RMI_SOFULL/api/v1/chat/_bootstrap.php
api/v1/chat/_chat_bootstrap.php,PASS,No syntax errors detected in /Users/qodir_rizqullah/Sites/ERP_RMI_SOFULL/api/v1/chat/_chat_bootstrap.php
api/v1/chat/acl.php,PASS,No syntax errors detected in /Users/qodir_rizqullah/Sites/ERP_RMI_SOFULL/api/v1/chat/acl.php
api/v1/chat/attachment_download.php,PASS,No syntax errors detected in /Users/qodir_rizqullah/Sites/ERP_RMI_SOFULL/api/v1/chat/attachment_download.php
api/v1/chat/attachment_preview.php,PASS,No syntax errors detected in /Users/qodir_rizqullah/Sites/ERP_RMI_SOFULL/api/v1/chat/attachment_preview.php
api/v1/chat/attachment_upload.php,PASS,No syntax errors detected in /Users/qodir_rizqullah/Sites/ERP_RMI_SOFULL/api/v1/chat/attachment_upload.php
api/v1/chat/attachments/download.php,PASS,No syntax errors detected in /Users/qodir_rizqullah/Sites/ERP_RMI_SOFULL/api/v1/chat/attachments/download.php
api/v1/chat/attachments/preview.php,PASS,No syntax errors detected in /Users/qodir_rizqullah/Sites/ERP_RMI_SOFULL/api/v1/chat/attachments/preview.php
api/v1/chat/channel_messages.php,PASS,No syntax errors detected in /Users/qodir_rizqullah/Sites/ERP_RMI_SOFULL/api/v1/chat/channel_messages.php
api/v1/chat/channel_retention.php,PASS,No syntax errors detected in /Users/qodir_rizqullah/Sites/ERP_RMI_SOFULL/api/v1/chat/channel_retention.php
api/v1/chat/channels.php,PASS,No syntax errors detected in /Users/qodir_rizqullah/Sites/ERP_RMI_SOFULL/api/v1/chat/channels.php
api/v1/chat/channels/mark_all_read.php,PASS,No syntax errors detected in /Users/qodir_rizqullah/Sites/ERP_RMI_SOFULL/api/v1/chat/channels/mark_all_read.php
api/v1/chat/channels/mute.php,PASS,No syntax errors detected in /Users/qodir_rizqullah/Sites/ERP_RMI_SOFULL/api/v1/chat/channels/mute.php
api/v1/chat/channels/read.php,PASS,No syntax errors detected in /Users/qodir_rizqullah/Sites/ERP_RMI_SOFULL/api/v1/chat/channels/read.php
api/v1/chat/channels/unmute.php,PASS,No syntax errors detected in /Users/qodir_rizqullah/Sites/ERP_RMI_SOFULL/api/v1/chat/channels/unmute.php
api/v1/chat/channels_list.php,PASS,No syntax errors detected in /Users/qodir_rizqullah/Sites/ERP_RMI_SOFULL/api/v1/chat/channels_list.php
api/v1/chat/channels_read.php,PASS,No syntax errors detected in /Users/qodir_rizqullah/Sites/ERP_RMI_SOFULL/api/v1/chat/channels_read.php
api/v1/chat/emojis.php,PASS,No syntax errors detected in /Users/qodir_rizqullah/Sites/ERP_RMI_SOFULL/api/v1/chat/emojis.php
api/v1/chat/events.php,PASS,No syntax errors detected in /Users/qodir_rizqullah/Sites/ERP_RMI_SOFULL/api/v1/chat/events.php
api/v1/chat/export_create.php,PASS,No syntax errors detected in /Users/qodir_rizqullah/Sites/ERP_RMI_SOFULL/api/v1/chat/export_create.php
api/v1/chat/export_download.php,PASS,No syntax errors detected in /Users/qodir_rizqullah/Sites/ERP_RMI_SOFULL/api/v1/chat/export_download.php
api/v1/chat/exports.php,PASS,No syntax errors detected in /Users/qodir_rizqullah/Sites/ERP_RMI_SOFULL/api/v1/chat/exports.php
api/v1/chat/exports/download.php,PASS,No syntax errors detected in /Users/qodir_rizqullah/Sites/ERP_RMI_SOFULL/api/v1/chat/exports/download.php
api/v1/chat/mark_all_read.php,PASS,No syntax errors detected in /Users/qodir_rizqullah/Sites/ERP_RMI_SOFULL/api/v1/chat/mark_all_read.php
api/v1/chat/message_context.php,PASS,No syntax errors detected in /Users/qodir_rizqullah/Sites/ERP_RMI_SOFULL/api/v1/chat/message_context.php
api/v1/chat/message_delete.php,PASS,No syntax errors detected in /Users/qodir_rizqullah/Sites/ERP_RMI_SOFULL/api/v1/chat/message_delete.php
api/v1/chat/message_send.php,PASS,No syntax errors detected in /Users/qodir_rizqullah/Sites/ERP_RMI_SOFULL/api/v1/chat/message_send.php
api/v1/chat/messages.php,PASS,No syntax errors detected in /Users/qodir_rizqullah/Sites/ERP_RMI_SOFULL/api/v1/chat/messages.php
api/v1/chat/messages/context.php,PASS,No syntax errors detected in /Users/qodir_rizqullah/Sites/ERP_RMI_SOFULL/api/v1/chat/messages/context.php
api/v1/chat/mute.php,PASS,No syntax errors detected in /Users/qodir_rizqullah/Sites/ERP_RMI_SOFULL/api/v1/chat/mute.php
api/v1/chat/pin.php,PASS,No syntax errors detected in /Users/qodir_rizqullah/Sites/ERP_RMI_SOFULL/api/v1/chat/pin.php
api/v1/chat/pin_policy.php,PASS,No syntax errors detected in /Users/qodir_rizqullah/Sites/ERP_RMI_SOFULL/api/v1/chat/pin_policy.php
api/v1/chat/pins.php,PASS,No syntax errors detected in /Users/qodir_rizqullah/Sites/ERP_RMI_SOFULL/api/v1/chat/pins.php
api/v1/chat/prefs.php,PASS,No syntax errors detected in /Users/qodir_rizqullah/Sites/ERP_RMI_SOFULL/api/v1/chat/prefs.php
api/v1/chat/presence.php,PASS,No syntax errors detected in /Users/qodir_rizqullah/Sites/ERP_RMI_SOFULL/api/v1/chat/presence.php
api/v1/chat/presence/ping.php,PASS,No syntax errors detected in /Users/qodir_rizqullah/Sites/ERP_RMI_SOFULL/api/v1/chat/presence/ping.php
api/v1/chat/presence_get.php,PASS,No syntax errors detected in /Users/qodir_rizqullah/Sites/ERP_RMI_SOFULL/api/v1/chat/presence_get.php
api/v1/chat/presence_ping.php,PASS,No syntax errors detected in /Users/qodir_rizqullah/Sites/ERP_RMI_SOFULL/api/v1/chat/presence_ping.php
api/v1/chat/reaction.php,PASS,No syntax errors detected in /Users/qodir_rizqullah/Sites/ERP_RMI_SOFULL/api/v1/chat/reaction.php
api/v1/chat/read.php,PASS,No syntax errors detected in /Users/qodir_rizqullah/Sites/ERP_RMI_SOFULL/api/v1/chat/read.php
api/v1/chat/read_mark.php,PASS,No syntax errors detected in /Users/qodir_rizqullah/Sites/ERP_RMI_SOFULL/api/v1/chat/read_mark.php
api/v1/chat/search.php,PASS,No syntax errors detected in /Users/qodir_rizqullah/Sites/ERP_RMI_SOFULL/api/v1/chat/search.php
api/v1/chat/thread.php,PASS,No syntax errors detected in /Users/qodir_rizqullah/Sites/ERP_RMI_SOFULL/api/v1/chat/thread.php
api/v1/chat/typing.php,PASS,No syntax errors detected in /Users/qodir_rizqullah/Sites/ERP_RMI_SOFULL/api/v1/chat/typing.php
api/v1/chat/unmute.php,PASS,No syntax errors detected in /Users/qodir_rizqullah/Sites/ERP_RMI_SOFULL/api/v1/chat/unmute.php
api/v1/chat/users.php,PASS,No syntax errors detected in /Users/qodir_rizqullah/Sites/ERP_RMI_SOFULL/api/v1/chat/users.php
api/v1/health.php,PASS,No syntax errors detected in /Users/qodir_rizqullah/Sites/ERP_RMI_SOFULL/api/v1/health.php
api/v1/internal/_internal_api_bootstrap.php,PASS,No syntax errors detected in /Users/qodir_rizqullah/Sites/ERP_RMI_SOFULL/api/v1/internal/_internal_api_bootstrap.php
api/v1/internal/bank_recon_summary.php,PASS,No syntax errors detected in /Users/qodir_rizqullah/Sites/ERP_RMI_SOFULL/api/v1/internal/bank_recon_summary.php
api/v1/internal/crm_lead_action.php,PASS,No syntax errors detected in /Users/qodir_rizqullah/Sites/ERP_RMI_SOFULL/api/v1/internal/crm_lead_action.php
api/v1/internal/crm_lead_detail.php,PASS,No syntax errors detected in /Users/qodir_rizqullah/Sites/ERP_RMI_SOFULL/api/v1/internal/crm_lead_detail.php
api/v1/internal/crm_leads_listing.php,PASS,No syntax errors detected in /Users/qodir_rizqullah/Sites/ERP_RMI_SOFULL/api/v1/internal/crm_leads_listing.php
api/v1/internal/crm_leads_summary.php,PASS,No syntax errors detected in /Users/qodir_rizqullah/Sites/ERP_RMI_SOFULL/api/v1/internal/crm_leads_summary.php
api/v1/internal/gl_enqueue_posting.php,PASS,No syntax errors detected in /Users/qodir_rizqullah/Sites/ERP_RMI_SOFULL/api/v1/internal/gl_enqueue_posting.php
api/v1/internal/gl_journal_listing.php,PASS,No syntax errors detected in /Users/qodir_rizqullah/Sites/ERP_RMI_SOFULL/api/v1/internal/gl_journal_listing.php
api/v1/internal/gl_ledger.php,PASS,No syntax errors detected in /Users/qodir_rizqullah/Sites/ERP_RMI_SOFULL/api/v1/internal/gl_ledger.php
api/v1/internal/gl_summary.php,PASS,No syntax errors detected in /Users/qodir_rizqullah/Sites/ERP_RMI_SOFULL/api/v1/internal/gl_summary.php
api/v1/internal/gl_trial_balance.php,PASS,No syntax errors detected in /Users/qodir_rizqullah/Sites/ERP_RMI_SOFULL/api/v1/internal/gl_trial_balance.php
api/v1/internal/sales_scm_geo_ping.php,PASS,No syntax errors detected in /Users/qodir_rizqullah/Sites/ERP_RMI_SOFULL/api/v1/internal/sales_scm_geo_ping.php
api/v1/internal/sales_tracking_sync.php,PASS,No syntax errors detected in /Users/qodir_rizqullah/Sites/ERP_RMI_SOFULL/api/v1/internal/sales_tracking_sync.php
api/v1/internal/tax_invoice_status.php,PASS,No syntax errors detected in /Users/qodir_rizqullah/Sites/ERP_RMI_SOFULL/api/v1/internal/tax_invoice_status.php
api/v1/mobile/_audit.php,PASS,No syntax errors detected in /Users/qodir_rizqullah/Sites/ERP_RMI_SOFULL/api/v1/mobile/_audit.php
api/v1/mobile/_auth_guard.php,PASS,No syntax errors detected in /Users/qodir_rizqullah/Sites/ERP_RMI_SOFULL/api/v1/mobile/_auth_guard.php
api/v1/mobile/_bootstrap.php,PASS,No syntax errors detected in /Users/qodir_rizqullah/Sites/ERP_RMI_SOFULL/api/v1/mobile/_bootstrap.php
api/v1/mobile/_idempotency.php,PASS,No syntax errors detected in /Users/qodir_rizqullah/Sites/ERP_RMI_SOFULL/api/v1/mobile/_idempotency.php
api/v1/mobile/_rate_limit.php,PASS,No syntax errors detected in /Users/qodir_rizqullah/Sites/ERP_RMI_SOFULL/api/v1/mobile/_rate_limit.php
api/v1/mobile/_response.php,PASS,No syntax errors detected in /Users/qodir_rizqullah/Sites/ERP_RMI_SOFULL/api/v1/mobile/_response.php
api/v1/mobile/_router.php,PASS,No syntax errors detected in /Users/qodir_rizqullah/Sites/ERP_RMI_SOFULL/api/v1/mobile/_router.php
api/v1/mobile/auth/login.php,PASS,No syntax errors detected in /Users/qodir_rizqullah/Sites/ERP_RMI_SOFULL/api/v1/mobile/auth/login.php
api/v1/mobile/auth/logout.php,PASS,No syntax errors detected in /Users/qodir_rizqullah/Sites/ERP_RMI_SOFULL/api/v1/mobile/auth/logout.php
api/v1/mobile/auth/me.php,PASS,No syntax errors detected in /Users/qodir_rizqullah/Sites/ERP_RMI_SOFULL/api/v1/mobile/auth/me.php
api/v1/mobile/auth/refresh.php,PASS,No syntax errors detected in /Users/qodir_rizqullah/Sites/ERP_RMI_SOFULL/api/v1/mobile/auth/refresh.php
api/v1/mobile/chat/attachment_download.php,PASS,No syntax errors detected in /Users/qodir_rizqullah/Sites/ERP_RMI_SOFULL/api/v1/mobile/chat/attachment_download.php
api/v1/mobile/chat/attachment_preview.php,PASS,No syntax errors detected in /Users/qodir_rizqullah/Sites/ERP_RMI_SOFULL/api/v1/mobile/chat/attachment_preview.php
api/v1/mobile/chat/attachment_upload.php,PASS,No syntax errors detected in /Users/qodir_rizqullah/Sites/ERP_RMI_SOFULL/api/v1/mobile/chat/attachment_upload.php
api/v1/mobile/chat/channels.php,PASS,No syntax errors detected in /Users/qodir_rizqullah/Sites/ERP_RMI_SOFULL/api/v1/mobile/chat/channels.php
api/v1/mobile/chat/mark_all_read.php,PASS,No syntax errors detected in /Users/qodir_rizqullah/Sites/ERP_RMI_SOFULL/api/v1/mobile/chat/mark_all_read.php
api/v1/mobile/chat/messages.php,PASS,No syntax errors detected in /Users/qodir_rizqullah/Sites/ERP_RMI_SOFULL/api/v1/mobile/chat/messages.php
api/v1/mobile/chat/mute.php,PASS,No syntax errors detected in /Users/qodir_rizqullah/Sites/ERP_RMI_SOFULL/api/v1/mobile/chat/mute.php
api/v1/mobile/chat/presence.php,PASS,No syntax errors detected in /Users/qodir_rizqullah/Sites/ERP_RMI_SOFULL/api/v1/mobile/chat/presence.php
api/v1/mobile/chat/presence/ping.php,PASS,No syntax errors detected in /Users/qodir_rizqullah/Sites/ERP_RMI_SOFULL/api/v1/mobile/chat/presence/ping.php
api/v1/mobile/chat/presence_get.php,PASS,No syntax errors detected in /Users/qodir_rizqullah/Sites/ERP_RMI_SOFULL/api/v1/mobile/chat/presence_get.php
api/v1/mobile/chat/presence_ping.php,PASS,No syntax errors detected in /Users/qodir_rizqullah/Sites/ERP_RMI_SOFULL/api/v1/mobile/chat/presence_ping.php
api/v1/mobile/chat/read.php,PASS,No syntax errors detected in /Users/qodir_rizqullah/Sites/ERP_RMI_SOFULL/api/v1/mobile/chat/read.php
api/v1/mobile/chat/search.php,PASS,No syntax errors detected in /Users/qodir_rizqullah/Sites/ERP_RMI_SOFULL/api/v1/mobile/chat/search.php
api/v1/mobile/chat/send.php,PASS,No syntax errors detected in /Users/qodir_rizqullah/Sites/ERP_RMI_SOFULL/api/v1/mobile/chat/send.php
api/v1/mobile/chat/unmute.php,PASS,No syntax errors detected in /Users/qodir_rizqullah/Sites/ERP_RMI_SOFULL/api/v1/mobile/chat/unmute.php
api/v1/mobile/dashboard/get.php,PASS,No syntax errors detected in /Users/qodir_rizqullah/Sites/ERP_RMI_SOFULL/api/v1/mobile/dashboard/get.php
api/v1/mobile/master/customers.php,PASS,No syntax errors detected in /Users/qodir_rizqullah/Sites/ERP_RMI_SOFULL/api/v1/mobile/master/customers.php
api/v1/mobile/master/products.php,PASS,No syntax errors detected in /Users/qodir_rizqullah/Sites/ERP_RMI_SOFULL/api/v1/mobile/master/products.php
api/v1/mobile/master/vendors.php,PASS,No syntax errors detected in /Users/qodir_rizqullah/Sites/ERP_RMI_SOFULL/api/v1/mobile/master/vendors.php
api/v1/mobile/notifications/list.php,PASS,No syntax errors detected in /Users/qodir_rizqullah/Sites/ERP_RMI_SOFULL/api/v1/mobile/notifications/list.php
api/v1/mobile/notifications/mark_read.php,PASS,No syntax errors detected in /Users/qodir_rizqullah/Sites/ERP_RMI_SOFULL/api/v1/mobile/notifications/mark_read.php
api/v1/mobile/notifications/register_token.php,PASS,No syntax errors detected in /Users/qodir_rizqullah/Sites/ERP_RMI_SOFULL/api/v1/mobile/notifications/register_token.php
api/v1/mobile/purchases/ap_invoice_create.php,PASS,No syntax errors detected in /Users/qodir_rizqullah/Sites/ERP_RMI_SOFULL/api/v1/mobile/purchases/ap_invoice_create.php
api/v1/mobile/purchases/ap_invoice_list.php,PASS,No syntax errors detected in /Users/qodir_rizqullah/Sites/ERP_RMI_SOFULL/api/v1/mobile/purchases/ap_invoice_list.php
api/v1/mobile/purchases/ap_payment_create.php,PASS,No syntax errors detected in /Users/qodir_rizqullah/Sites/ERP_RMI_SOFULL/api/v1/mobile/purchases/ap_payment_create.php
api/v1/mobile/purchases/ap_payment_list.php,PASS,No syntax errors detected in /Users/qodir_rizqullah/Sites/ERP_RMI_SOFULL/api/v1/mobile/purchases/ap_payment_list.php
api/v1/mobile/purchases/po_create.php,PASS,No syntax errors detected in /Users/qodir_rizqullah/Sites/ERP_RMI_SOFULL/api/v1/mobile/purchases/po_create.php
api/v1/mobile/purchases/po_detail.php,PASS,No syntax errors detected in /Users/qodir_rizqullah/Sites/ERP_RMI_SOFULL/api/v1/mobile/purchases/po_detail.php
api/v1/mobile/purchases/po_list.php,PASS,No syntax errors detected in /Users/qodir_rizqullah/Sites/ERP_RMI_SOFULL/api/v1/mobile/purchases/po_list.php
api/v1/mobile/purchases/pr_create.php,PASS,No syntax errors detected in /Users/qodir_rizqullah/Sites/ERP_RMI_SOFULL/api/v1/mobile/purchases/pr_create.php
api/v1/mobile/purchases/pr_list.php,PASS,No syntax errors detected in /Users/qodir_rizqullah/Sites/ERP_RMI_SOFULL/api/v1/mobile/purchases/pr_list.php
api/v1/mobile/sales/do_action.php,PASS,No syntax errors detected in /Users/qodir_rizqullah/Sites/ERP_RMI_SOFULL/api/v1/mobile/sales/do_action.php
api/v1/mobile/sales/do_detail.php,PASS,No syntax errors detected in /Users/qodir_rizqullah/Sites/ERP_RMI_SOFULL/api/v1/mobile/sales/do_detail.php
api/v1/mobile/sales/do_list.php,PASS,No syntax errors detected in /Users/qodir_rizqullah/Sites/ERP_RMI_SOFULL/api/v1/mobile/sales/do_list.php
api/v1/mobile/stock/adjustment_approve.php,PASS,No syntax errors detected in /Users/qodir_rizqullah/Sites/ERP_RMI_SOFULL/api/v1/mobile/stock/adjustment_approve.php
api/v1/mobile/stock/adjustment_create.php,PASS,No syntax errors detected in /Users/qodir_rizqullah/Sites/ERP_RMI_SOFULL/api/v1/mobile/stock/adjustment_create.php
api/v1/mobile/stock/audit.php,PASS,No syntax errors detected in /Users/qodir_rizqullah/Sites/ERP_RMI_SOFULL/api/v1/mobile/stock/audit.php
api/v1/mobile/stock/incoming_list.php,PASS,No syntax errors detected in /Users/qodir_rizqullah/Sites/ERP_RMI_SOFULL/api/v1/mobile/stock/incoming_list.php
api/v1/mobile/stock/incoming_receive.php,PASS,No syntax errors detected in /Users/qodir_rizqullah/Sites/ERP_RMI_SOFULL/api/v1/mobile/stock/incoming_receive.php
api/v1/mobile/stock/items.php,PASS,No syntax errors detected in /Users/qodir_rizqullah/Sites/ERP_RMI_SOFULL/api/v1/mobile/stock/items.php
api/v1/mobile/tasks/my.php,PASS,No syntax errors detected in /Users/qodir_rizqullah/Sites/ERP_RMI_SOFULL/api/v1/mobile/tasks/my.php
app/Accounting/BankReconService.php,PASS,No syntax errors detected in /Users/qodir_rizqullah/Sites/ERP_RMI_SOFULL/app/Accounting/BankReconService.php
app/Accounting/GLPostingService.php,PASS,No syntax errors detected in /Users/qodir_rizqullah/Sites/ERP_RMI_SOFULL/app/Accounting/GLPostingService.php
app/Accounting/GLReportService.php,PASS,No syntax errors detected in /Users/qodir_rizqullah/Sites/ERP_RMI_SOFULL/app/Accounting/GLReportService.php
app/Accounting/TaxInvoiceService.php,PASS,No syntax errors detected in /Users/qodir_rizqullah/Sites/ERP_RMI_SOFULL/app/Accounting/TaxInvoiceService.php
app/Accounting/ThreeWayMatchValidator.php,PASS,No syntax errors detected in /Users/qodir_rizqullah/Sites/ERP_RMI_SOFULL/app/Accounting/ThreeWayMatchValidator.php
app/Api/ApiResponse.php,PASS,No syntax errors detected in /Users/qodir_rizqullah/Sites/ERP_RMI_SOFULL/app/Api/ApiResponse.php
app/Bootstrap/AppBootstrap.php,PASS,No syntax errors detected in /Users/qodir_rizqullah/Sites/ERP_RMI_SOFULL/app/Bootstrap/AppBootstrap.php
app/Bootstrap/app_root.php,PASS,No syntax errors detected in /Users/qodir_rizqullah/Sites/ERP_RMI_SOFULL/app/Bootstrap/app_root.php
app/Bootstrap/legacy_entry.php,PASS,No syntax errors detected in /Users/qodir_rizqullah/Sites/ERP_RMI_SOFULL/app/Bootstrap/legacy_entry.php
app/CRM/LeadDedupeService.php,PASS,No syntax errors detected in /Users/qodir_rizqullah/Sites/ERP_RMI_SOFULL/app/CRM/LeadDedupeService.php
app/Controllers/Api/V1/ChatApiController.php,PASS,No syntax errors detected in /Users/qodir_rizqullah/Sites/ERP_RMI_SOFULL/app/Controllers/Api/V1/ChatApiController.php
app/Controllers/ChatController.php,PASS,No syntax errors detected in /Users/qodir_rizqullah/Sites/ERP_RMI_SOFULL/app/Controllers/ChatController.php
app/Dashboard/DashboardDetailService.php,PASS,No syntax errors detected in /Users/qodir_rizqullah/Sites/ERP_RMI_SOFULL/app/Dashboard/DashboardDetailService.php
app/Modules/Chat/Module.php,PASS,No syntax errors detected in /Users/qodir_rizqullah/Sites/ERP_RMI_SOFULL/app/Modules/Chat/Module.php
app/Security/LoginThrottle.php,PASS,No syntax errors detected in /Users/qodir_rizqullah/Sites/ERP_RMI_SOFULL/app/Security/LoginThrottle.php
app/Security/MFABypassService.php,PASS,No syntax errors detected in /Users/qodir_rizqullah/Sites/ERP_RMI_SOFULL/app/Security/MFABypassService.php
app/Security/MFAPolicyService.php,PASS,No syntax errors detected in /Users/qodir_rizqullah/Sites/ERP_RMI_SOFULL/app/Security/MFAPolicyService.php
app/Security/RateLimiterService.php,PASS,No syntax errors detected in /Users/qodir_rizqullah/Sites/ERP_RMI_SOFULL/app/Security/RateLimiterService.php
app/Security/SecurityHeaders.php,PASS,No syntax errors detected in /Users/qodir_rizqullah/Sites/ERP_RMI_SOFULL/app/Security/SecurityHeaders.php
app/Security/TotpService.php,PASS,No syntax errors detected in /Users/qodir_rizqullah/Sites/ERP_RMI_SOFULL/app/Security/TotpService.php
app/Services/ChatAttachmentService.php,PASS,No syntax errors detected in /Users/qodir_rizqullah/Sites/ERP_RMI_SOFULL/app/Services/ChatAttachmentService.php
app/Services/ChatMentionService.php,PASS,No syntax errors detected in /Users/qodir_rizqullah/Sites/ERP_RMI_SOFULL/app/Services/ChatMentionService.php
app/Services/ChatService.php,PASS,No syntax errors detected in /Users/qodir_rizqullah/Sites/ERP_RMI_SOFULL/app/Services/ChatService.php
app/Services/SalesTrackingService.php,PASS,No syntax errors detected in /Users/qodir_rizqullah/Sites/ERP_RMI_SOFULL/app/Services/SalesTrackingService.php
app/Support/AppLogger.php,PASS,No syntax errors detected in /Users/qodir_rizqullah/Sites/ERP_RMI_SOFULL/app/Support/AppLogger.php
app/Support/RequestContext.php,PASS,No syntax errors detected in /Users/qodir_rizqullah/Sites/ERP_RMI_SOFULL/app/Support/RequestContext.php
app/Support/path_mask.php,PASS,No syntax errors detected in /Users/qodir_rizqullah/Sites/ERP_RMI_SOFULL/app/Support/path_mask.php
app/Workers/ChatRetentionWorker.php,PASS,No syntax errors detected in /Users/qodir_rizqullah/Sites/ERP_RMI_SOFULL/app/Workers/ChatRetentionWorker.php
bin/kpi_snapshot_generate.php,PASS,No syntax errors detected in /Users/qodir_rizqullah/Sites/ERP_RMI_SOFULL/bin/kpi_snapshot_generate.php
bin/readiness_preflight.php,PASS,No syntax errors detected in /Users/qodir_rizqullah/Sites/ERP_RMI_SOFULL/bin/readiness_preflight.php
bin/worker.php,PASS,No syntax errors detected in /Users/qodir_rizqullah/Sites/ERP_RMI_SOFULL/bin/worker.php
bootstrap.php,PASS,No syntax errors detected in /Users/qodir_rizqullah/Sites/ERP_RMI_SOFULL/bootstrap.php
chat/_chat_bootstrap.php,PASS,No syntax errors detected in /Users/qodir_rizqullah/Sites/ERP_RMI_SOFULL/chat/_chat_bootstrap.php
chat/admin/audit.php,PASS,No syntax errors detected in /Users/qodir_rizqullah/Sites/ERP_RMI_SOFULL/chat/admin/audit.php
chat/admin/channels.php,PASS,No syntax errors detected in /Users/qodir_rizqullah/Sites/ERP_RMI_SOFULL/chat/admin/channels.php
chat/admin_audit.php,PASS,No syntax errors detected in /Users/qodir_rizqullah/Sites/ERP_RMI_SOFULL/chat/admin_audit.php
chat/admin_channels.php,PASS,No syntax errors detected in /Users/qodir_rizqullah/Sites/ERP_RMI_SOFULL/chat/admin_channels.php
chat/admin_exports.php,PASS,No syntax errors detected in /Users/qodir_rizqullah/Sites/ERP_RMI_SOFULL/chat/admin_exports.php
chat/admin_settings.php,PASS,No syntax errors detected in /Users/qodir_rizqullah/Sites/ERP_RMI_SOFULL/chat/admin_settings.php
chat/index.php,PASS,No syntax errors detected in /Users/qodir_rizqullah/Sites/ERP_RMI_SOFULL/chat/index.php
chat/views/index.php,PASS,No syntax errors detected in /Users/qodir_rizqullah/Sites/ERP_RMI_SOFULL/chat/views/index.php
config.php,PASS,No syntax errors detected in /Users/qodir_rizqullah/Sites/ERP_RMI_SOFULL/config.php
dashboards/_bootstrap.php,PASS,No syntax errors detected in /Users/qodir_rizqullah/Sites/ERP_RMI_SOFULL/dashboards/_bootstrap.php
dashboards/_dashboard_bootstrap.php,PASS,No syntax errors detected in /Users/qodir_rizqullah/Sites/ERP_RMI_SOFULL/dashboards/_dashboard_bootstrap.php
dashboards/_health.php,PASS,No syntax errors detected in /Users/qodir_rizqullah/Sites/ERP_RMI_SOFULL/dashboards/_health.php
dashboards/_manager_scope.php,PASS,No syntax errors detected in /Users/qodir_rizqullah/Sites/ERP_RMI_SOFULL/dashboards/_manager_scope.php
dashboards/dashboard_center.php,PASS,No syntax errors detected in /Users/qodir_rizqullah/Sites/ERP_RMI_SOFULL/dashboards/dashboard_center.php
dashboards/finance/ar_ap_cash_dashboard.php,PASS,No syntax errors detected in /Users/qodir_rizqullah/Sites/ERP_RMI_SOFULL/dashboards/finance/ar_ap_cash_dashboard.php
dashboards/finance/dashboard_detail.php,PASS,No syntax errors detected in /Users/qodir_rizqullah/Sites/ERP_RMI_SOFULL/dashboards/finance/dashboard_detail.php
dashboards/index.php,PASS,No syntax errors detected in /Users/qodir_rizqullah/Sites/ERP_RMI_SOFULL/dashboards/index.php
dashboards/owner/exec_summary.php,PASS,No syntax errors detected in /Users/qodir_rizqullah/Sites/ERP_RMI_SOFULL/dashboards/owner/exec_summary.php
dashboards/procurement/import_po_dashboard.php,PASS,No syntax errors detected in /Users/qodir_rizqullah/Sites/ERP_RMI_SOFULL/dashboards/procurement/import_po_dashboard.php
dashboards/quality/qc_complaint_dashboard.php,PASS,No syntax errors detected in /Users/qodir_rizqullah/Sites/ERP_RMI_SOFULL/dashboards/quality/qc_complaint_dashboard.php
dashboards/regulatory/license_docs_dashboard.php,PASS,No syntax errors detected in /Users/qodir_rizqullah/Sites/ERP_RMI_SOFULL/dashboards/regulatory/license_docs_dashboard.php
dashboards/sales/sales_dashboard.php,PASS,No syntax errors detected in /Users/qodir_rizqullah/Sites/ERP_RMI_SOFULL/dashboards/sales/sales_dashboard.php
dashboards/warehouse/wqs_dashboard.php,PASS,No syntax errors detected in /Users/qodir_rizqullah/Sites/ERP_RMI_SOFULL/dashboards/warehouse/wqs_dashboard.php
db.php,PASS,No syntax errors detected in /Users/qodir_rizqullah/Sites/ERP_RMI_SOFULL/db.php
docs/help_center.php,PASS,No syntax errors detected in /Users/qodir_rizqullah/Sites/ERP_RMI_SOFULL/docs/help_center.php
helpers.php,PASS,No syntax errors detected in /Users/qodir_rizqullah/Sites/ERP_RMI_SOFULL/helpers.php
hrl/_inc/bootstrap.php,PASS,No syntax errors detected in /Users/qodir_rizqullah/Sites/ERP_RMI_SOFULL/hrl/_inc/bootstrap.php
hrl/_inc/schema.php,PASS,No syntax errors detected in /Users/qodir_rizqullah/Sites/ERP_RMI_SOFULL/hrl/_inc/schema.php
hrl/_layout_bottom.php,PASS,No syntax errors detected in /Users/qodir_rizqullah/Sites/ERP_RMI_SOFULL/hrl/_layout_bottom.php
hrl/_layout_top.php,PASS,No syntax errors detected in /Users/qodir_rizqullah/Sites/ERP_RMI_SOFULL/hrl/_layout_top.php
hrl/hrl_ack_report.php,PASS,No syntax errors detected in /Users/qodir_rizqullah/Sites/ERP_RMI_SOFULL/hrl/hrl_ack_report.php
hrl/hrl_doc_download.php,PASS,No syntax errors detected in /Users/qodir_rizqullah/Sites/ERP_RMI_SOFULL/hrl/hrl_doc_download.php
hrl/hrl_doc_view.php,PASS,No syntax errors detected in /Users/qodir_rizqullah/Sites/ERP_RMI_SOFULL/hrl/hrl_doc_view.php
hrl/hrl_docs.php,PASS,No syntax errors detected in /Users/qodir_rizqullah/Sites/ERP_RMI_SOFULL/hrl/hrl_docs.php
hrl/hrl_tower.php,PASS,No syntax errors detected in /Users/qodir_rizqullah/Sites/ERP_RMI_SOFULL/hrl/hrl_tower.php
hrl/index.php,PASS,No syntax errors detected in /Users/qodir_rizqullah/Sites/ERP_RMI_SOFULL/hrl/index.php
hrl_process/_inc/bootstrap.php,PASS,No syntax errors detected in /Users/qodir_rizqullah/Sites/ERP_RMI_SOFULL/hrl_process/_inc/bootstrap.php
hrl_process/_inc/schema.php,PASS,No syntax errors detected in /Users/qodir_rizqullah/Sites/ERP_RMI_SOFULL/hrl_process/_inc/schema.php
hrl_process/_layout_bottom.php,PASS,No syntax errors detected in /Users/qodir_rizqullah/Sites/ERP_RMI_SOFULL/hrl_process/_layout_bottom.php
hrl_process/_layout_top.php,PASS,No syntax errors detected in /Users/qodir_rizqullah/Sites/ERP_RMI_SOFULL/hrl_process/_layout_top.php
hrl_process/download.php,PASS,No syntax errors detected in /Users/qodir_rizqullah/Sites/ERP_RMI_SOFULL/hrl_process/download.php
hrl_process/index.php,PASS,No syntax errors detected in /Users/qodir_rizqullah/Sites/ERP_RMI_SOFULL/hrl_process/index.php
hrl_process/my_pin.php,PASS,No syntax errors detected in /Users/qodir_rizqullah/Sites/ERP_RMI_SOFULL/hrl_process/my_pin.php
hrl_process/request_print.php,PASS,No syntax errors detected in /Users/qodir_rizqullah/Sites/ERP_RMI_SOFULL/hrl_process/request_print.php
hrl_process/request_view.php,PASS,No syntax errors detected in /Users/qodir_rizqullah/Sites/ERP_RMI_SOFULL/hrl_process/request_view.php
hrl_process/tower.php,PASS,No syntax errors detected in /Users/qodir_rizqullah/Sites/ERP_RMI_SOFULL/hrl_process/tower.php
hrl_reg_alkes/index.php,PASS,No syntax errors detected in /Users/qodir_rizqullah/Sites/ERP_RMI_SOFULL/hrl_reg_alkes/index.php
hrl_reg_alkes/reg_alkes.php,PASS,No syntax errors detected in /Users/qodir_rizqullah/Sites/ERP_RMI_SOFULL/hrl_reg_alkes/reg_alkes.php
hrl_reg_alkes/reg_alkes_case.php,PASS,No syntax errors detected in /Users/qodir_rizqullah/Sites/ERP_RMI_SOFULL/hrl_reg_alkes/reg_alkes_case.php
hrl_reg_alkes/reg_alkes_control_tower.php,PASS,No syntax errors detected in /Users/qodir_rizqullah/Sites/ERP_RMI_SOFULL/hrl_reg_alkes/reg_alkes_control_tower.php
hrl_reg_alkes/reg_alkes_sku_by_nie.php,PASS,No syntax errors detected in /Users/qodir_rizqullah/Sites/ERP_RMI_SOFULL/hrl_reg_alkes/reg_alkes_sku_by_nie.php
index.php,PASS,No syntax errors detected in /Users/qodir_rizqullah/Sites/ERP_RMI_SOFULL/index.php
kpi/_kpi_bootstrap.php,PASS,No syntax errors detected in /Users/qodir_rizqullah/Sites/ERP_RMI_SOFULL/kpi/_kpi_bootstrap.php
kpi/_kpi_metrics.php,PASS,No syntax errors detected in /Users/qodir_rizqullah/Sites/ERP_RMI_SOFULL/kpi/_kpi_metrics.php
kpi/_kpi_policy.php,PASS,No syntax errors detected in /Users/qodir_rizqullah/Sites/ERP_RMI_SOFULL/kpi/_kpi_policy.php
kpi/index.php,PASS,No syntax errors detected in /Users/qodir_rizqullah/Sites/ERP_RMI_SOFULL/kpi/index.php
kpi/kpi_audit.php,PASS,No syntax errors detected in /Users/qodir_rizqullah/Sites/ERP_RMI_SOFULL/kpi/kpi_audit.php
kpi/kpi_center.php,PASS,No syntax errors detected in /Users/qodir_rizqullah/Sites/ERP_RMI_SOFULL/kpi/kpi_center.php
kpi/kpi_dashboard_daily.php,PASS,No syntax errors detected in /Users/qodir_rizqullah/Sites/ERP_RMI_SOFULL/kpi/kpi_dashboard_daily.php
kpi/kpi_dashboard_monthly.php,PASS,No syntax errors detected in /Users/qodir_rizqullah/Sites/ERP_RMI_SOFULL/kpi/kpi_dashboard_monthly.php
kpi/kpi_do_audit.php,PASS,No syntax errors detected in /Users/qodir_rizqullah/Sites/ERP_RMI_SOFULL/kpi/kpi_do_audit.php
kpi/kpi_do_sla.php,PASS,No syntax errors detected in /Users/qodir_rizqullah/Sites/ERP_RMI_SOFULL/kpi/kpi_do_sla.php
kpi/kpi_employee.php,PASS,No syntax errors detected in /Users/qodir_rizqullah/Sites/ERP_RMI_SOFULL/kpi/kpi_employee.php
kpi/kpi_lib.php,PASS,No syntax errors detected in /Users/qodir_rizqullah/Sites/ERP_RMI_SOFULL/kpi/kpi_lib.php
kpi/kpi_office.php,PASS,No syntax errors detected in /Users/qodir_rizqullah/Sites/ERP_RMI_SOFULL/kpi/kpi_office.php
kpi/kpi_purchases.php,PASS,No syntax errors detected in /Users/qodir_rizqullah/Sites/ERP_RMI_SOFULL/kpi/kpi_purchases.php
kpi/kpi_snapshot.php,PASS,No syntax errors detected in /Users/qodir_rizqullah/Sites/ERP_RMI_SOFULL/kpi/kpi_snapshot.php
kpi/kpi_stock.php,PASS,No syntax errors detected in /Users/qodir_rizqullah/Sites/ERP_RMI_SOFULL/kpi/kpi_stock.php
kpi/kpi_sync.php,PASS,No syntax errors detected in /Users/qodir_rizqullah/Sites/ERP_RMI_SOFULL/kpi/kpi_sync.php
master/_audit_helper.php,PASS,No syntax errors detected in /Users/qodir_rizqullah/Sites/ERP_RMI_SOFULL/master/_audit_helper.php
master/_guard.php,PASS,No syntax errors detected in /Users/qodir_rizqullah/Sites/ERP_RMI_SOFULL/master/_guard.php
master/_import_tools.php,PASS,No syntax errors detected in /Users/qodir_rizqullah/Sites/ERP_RMI_SOFULL/master/_import_tools.php
master/account_readiness.php,PASS,No syntax errors detected in /Users/qodir_rizqullah/Sites/ERP_RMI_SOFULL/master/account_readiness.php
master/auth.php,PASS,No syntax errors detected in /Users/qodir_rizqullah/Sites/ERP_RMI_SOFULL/master/auth.php
master/company_bank_accounts.php,PASS,No syntax errors detected in /Users/qodir_rizqullah/Sites/ERP_RMI_SOFULL/master/company_bank_accounts.php
master/import_rekening_final.php,PASS,No syntax errors detected in /Users/qodir_rizqullah/Sites/ERP_RMI_SOFULL/master/import_rekening_final.php
master/index.php,PASS,No syntax errors detected in /Users/qodir_rizqullah/Sites/ERP_RMI_SOFULL/master/index.php
master/itc_reset_password.php,PASS,No syntax errors detected in /Users/qodir_rizqullah/Sites/ERP_RMI_SOFULL/master/itc_reset_password.php
master/jobs_monitor.php,PASS,No syntax errors detected in /Users/qodir_rizqullah/Sites/ERP_RMI_SOFULL/master/jobs_monitor.php
master/login.php,PASS,No syntax errors detected in /Users/qodir_rizqullah/Sites/ERP_RMI_SOFULL/master/login.php
master/logout.php,PASS,No syntax errors detected in /Users/qodir_rizqullah/Sites/ERP_RMI_SOFULL/master/logout.php
master/manufactures_docs.php,PASS,No syntax errors detected in /Users/qodir_rizqullah/Sites/ERP_RMI_SOFULL/master/manufactures_docs.php
master/master_customers.php,PASS,No syntax errors detected in /Users/qodir_rizqullah/Sites/ERP_RMI_SOFULL/master/master_customers.php
master/master_data.php,PASS,No syntax errors detected in /Users/qodir_rizqullah/Sites/ERP_RMI_SOFULL/master/master_data.php
master/master_departements.php,PASS,No syntax errors detected in /Users/qodir_rizqullah/Sites/ERP_RMI_SOFULL/master/master_departements.php
master/master_departments.php,PASS,No syntax errors detected in /Users/qodir_rizqullah/Sites/ERP_RMI_SOFULL/master/master_departments.php
master/master_emailcompany.php,PASS,No syntax errors detected in /Users/qodir_rizqullah/Sites/ERP_RMI_SOFULL/master/master_emailcompany.php
master/master_employees.php,PASS,No syntax errors detected in /Users/qodir_rizqullah/Sites/ERP_RMI_SOFULL/master/master_employees.php
master/master_export_customers.php,PASS,No syntax errors detected in /Users/qodir_rizqullah/Sites/ERP_RMI_SOFULL/master/master_export_customers.php
master/master_import_customers.php,PASS,No syntax errors detected in /Users/qodir_rizqullah/Sites/ERP_RMI_SOFULL/master/master_import_customers.php
master/master_import_products.php,PASS,No syntax errors detected in /Users/qodir_rizqullah/Sites/ERP_RMI_SOFULL/master/master_import_products.php
master/master_import_vendors.php,PASS,No syntax errors detected in /Users/qodir_rizqullah/Sites/ERP_RMI_SOFULL/master/master_import_vendors.php
master/master_manufactures.php,PASS,No syntax errors detected in /Users/qodir_rizqullah/Sites/ERP_RMI_SOFULL/master/master_manufactures.php
master/master_office.php,PASS,No syntax errors detected in /Users/qodir_rizqullah/Sites/ERP_RMI_SOFULL/master/master_office.php
master/master_payment_terms.php,PASS,No syntax errors detected in /Users/qodir_rizqullah/Sites/ERP_RMI_SOFULL/master/master_payment_terms.php
master/master_pricelist.php,PASS,No syntax errors detected in /Users/qodir_rizqullah/Sites/ERP_RMI_SOFULL/master/master_pricelist.php
master/master_pricelist_sell.php,PASS,No syntax errors detected in /Users/qodir_rizqullah/Sites/ERP_RMI_SOFULL/master/master_pricelist_sell.php
master/master_products.php,PASS,No syntax errors detected in /Users/qodir_rizqullah/Sites/ERP_RMI_SOFULL/master/master_products.php
master/master_products_doc.php,PASS,No syntax errors detected in /Users/qodir_rizqullah/Sites/ERP_RMI_SOFULL/master/master_products_doc.php
master/master_products_package.php,PASS,No syntax errors detected in /Users/qodir_rizqullah/Sites/ERP_RMI_SOFULL/master/master_products_package.php
master/master_products_print.php,PASS,No syntax errors detected in /Users/qodir_rizqullah/Sites/ERP_RMI_SOFULL/master/master_products_print.php
master/master_system_config.php,PASS,No syntax errors detected in /Users/qodir_rizqullah/Sites/ERP_RMI_SOFULL/master/master_system_config.php
master/master_system_login.php,PASS,No syntax errors detected in /Users/qodir_rizqullah/Sites/ERP_RMI_SOFULL/master/master_system_login.php
master/master_tax.php,PASS,No syntax errors detected in /Users/qodir_rizqullah/Sites/ERP_RMI_SOFULL/master/master_tax.php
master/master_user.php,PASS,No syntax errors detected in /Users/qodir_rizqullah/Sites/ERP_RMI_SOFULL/master/master_user.php
master/master_vendors.php,PASS,No syntax errors detected in /Users/qodir_rizqullah/Sites/ERP_RMI_SOFULL/master/master_vendors.php
master/mfa_bypass.php,PASS,No syntax errors detected in /Users/qodir_rizqullah/Sites/ERP_RMI_SOFULL/master/mfa_bypass.php
master/mfa_policy.php,PASS,No syntax errors detected in /Users/qodir_rizqullah/Sites/ERP_RMI_SOFULL/master/mfa_policy.php
master/mfa_settings.php,PASS,No syntax errors detected in /Users/qodir_rizqullah/Sites/ERP_RMI_SOFULL/master/mfa_settings.php
master/mfa_verify.php,PASS,No syntax errors detected in /Users/qodir_rizqullah/Sites/ERP_RMI_SOFULL/master/mfa_verify.php
master/products_doc.php,PASS,No syntax errors detected in /Users/qodir_rizqullah/Sites/ERP_RMI_SOFULL/master/products_doc.php
master/products_media_view.php,PASS,No syntax errors detected in /Users/qodir_rizqullah/Sites/ERP_RMI_SOFULL/master/products_media_view.php
master/products_print.php,PASS,No syntax errors detected in /Users/qodir_rizqullah/Sites/ERP_RMI_SOFULL/master/products_print.php
master/rate_limit_policies.php,PASS,No syntax errors detected in /Users/qodir_rizqullah/Sites/ERP_RMI_SOFULL/master/rate_limit_policies.php
master/security.php,PASS,No syntax errors detected in /Users/qodir_rizqullah/Sites/ERP_RMI_SOFULL/master/security.php
master_product_resolver.php,PASS,No syntax errors detected in /Users/qodir_rizqullah/Sites/ERP_RMI_SOFULL/master_product_resolver.php
master_system_config.php,PASS,No syntax errors detected in /Users/qodir_rizqullah/Sites/ERP_RMI_SOFULL/master_system_config.php
mpr/_inc/bootstrap.php,PASS,No syntax errors detected in /Users/qodir_rizqullah/Sites/ERP_RMI_SOFULL/mpr/_inc/bootstrap.php
mpr/_inc/schema.php,PASS,No syntax errors detected in /Users/qodir_rizqullah/Sites/ERP_RMI_SOFULL/mpr/_inc/schema.php
mpr/_layout_bottom.php,PASS,No syntax errors detected in /Users/qodir_rizqullah/Sites/ERP_RMI_SOFULL/mpr/_layout_bottom.php
mpr/_layout_top.php,PASS,No syntax errors detected in /Users/qodir_rizqullah/Sites/ERP_RMI_SOFULL/mpr/_layout_top.php
mpr/index.php,PASS,No syntax errors detected in /Users/qodir_rizqullah/Sites/ERP_RMI_SOFULL/mpr/index.php
mpr/mpr_api_contacts.php,PASS,No syntax errors detected in /Users/qodir_rizqullah/Sites/ERP_RMI_SOFULL/mpr/mpr_api_contacts.php
mpr/mpr_budget_fin.php,PASS,No syntax errors detected in /Users/qodir_rizqullah/Sites/ERP_RMI_SOFULL/mpr/mpr_budget_fin.php
mpr/mpr_dashboard.php,PASS,No syntax errors detected in /Users/qodir_rizqullah/Sites/ERP_RMI_SOFULL/mpr/mpr_dashboard.php
mpr/mpr_ops_daily_fin.php,PASS,No syntax errors detected in /Users/qodir_rizqullah/Sites/ERP_RMI_SOFULL/mpr/mpr_ops_daily_fin.php
mpr/mpr_ops_daily_fin_detail.php,PASS,No syntax errors detected in /Users/qodir_rizqullah/Sites/ERP_RMI_SOFULL/mpr/mpr_ops_daily_fin_detail.php
mpr/mpr_ops_daily_fin_export.php,PASS,No syntax errors detected in /Users/qodir_rizqullah/Sites/ERP_RMI_SOFULL/mpr/mpr_ops_daily_fin_export.php
mpr/mpr_ops_daily_fin_pay.php,PASS,No syntax errors detected in /Users/qodir_rizqullah/Sites/ERP_RMI_SOFULL/mpr/mpr_ops_daily_fin_pay.php
mpr/mpr_plan_view.php,PASS,No syntax errors detected in /Users/qodir_rizqullah/Sites/ERP_RMI_SOFULL/mpr/mpr_plan_view.php
mpr/mpr_plans.php,PASS,No syntax errors detected in /Users/qodir_rizqullah/Sites/ERP_RMI_SOFULL/mpr/mpr_plans.php
payroll/_inc/bootstrap.php,PASS,No syntax errors detected in /Users/qodir_rizqullah/Sites/ERP_RMI_SOFULL/payroll/_inc/bootstrap.php
payroll/audit.php,PASS,No syntax errors detected in /Users/qodir_rizqullah/Sites/ERP_RMI_SOFULL/payroll/audit.php
payroll/index.php,PASS,No syntax errors detected in /Users/qodir_rizqullah/Sites/ERP_RMI_SOFULL/payroll/index.php
payroll/loans.php,PASS,No syntax errors detected in /Users/qodir_rizqullah/Sites/ERP_RMI_SOFULL/payroll/loans.php
payroll/payroll_run.php,PASS,No syntax errors detected in /Users/qodir_rizqullah/Sites/ERP_RMI_SOFULL/payroll/payroll_run.php
payroll/payroll_settings.php,PASS,No syntax errors detected in /Users/qodir_rizqullah/Sites/ERP_RMI_SOFULL/payroll/payroll_settings.php
payroll/payslip.php,PASS,No syntax errors detected in /Users/qodir_rizqullah/Sites/ERP_RMI_SOFULL/payroll/payslip.php
payroll/salary_matrix.php,PASS,No syntax errors detected in /Users/qodir_rizqullah/Sites/ERP_RMI_SOFULL/payroll/salary_matrix.php
purchases/_audit_helper.php,PASS,No syntax errors detected in /Users/qodir_rizqullah/Sites/ERP_RMI_SOFULL/purchases/_audit_helper.php
purchases/_purchases_bootstrap.php,PASS,No syntax errors detected in /Users/qodir_rizqullah/Sites/ERP_RMI_SOFULL/purchases/_purchases_bootstrap.php
purchases/_purchases_lib.php,PASS,No syntax errors detected in /Users/qodir_rizqullah/Sites/ERP_RMI_SOFULL/purchases/_purchases_lib.php
purchases/bank_recon.php,PASS,No syntax errors detected in /Users/qodir_rizqullah/Sites/ERP_RMI_SOFULL/purchases/bank_recon.php
purchases/fin_gl_auto.php,PASS,No syntax errors detected in /Users/qodir_rizqullah/Sites/ERP_RMI_SOFULL/purchases/fin_gl_auto.php
purchases/gl_reversal_approvals.php,PASS,No syntax errors detected in /Users/qodir_rizqullah/Sites/ERP_RMI_SOFULL/purchases/gl_reversal_approvals.php
purchases/index.php,PASS,No syntax errors detected in /Users/qodir_rizqullah/Sites/ERP_RMI_SOFULL/purchases/index.php
purchases/purchases_ceisa_pib.php,PASS,No syntax errors detected in /Users/qodir_rizqullah/Sites/ERP_RMI_SOFULL/purchases/purchases_ceisa_pib.php
purchases/purchases_ceisa_pib_view.php,PASS,No syntax errors detected in /Users/qodir_rizqullah/Sites/ERP_RMI_SOFULL/purchases/purchases_ceisa_pib_view.php
purchases/purchases_dashboard.php,PASS,No syntax errors detected in /Users/qodir_rizqullah/Sites/ERP_RMI_SOFULL/purchases/purchases_dashboard.php
purchases/purchases_forwarder_invoice.php,PASS,No syntax errors detected in /Users/qodir_rizqullah/Sites/ERP_RMI_SOFULL/purchases/purchases_forwarder_invoice.php
purchases/purchases_forwarder_payment.php,PASS,No syntax errors detected in /Users/qodir_rizqullah/Sites/ERP_RMI_SOFULL/purchases/purchases_forwarder_payment.php
purchases/purchases_forwarder_quotes.php,PASS,No syntax errors detected in /Users/qodir_rizqullah/Sites/ERP_RMI_SOFULL/purchases/purchases_forwarder_quotes.php
purchases/purchases_forwarding_tasks.php,PASS,No syntax errors detected in /Users/qodir_rizqullah/Sites/ERP_RMI_SOFULL/purchases/purchases_forwarding_tasks.php
purchases/purchases_gr.php,PASS,No syntax errors detected in /Users/qodir_rizqullah/Sites/ERP_RMI_SOFULL/purchases/purchases_gr.php
purchases/purchases_gr_load_items.php,PASS,No syntax errors detected in /Users/qodir_rizqullah/Sites/ERP_RMI_SOFULL/purchases/purchases_gr_load_items.php
purchases/purchases_import_control_tower.php,PASS,No syntax errors detected in /Users/qodir_rizqullah/Sites/ERP_RMI_SOFULL/purchases/purchases_import_control_tower.php
purchases/purchases_import_control_view.php,PASS,No syntax errors detected in /Users/qodir_rizqullah/Sites/ERP_RMI_SOFULL/purchases/purchases_import_control_view.php
purchases/purchases_invoice_ap.php,PASS,No syntax errors detected in /Users/qodir_rizqullah/Sites/ERP_RMI_SOFULL/purchases/purchases_invoice_ap.php
purchases/purchases_invoice_ap_edit.php,PASS,No syntax errors detected in /Users/qodir_rizqullah/Sites/ERP_RMI_SOFULL/purchases/purchases_invoice_ap_edit.php
purchases/purchases_payment_ap.php,PASS,No syntax errors detected in /Users/qodir_rizqullah/Sites/ERP_RMI_SOFULL/purchases/purchases_payment_ap.php
purchases/purchases_po.php,PASS,No syntax errors detected in /Users/qodir_rizqullah/Sites/ERP_RMI_SOFULL/purchases/purchases_po.php
purchases/purchases_po_print.php,PASS,No syntax errors detected in /Users/qodir_rizqullah/Sites/ERP_RMI_SOFULL/purchases/purchases_po_print.php
purchases/purchases_po_view.php,PASS,No syntax errors detected in /Users/qodir_rizqullah/Sites/ERP_RMI_SOFULL/purchases/purchases_po_view.php
purchases/purchases_pr_api.php,PASS,No syntax errors detected in /Users/qodir_rizqullah/Sites/ERP_RMI_SOFULL/purchases/purchases_pr_api.php
purchases/purchases_reports.php,PASS,No syntax errors detected in /Users/qodir_rizqullah/Sites/ERP_RMI_SOFULL/purchases/purchases_reports.php
purchases/stock_update_from_gr.php,PASS,No syntax errors detected in /Users/qodir_rizqullah/Sites/ERP_RMI_SOFULL/purchases/stock_update_from_gr.php
rbac/index.php,PASS,No syntax errors detected in /Users/qodir_rizqullah/Sites/ERP_RMI_SOFULL/rbac/index.php
rbac/v1_legacy.php,PASS,No syntax errors detected in /Users/qodir_rizqullah/Sites/ERP_RMI_SOFULL/rbac/v1_legacy.php
sales/_audit_helper.php,PASS,No syntax errors detected in /Users/qodir_rizqullah/Sites/ERP_RMI_SOFULL/sales/_audit_helper.php
sales/_crm_leads_bootstrap.php,PASS,No syntax errors detected in /Users/qodir_rizqullah/Sites/ERP_RMI_SOFULL/sales/_crm_leads_bootstrap.php
sales/act_do_tasks.php,PASS,No syntax errors detected in /Users/qodir_rizqullah/Sites/ERP_RMI_SOFULL/sales/act_do_tasks.php
sales/backfill_sales_do_audit_crm.php,PASS,No syntax errors detected in /Users/qodir_rizqullah/Sites/ERP_RMI_SOFULL/sales/backfill_sales_do_audit_crm.php
sales/backfill_sales_do_audit_stages.php,PASS,No syntax errors detected in /Users/qodir_rizqullah/Sites/ERP_RMI_SOFULL/sales/backfill_sales_do_audit_stages.php
sales/crm_lead_create.php,PASS,No syntax errors detected in /Users/qodir_rizqullah/Sites/ERP_RMI_SOFULL/sales/crm_lead_create.php
sales/crm_lead_edit.php,PASS,No syntax errors detected in /Users/qodir_rizqullah/Sites/ERP_RMI_SOFULL/sales/crm_lead_edit.php
sales/crm_lead_view.php,PASS,No syntax errors detected in /Users/qodir_rizqullah/Sites/ERP_RMI_SOFULL/sales/crm_lead_view.php
sales/crm_leads.php,PASS,No syntax errors detected in /Users/qodir_rizqullah/Sites/ERP_RMI_SOFULL/sales/crm_leads.php
sales/export_kpi_do_csv.php,PASS,No syntax errors detected in /Users/qodir_rizqullah/Sites/ERP_RMI_SOFULL/sales/export_kpi_do_csv.php
sales/fin_do_tasks.php,PASS,No syntax errors detected in /Users/qodir_rizqullah/Sites/ERP_RMI_SOFULL/sales/fin_do_tasks.php
sales/index.php,PASS,No syntax errors detected in /Users/qodir_rizqullah/Sites/ERP_RMI_SOFULL/sales/index.php
sales/kpi_do_audit.php,PASS,No syntax errors detected in /Users/qodir_rizqullah/Sites/ERP_RMI_SOFULL/sales/kpi_do_audit.php
sales/kpi_do_sla.php,PASS,No syntax errors detected in /Users/qodir_rizqullah/Sites/ERP_RMI_SOFULL/sales/kpi_do_sla.php
sales/sales_control_tower.php,PASS,No syntax errors detected in /Users/qodir_rizqullah/Sites/ERP_RMI_SOFULL/sales/sales_control_tower.php
sales/sales_dashboard.php,PASS,No syntax errors detected in /Users/qodir_rizqullah/Sites/ERP_RMI_SOFULL/sales/sales_dashboard.php
sales/sales_do.php,PASS,No syntax errors detected in /Users/qodir_rizqullah/Sites/ERP_RMI_SOFULL/sales/sales_do.php
sales/sales_do_print_cf.php,PASS,No syntax errors detected in /Users/qodir_rizqullah/Sites/ERP_RMI_SOFULL/sales/sales_do_print_cf.php
sales/sales_do_view.php,PASS,No syntax errors detected in /Users/qodir_rizqullah/Sites/ERP_RMI_SOFULL/sales/sales_do_view.php
sales/sales_order.php,PASS,No syntax errors detected in /Users/qodir_rizqullah/Sites/ERP_RMI_SOFULL/sales/sales_order.php
sales/scm_do_tasks.php,PASS,No syntax errors detected in /Users/qodir_rizqullah/Sites/ERP_RMI_SOFULL/sales/scm_do_tasks.php
sales/scm_tracker_mobile.php,PASS,No syntax errors detected in /Users/qodir_rizqullah/Sites/ERP_RMI_SOFULL/sales/scm_tracker_mobile.php
sales/scm_tracker_sop.php,PASS,No syntax errors detected in /Users/qodir_rizqullah/Sites/ERP_RMI_SOFULL/sales/scm_tracker_sop.php
sales/tax_invoices.php,PASS,No syntax errors detected in /Users/qodir_rizqullah/Sites/ERP_RMI_SOFULL/sales/tax_invoices.php
sales/tracking_public.php,PASS,No syntax errors detected in /Users/qodir_rizqullah/Sites/ERP_RMI_SOFULL/sales/tracking_public.php
sales/tracking_public_live.php,PASS,No syntax errors detected in /Users/qodir_rizqullah/Sites/ERP_RMI_SOFULL/sales/tracking_public_live.php
sales/wqs_do_tasks.php,PASS,No syntax errors detected in /Users/qodir_rizqullah/Sites/ERP_RMI_SOFULL/sales/wqs_do_tasks.php
stock/_audit_helper.php,PASS,No syntax errors detected in /Users/qodir_rizqullah/Sites/ERP_RMI_SOFULL/stock/_audit_helper.php
stock/_wqs_bootstrap.php,PASS,No syntax errors detected in /Users/qodir_rizqullah/Sites/ERP_RMI_SOFULL/stock/_wqs_bootstrap.php
stock/index.php,PASS,No syntax errors detected in /Users/qodir_rizqullah/Sites/ERP_RMI_SOFULL/stock/index.php
stock/wqs_allocation.php,PASS,No syntax errors detected in /Users/qodir_rizqullah/Sites/ERP_RMI_SOFULL/stock/wqs_allocation.php
stock/wqs_do_tasks.php,PASS,No syntax errors detected in /Users/qodir_rizqullah/Sites/ERP_RMI_SOFULL/stock/wqs_do_tasks.php
stock/wqs_incoming.php,PASS,No syntax errors detected in /Users/qodir_rizqullah/Sites/ERP_RMI_SOFULL/stock/wqs_incoming.php
stock/wqs_incoming_po_api.php,PASS,No syntax errors detected in /Users/qodir_rizqullah/Sites/ERP_RMI_SOFULL/stock/wqs_incoming_po_api.php
stock/wqs_incoming_view.php,PASS,No syntax errors detected in /Users/qodir_rizqullah/Sites/ERP_RMI_SOFULL/stock/wqs_incoming_view.php
stock/wqs_picking.php,PASS,No syntax errors detected in /Users/qodir_rizqullah/Sites/ERP_RMI_SOFULL/stock/wqs_picking.php
stock/wqs_picking_view.php,PASS,No syntax errors detected in /Users/qodir_rizqullah/Sites/ERP_RMI_SOFULL/stock/wqs_picking_view.php
stock/wqs_pr.php,PASS,No syntax errors detected in /Users/qodir_rizqullah/Sites/ERP_RMI_SOFULL/stock/wqs_pr.php
stock/wqs_pr_print.php,PASS,No syntax errors detected in /Users/qodir_rizqullah/Sites/ERP_RMI_SOFULL/stock/wqs_pr_print.php
stock/wqs_pr_view.php,PASS,No syntax errors detected in /Users/qodir_rizqullah/Sites/ERP_RMI_SOFULL/stock/wqs_pr_view.php
stock/wqs_stock.php,PASS,No syntax errors detected in /Users/qodir_rizqullah/Sites/ERP_RMI_SOFULL/stock/wqs_stock.php
stock/wqs_stock_adjustment.php,PASS,No syntax errors detected in /Users/qodir_rizqullah/Sites/ERP_RMI_SOFULL/stock/wqs_stock_adjustment.php
stock/wqs_stock_audit.php,PASS,No syntax errors detected in /Users/qodir_rizqullah/Sites/ERP_RMI_SOFULL/stock/wqs_stock_audit.php
tests/AuditActorTest.php,PASS,No syntax errors detected in /Users/qodir_rizqullah/Sites/ERP_RMI_SOFULL/tests/AuditActorTest.php
tests/BackupManifestTest.php,PASS,No syntax errors detected in /Users/qodir_rizqullah/Sites/ERP_RMI_SOFULL/tests/BackupManifestTest.php
tests/HealthEndpointTest.php,PASS,No syntax errors detected in /Users/qodir_rizqullah/Sites/ERP_RMI_SOFULL/tests/HealthEndpointTest.php
tests/UserLifecycleTest.php,PASS,No syntax errors detected in /Users/qodir_rizqullah/Sites/ERP_RMI_SOFULL/tests/UserLifecycleTest.php
tests/bootstrap.php,PASS,No syntax errors detected in /Users/qodir_rizqullah/Sites/ERP_RMI_SOFULL/tests/bootstrap.php
tests/run.php,PASS,No syntax errors detected in /Users/qodir_rizqullah/Sites/ERP_RMI_SOFULL/tests/run.php
tools/_lib/bootstrap.php,PASS,No syntax errors detected in /Users/qodir_rizqullah/Sites/ERP_RMI_SOFULL/tools/_lib/bootstrap.php
tools/_lib/tools_exec_helpers.php,PASS,No syntax errors detected in /Users/qodir_rizqullah/Sites/ERP_RMI_SOFULL/tools/_lib/tools_exec_helpers.php
tools/_lib/tools_runtime_config.php,PASS,No syntax errors detected in /Users/qodir_rizqullah/Sites/ERP_RMI_SOFULL/tools/_lib/tools_runtime_config.php
tools/_lib/tools_ui_helpers.php,PASS,No syntax errors detected in /Users/qodir_rizqullah/Sites/ERP_RMI_SOFULL/tools/_lib/tools_ui_helpers.php
tools/backup_manager.php,PASS,No syntax errors detected in /Users/qodir_rizqullah/Sites/ERP_RMI_SOFULL/tools/backup_manager.php
tools/backup_now.php,PASS,No syntax errors detected in /Users/qodir_rizqullah/Sites/ERP_RMI_SOFULL/tools/backup_now.php
tools/backup_retention.php,PASS,No syntax errors detected in /Users/qodir_rizqullah/Sites/ERP_RMI_SOFULL/tools/backup_retention.php
tools/backup_schedule.php,PASS,No syntax errors detected in /Users/qodir_rizqullah/Sites/ERP_RMI_SOFULL/tools/backup_schedule.php
tools/backup_verify.php,PASS,No syntax errors detected in /Users/qodir_rizqullah/Sites/ERP_RMI_SOFULL/tools/backup_verify.php
tools/change/rfc_list.php,PASS,No syntax errors detected in /Users/qodir_rizqullah/Sites/ERP_RMI_SOFULL/tools/change/rfc_list.php
tools/change/rfc_new.php,PASS,No syntax errors detected in /Users/qodir_rizqullah/Sites/ERP_RMI_SOFULL/tools/change/rfc_new.php
tools/change/rfc_view.php,PASS,No syntax errors detected in /Users/qodir_rizqullah/Sites/ERP_RMI_SOFULL/tools/change/rfc_view.php
tools/chat_retention_worker.php,PASS,No syntax errors detected in /Users/qodir_rizqullah/Sites/ERP_RMI_SOFULL/tools/chat_retention_worker.php
tools/chat_system_channels_sync.php,PASS,No syntax errors detected in /Users/qodir_rizqullah/Sites/ERP_RMI_SOFULL/tools/chat_system_channels_sync.php
tools/ci/kpi_improvement.php,PASS,No syntax errors detected in /Users/qodir_rizqullah/Sites/ERP_RMI_SOFULL/tools/ci/kpi_improvement.php
tools/ci/postmortem_list.php,PASS,No syntax errors detected in /Users/qodir_rizqullah/Sites/ERP_RMI_SOFULL/tools/ci/postmortem_list.php
tools/ci/postmortem_new.php,PASS,No syntax errors detected in /Users/qodir_rizqullah/Sites/ERP_RMI_SOFULL/tools/ci/postmortem_new.php
tools/compliance/evidence_export.php,PASS,No syntax errors detected in /Users/qodir_rizqullah/Sites/ERP_RMI_SOFULL/tools/compliance/evidence_export.php
tools/compliance/evidence_index.php,PASS,No syntax errors detected in /Users/qodir_rizqullah/Sites/ERP_RMI_SOFULL/tools/compliance/evidence_index.php
tools/compliance/handover_final_pack.php,PASS,No syntax errors detected in /Users/qodir_rizqullah/Sites/ERP_RMI_SOFULL/tools/compliance/handover_final_pack.php
tools/compliance/verify_evidence_pack.php,PASS,No syntax errors detected in /Users/qodir_rizqullah/Sites/ERP_RMI_SOFULL/tools/compliance/verify_evidence_pack.php
tools/compliance/verify_handover_final_pack.php,PASS,No syntax errors detected in /Users/qodir_rizqullah/Sites/ERP_RMI_SOFULL/tools/compliance/verify_handover_final_pack.php
tools/db_test.php,PASS,No syntax errors detected in /Users/qodir_rizqullah/Sites/ERP_RMI_SOFULL/tools/db_test.php
tools/dev/verify_includes.php,PASS,No syntax errors detected in /Users/qodir_rizqullah/Sites/ERP_RMI_SOFULL/tools/dev/verify_includes.php
tools/dev/verify_routes.php,PASS,No syntax errors detected in /Users/qodir_rizqullah/Sites/ERP_RMI_SOFULL/tools/dev/verify_routes.php
tools/dev/verify_sop_links.php,PASS,No syntax errors detected in /Users/qodir_rizqullah/Sites/ERP_RMI_SOFULL/tools/dev/verify_sop_links.php
tools/diag_boot.php,PASS,No syntax errors detected in /Users/qodir_rizqullah/Sites/ERP_RMI_SOFULL/tools/diag_boot.php
tools/diag_db.php,PASS,No syntax errors detected in /Users/qodir_rizqullah/Sites/ERP_RMI_SOFULL/tools/diag_db.php
tools/doctor/index.php,PASS,No syntax errors detected in /Users/qodir_rizqullah/Sites/ERP_RMI_SOFULL/tools/doctor/index.php
tools/doctor/run_doctor.php,PASS,No syntax errors detected in /Users/qodir_rizqullah/Sites/ERP_RMI_SOFULL/tools/doctor/run_doctor.php
tools/dr/backup_db.php,PASS,No syntax errors detected in /Users/qodir_rizqullah/Sites/ERP_RMI_SOFULL/tools/dr/backup_db.php
tools/dr/dr_log.php,PASS,No syntax errors detected in /Users/qodir_rizqullah/Sites/ERP_RMI_SOFULL/tools/dr/dr_log.php
tools/dr/restore_db.php,PASS,No syntax errors detected in /Users/qodir_rizqullah/Sites/ERP_RMI_SOFULL/tools/dr/restore_db.php
tools/enforce_h_guard.php,PASS,No syntax errors detected in /Users/qodir_rizqullah/Sites/ERP_RMI_SOFULL/tools/enforce_h_guard.php
tools/enforce_login_guards.php,PASS,No syntax errors detected in /Users/qodir_rizqullah/Sites/ERP_RMI_SOFULL/tools/enforce_login_guards.php
tools/enforce_upload_safety.php,PASS,No syntax errors detected in /Users/qodir_rizqullah/Sites/ERP_RMI_SOFULL/tools/enforce_upload_safety.php
tools/enterprise_audit.php,PASS,No syntax errors detected in /Users/qodir_rizqullah/Sites/ERP_RMI_SOFULL/tools/enterprise_audit.php
tools/hardening/auto_normalize_extended.php,PASS,No syntax errors detected in /Users/qodir_rizqullah/Sites/ERP_RMI_SOFULL/tools/hardening/auto_normalize_extended.php
tools/hardening/auto_normalize_extended_run.php,PASS,No syntax errors detected in /Users/qodir_rizqullah/Sites/ERP_RMI_SOFULL/tools/hardening/auto_normalize_extended_run.php
tools/hardening/build_p1_tools_guard_batch.php,PASS,No syntax errors detected in /Users/qodir_rizqullah/Sites/ERP_RMI_SOFULL/tools/hardening/build_p1_tools_guard_batch.php
tools/hardening/erp_hardening_triage_run.php,PASS,No syntax errors detected in /Users/qodir_rizqullah/Sites/ERP_RMI_SOFULL/tools/hardening/erp_hardening_triage_run.php
tools/hardening/erp_hardening_triage_web.php,PASS,No syntax errors detected in /Users/qodir_rizqullah/Sites/ERP_RMI_SOFULL/tools/hardening/erp_hardening_triage_web.php
tools/hardening/freeze_rules_v1.php,PASS,No syntax errors detected in /Users/qodir_rizqullah/Sites/ERP_RMI_SOFULL/tools/hardening/freeze_rules_v1.php
tools/health.php,PASS,No syntax errors detected in /Users/qodir_rizqullah/Sites/ERP_RMI_SOFULL/tools/health.php
tools/index.php,PASS,No syntax errors detected in /Users/qodir_rizqullah/Sites/ERP_RMI_SOFULL/tools/index.php
tools/log_test.php,PASS,No syntax errors detected in /Users/qodir_rizqullah/Sites/ERP_RMI_SOFULL/tools/log_test.php
tools/migrate_cdn_round2.php,PASS,No syntax errors detected in /Users/qodir_rizqullah/Sites/ERP_RMI_SOFULL/tools/migrate_cdn_round2.php
tools/migrate_cdn_to_local.php,PASS,No syntax errors detected in /Users/qodir_rizqullah/Sites/ERP_RMI_SOFULL/tools/migrate_cdn_to_local.php
tools/migration/migrate.php,PASS,No syntax errors detected in /Users/qodir_rizqullah/Sites/ERP_RMI_SOFULL/tools/migration/migrate.php
tools/migration/validate.php,PASS,No syntax errors detected in /Users/qodir_rizqullah/Sites/ERP_RMI_SOFULL/tools/migration/validate.php
tools/ops/_lib/ops_helpers.php,PASS,No syntax errors detected in /Users/qodir_rizqullah/Sites/ERP_RMI_SOFULL/tools/ops/_lib/ops_helpers.php
tools/ops/backup_manager.php,PASS,No syntax errors detected in /Users/qodir_rizqullah/Sites/ERP_RMI_SOFULL/tools/ops/backup_manager.php
tools/ops/backup_retention.php,PASS,No syntax errors detected in /Users/qodir_rizqullah/Sites/ERP_RMI_SOFULL/tools/ops/backup_retention.php
tools/ops/backup_schedule.php,PASS,No syntax errors detected in /Users/qodir_rizqullah/Sites/ERP_RMI_SOFULL/tools/ops/backup_schedule.php
tools/ops/backup_verify.php,PASS,No syntax errors detected in /Users/qodir_rizqullah/Sites/ERP_RMI_SOFULL/tools/ops/backup_verify.php
tools/ops/control_center.php,PASS,No syntax errors detected in /Users/qodir_rizqullah/Sites/ERP_RMI_SOFULL/tools/ops/control_center.php
tools/ops/create_ops_gov_patch_zip.php,PASS,No syntax errors detected in /Users/qodir_rizqullah/Sites/ERP_RMI_SOFULL/tools/ops/create_ops_gov_patch_zip.php
tools/ops/evaluate_alerts.php,PASS,No syntax errors detected in /Users/qodir_rizqullah/Sites/ERP_RMI_SOFULL/tools/ops/evaluate_alerts.php
tools/ops/executive_ops_summary.php,PASS,No syntax errors detected in /Users/qodir_rizqullah/Sites/ERP_RMI_SOFULL/tools/ops/executive_ops_summary.php
tools/ops/findings.php,PASS,No syntax errors detected in /Users/qodir_rizqullah/Sites/ERP_RMI_SOFULL/tools/ops/findings.php
tools/ops/fix_act_fin_integrity.php,PASS,No syntax errors detected in /Users/qodir_rizqullah/Sites/ERP_RMI_SOFULL/tools/ops/fix_act_fin_integrity.php
tools/ops/generate_ops_snapshot.php,PASS,No syntax errors detected in /Users/qodir_rizqullah/Sites/ERP_RMI_SOFULL/tools/ops/generate_ops_snapshot.php
tools/ops/generate_ops_trend.php,PASS,No syntax errors detected in /Users/qodir_rizqullah/Sites/ERP_RMI_SOFULL/tools/ops/generate_ops_trend.php
tools/ops/generate_weekly_ops_report.php,PASS,No syntax errors detected in /Users/qodir_rizqullah/Sites/ERP_RMI_SOFULL/tools/ops/generate_weekly_ops_report.php
tools/ops/health.php,PASS,No syntax errors detected in /Users/qodir_rizqullah/Sites/ERP_RMI_SOFULL/tools/ops/health.php
tools/ops/manual_action_queue.php,PASS,No syntax errors detected in /Users/qodir_rizqullah/Sites/ERP_RMI_SOFULL/tools/ops/manual_action_queue.php
tools/ops/manual_action_queue_lib.php,PASS,No syntax errors detected in /Users/qodir_rizqullah/Sites/ERP_RMI_SOFULL/tools/ops/manual_action_queue_lib.php
tools/ops/module_governance_tracker.php,PASS,No syntax errors detected in /Users/qodir_rizqullah/Sites/ERP_RMI_SOFULL/tools/ops/module_governance_tracker.php
tools/ops/mutation_hardening_audit.php,PASS,No syntax errors detected in /Users/qodir_rizqullah/Sites/ERP_RMI_SOFULL/tools/ops/mutation_hardening_audit.php
tools/ops/restore_now.php,PASS,No syntax errors detected in /Users/qodir_rizqullah/Sites/ERP_RMI_SOFULL/tools/ops/restore_now.php
tools/ops/run_daily_sop.php,PASS,No syntax errors detected in /Users/qodir_rizqullah/Sites/ERP_RMI_SOFULL/tools/ops/run_daily_sop.php
tools/ops/runtime_hygiene_center.php,PASS,No syntax errors detected in /Users/qodir_rizqullah/Sites/ERP_RMI_SOFULL/tools/ops/runtime_hygiene_center.php
tools/ops/sales_tracking_sync.php,PASS,No syntax errors detected in /Users/qodir_rizqullah/Sites/ERP_RMI_SOFULL/tools/ops/sales_tracking_sync.php
tools/ops/sla_monitor.php,PASS,No syntax errors detected in /Users/qodir_rizqullah/Sites/ERP_RMI_SOFULL/tools/ops/sla_monitor.php
tools/ops/sla_monitor_daily.php,PASS,No syntax errors detected in /Users/qodir_rizqullah/Sites/ERP_RMI_SOFULL/tools/ops/sla_monitor_daily.php
tools/ops/weekly_trend.php,PASS,No syntax errors detected in /Users/qodir_rizqullah/Sites/ERP_RMI_SOFULL/tools/ops/weekly_trend.php
tools/ops/weekly_trend_build.php,PASS,No syntax errors detected in /Users/qodir_rizqullah/Sites/ERP_RMI_SOFULL/tools/ops/weekly_trend_build.php
tools/ops_gov_common.php,PASS,No syntax errors detected in /Users/qodir_rizqullah/Sites/ERP_RMI_SOFULL/tools/ops_gov_common.php
tools/perf/cleanup_runner.php,PASS,No syntax errors detected in /Users/qodir_rizqullah/Sites/ERP_RMI_SOFULL/tools/perf/cleanup_runner.php
tools/perf/perf_baseline.php,PASS,No syntax errors detected in /Users/qodir_rizqullah/Sites/ERP_RMI_SOFULL/tools/perf/perf_baseline.php
tools/perf/perf_budget.php,PASS,No syntax errors detected in /Users/qodir_rizqullah/Sites/ERP_RMI_SOFULL/tools/perf/perf_budget.php
tools/plan_kerja.php,PASS,No syntax errors detected in /Users/qodir_rizqullah/Sites/ERP_RMI_SOFULL/tools/plan_kerja.php
tools/preflight_check.php,PASS,No syntax errors detected in /Users/qodir_rizqullah/Sites/ERP_RMI_SOFULL/tools/preflight_check.php
tools/purchases_m2_apply.php,PASS,No syntax errors detected in /Users/qodir_rizqullah/Sites/ERP_RMI_SOFULL/tools/purchases_m2_apply.php
tools/qa/all_checks_web.php,PASS,No syntax errors detected in /Users/qodir_rizqullah/Sites/ERP_RMI_SOFULL/tools/qa/all_checks_web.php
tools/qa/batch3_governance_audit.php,PASS,No syntax errors detected in /Users/qodir_rizqullah/Sites/ERP_RMI_SOFULL/tools/qa/batch3_governance_audit.php
tools/qa/chat_api_smoke.php,PASS,No syntax errors detected in /Users/qodir_rizqullah/Sites/ERP_RMI_SOFULL/tools/qa/chat_api_smoke.php
tools/qa/chat_api_smoke_web.php,PASS,No syntax errors detected in /Users/qodir_rizqullah/Sites/ERP_RMI_SOFULL/tools/qa/chat_api_smoke_web.php
tools/qa/chat_schema_smoke_web.php,PASS,No syntax errors detected in /Users/qodir_rizqullah/Sites/ERP_RMI_SOFULL/tools/qa/chat_schema_smoke_web.php
tools/qa/chat_smoke.php,PASS,No syntax errors detected in /Users/qodir_rizqullah/Sites/ERP_RMI_SOFULL/tools/qa/chat_smoke.php
tools/qa/contract_check.php,PASS,No syntax errors detected in /Users/qodir_rizqullah/Sites/ERP_RMI_SOFULL/tools/qa/contract_check.php
tools/qa/contract_check_web.php,PASS,No syntax errors detected in /Users/qodir_rizqullah/Sites/ERP_RMI_SOFULL/tools/qa/contract_check_web.php
tools/qa/cutover_checks_web.php,PASS,No syntax errors detected in /Users/qodir_rizqullah/Sites/ERP_RMI_SOFULL/tools/qa/cutover_checks_web.php
tools/qa/dashboard_role_smoke.php,PASS,No syntax errors detected in /Users/qodir_rizqullah/Sites/ERP_RMI_SOFULL/tools/qa/dashboard_role_smoke.php
tools/qa/dashboard_role_smoke_web.php,PASS,No syntax errors detected in /Users/qodir_rizqullah/Sites/ERP_RMI_SOFULL/tools/qa/dashboard_role_smoke_web.php
tools/qa/erp_boundary_guard_web.php,PASS,No syntax errors detected in /Users/qodir_rizqullah/Sites/ERP_RMI_SOFULL/tools/qa/erp_boundary_guard_web.php
tools/qa/erp_hardening_triage_web.php,PASS,No syntax errors detected in /Users/qodir_rizqullah/Sites/ERP_RMI_SOFULL/tools/qa/erp_hardening_triage_web.php
tools/qa/erp_pattern_standard_web.php,PASS,No syntax errors detected in /Users/qodir_rizqullah/Sites/ERP_RMI_SOFULL/tools/qa/erp_pattern_standard_web.php
tools/qa/erp_structure_guard_web.php,PASS,No syntax errors detected in /Users/qodir_rizqullah/Sites/ERP_RMI_SOFULL/tools/qa/erp_structure_guard_web.php
tools/qa/evidence_pack_web.php,PASS,No syntax errors detected in /Users/qodir_rizqullah/Sites/ERP_RMI_SOFULL/tools/qa/evidence_pack_web.php
tools/qa/generate_evidence_pack.php,PASS,No syntax errors detected in /Users/qodir_rizqullah/Sites/ERP_RMI_SOFULL/tools/qa/generate_evidence_pack.php
tools/qa/generate_signoff_verdict.php,PASS,No syntax errors detected in /Users/qodir_rizqullah/Sites/ERP_RMI_SOFULL/tools/qa/generate_signoff_verdict.php
tools/qa/http_response_analysis_web.php,PASS,No syntax errors detected in /Users/qodir_rizqullah/Sites/ERP_RMI_SOFULL/tools/qa/http_response_analysis_web.php
tools/qa/hypercare_checkpoint.php,PASS,No syntax errors detected in /Users/qodir_rizqullah/Sites/ERP_RMI_SOFULL/tools/qa/hypercare_checkpoint.php
tools/qa/hypercare_checkpoint_web.php,PASS,No syntax errors detected in /Users/qodir_rizqullah/Sites/ERP_RMI_SOFULL/tools/qa/hypercare_checkpoint_web.php
tools/qa/hypercare_summary.php,PASS,No syntax errors detected in /Users/qodir_rizqullah/Sites/ERP_RMI_SOFULL/tools/qa/hypercare_summary.php
tools/qa/hypercare_summary_web.php,PASS,No syntax errors detected in /Users/qodir_rizqullah/Sites/ERP_RMI_SOFULL/tools/qa/hypercare_summary_web.php
tools/qa/mobile_api_contract_check.php,PASS,No syntax errors detected in /Users/qodir_rizqullah/Sites/ERP_RMI_SOFULL/tools/qa/mobile_api_contract_check.php
tools/qa/mobile_api_contract_check_web.php,PASS,No syntax errors detected in /Users/qodir_rizqullah/Sites/ERP_RMI_SOFULL/tools/qa/mobile_api_contract_check_web.php
tools/qa/mobile_api_smoke.php,PASS,No syntax errors detected in /Users/qodir_rizqullah/Sites/ERP_RMI_SOFULL/tools/qa/mobile_api_smoke.php
tools/qa/mobile_api_smoke_web.php,PASS,No syntax errors detected in /Users/qodir_rizqullah/Sites/ERP_RMI_SOFULL/tools/qa/mobile_api_smoke_web.php
tools/qa/mobile_auth_policy_web.php,PASS,No syntax errors detected in /Users/qodir_rizqullah/Sites/ERP_RMI_SOFULL/tools/qa/mobile_auth_policy_web.php
tools/qa/mobile_master_policy_smoke.php,PASS,No syntax errors detected in /Users/qodir_rizqullah/Sites/ERP_RMI_SOFULL/tools/qa/mobile_master_policy_smoke.php
tools/qa/mobile_negative_auth_test.php,PASS,No syntax errors detected in /Users/qodir_rizqullah/Sites/ERP_RMI_SOFULL/tools/qa/mobile_negative_auth_test.php
tools/qa/mobile_quality_gate.php,PASS,No syntax errors detected in /Users/qodir_rizqullah/Sites/ERP_RMI_SOFULL/tools/qa/mobile_quality_gate.php
tools/qa/negative_tests_web.php,PASS,No syntax errors detected in /Users/qodir_rizqullah/Sites/ERP_RMI_SOFULL/tools/qa/negative_tests_web.php
tools/qa/program_closeout_audit.php,PASS,No syntax errors detected in /Users/qodir_rizqullah/Sites/ERP_RMI_SOFULL/tools/qa/program_closeout_audit.php
tools/qa/rbac_effective_report.php,PASS,No syntax errors detected in /Users/qodir_rizqullah/Sites/ERP_RMI_SOFULL/tools/qa/rbac_effective_report.php
tools/qa/repo_health_gaps.php,PASS,No syntax errors detected in /Users/qodir_rizqullah/Sites/ERP_RMI_SOFULL/tools/qa/repo_health_gaps.php
tools/qa/run_all_checks.php,PASS,No syntax errors detected in /Users/qodir_rizqullah/Sites/ERP_RMI_SOFULL/tools/qa/run_all_checks.php
tools/qa/run_cutover_checks.php,PASS,No syntax errors detected in /Users/qodir_rizqullah/Sites/ERP_RMI_SOFULL/tools/qa/run_cutover_checks.php
tools/qa/run_negative_tests.php,PASS,No syntax errors detected in /Users/qodir_rizqullah/Sites/ERP_RMI_SOFULL/tools/qa/run_negative_tests.php
tools/qa/run_sales_tracking_checks.php,PASS,No syntax errors detected in /Users/qodir_rizqullah/Sites/ERP_RMI_SOFULL/tools/qa/run_sales_tracking_checks.php
tools/qa/sales_tracking_checks_web.php,PASS,No syntax errors detected in /Users/qodir_rizqullah/Sites/ERP_RMI_SOFULL/tools/qa/sales_tracking_checks_web.php
tools/qa/sales_tracking_smoke.php,PASS,No syntax errors detected in /Users/qodir_rizqullah/Sites/ERP_RMI_SOFULL/tools/qa/sales_tracking_smoke.php
tools/qa/sales_tracking_smoke_web.php,PASS,No syntax errors detected in /Users/qodir_rizqullah/Sites/ERP_RMI_SOFULL/tools/qa/sales_tracking_smoke_web.php
tools/qa/signoff_ops_web.php,PASS,No syntax errors detected in /Users/qodir_rizqullah/Sites/ERP_RMI_SOFULL/tools/qa/signoff_ops_web.php
tools/qa/signoff_verdict_web.php,PASS,No syntax errors detected in /Users/qodir_rizqullah/Sites/ERP_RMI_SOFULL/tools/qa/signoff_verdict_web.php
tools/qa/smoke_http.php,PASS,No syntax errors detected in /Users/qodir_rizqullah/Sites/ERP_RMI_SOFULL/tools/qa/smoke_http.php
tools/qa/smoke_http_web.php,PASS,No syntax errors detected in /Users/qodir_rizqullah/Sites/ERP_RMI_SOFULL/tools/qa/smoke_http_web.php
tools/qa/smoke_tools_dashboard.php,PASS,No syntax errors detected in /Users/qodir_rizqullah/Sites/ERP_RMI_SOFULL/tools/qa/smoke_tools_dashboard.php
tools/qa/smoke_tools_regression.php,PASS,No syntax errors detected in /Users/qodir_rizqullah/Sites/ERP_RMI_SOFULL/tools/qa/smoke_tools_regression.php
tools/qa/tools_dashboard_smoke.php,PASS,No syntax errors detected in /Users/qodir_rizqullah/Sites/ERP_RMI_SOFULL/tools/qa/tools_dashboard_smoke.php
tools/qa/tools_dashboard_smoke_web.php,PASS,No syntax errors detected in /Users/qodir_rizqullah/Sites/ERP_RMI_SOFULL/tools/qa/tools_dashboard_smoke_web.php
tools/qa/web_wrapper_health_matrix.php,PASS,No syntax errors detected in /Users/qodir_rizqullah/Sites/ERP_RMI_SOFULL/tools/qa/web_wrapper_health_matrix.php
tools/rbac_effective_permissions.php,PASS,No syntax errors detected in /Users/qodir_rizqullah/Sites/ERP_RMI_SOFULL/tools/rbac_effective_permissions.php
tools/rbac_seed_act_purchases.php,PASS,No syntax errors detected in /Users/qodir_rizqullah/Sites/ERP_RMI_SOFULL/tools/rbac_seed_act_purchases.php
tools/rbac_seed_fin_purchases.php,PASS,No syntax errors detected in /Users/qodir_rizqullah/Sites/ERP_RMI_SOFULL/tools/rbac_seed_fin_purchases.php
tools/rbac_seed_scm_purchases.php,PASS,No syntax errors detected in /Users/qodir_rizqullah/Sites/ERP_RMI_SOFULL/tools/rbac_seed_scm_purchases.php
tools/readiness_audit.php,PASS,No syntax errors detected in /Users/qodir_rizqullah/Sites/ERP_RMI_SOFULL/tools/readiness_audit.php
tools/release/create_clean_deploy_zip.php,PASS,No syntax errors detected in /Users/qodir_rizqullah/Sites/ERP_RMI_SOFULL/tools/release/create_clean_deploy_zip.php
tools/release/deploy_size_audit.php,PASS,No syntax errors detected in /Users/qodir_rizqullah/Sites/ERP_RMI_SOFULL/tools/release/deploy_size_audit.php
tools/release/deploy_size_audit_runner.php,PASS,No syntax errors detected in /Users/qodir_rizqullah/Sites/ERP_RMI_SOFULL/tools/release/deploy_size_audit_runner.php
tools/release/export_checklist.php,PASS,No syntax errors detected in /Users/qodir_rizqullah/Sites/ERP_RMI_SOFULL/tools/release/export_checklist.php
tools/release/go_live_readiness_one_click.php,PASS,No syntax errors detected in /Users/qodir_rizqullah/Sites/ERP_RMI_SOFULL/tools/release/go_live_readiness_one_click.php
tools/release/release_final_checklist.php,PASS,No syntax errors detected in /Users/qodir_rizqullah/Sites/ERP_RMI_SOFULL/tools/release/release_final_checklist.php
tools/release/release_final_checklist_build.php,PASS,No syntax errors detected in /Users/qodir_rizqullah/Sites/ERP_RMI_SOFULL/tools/release/release_final_checklist_build.php
tools/release/release_gate.php,PASS,No syntax errors detected in /Users/qodir_rizqullah/Sites/ERP_RMI_SOFULL/tools/release/release_gate.php
tools/release/release_notes.php,PASS,No syntax errors detected in /Users/qodir_rizqullah/Sites/ERP_RMI_SOFULL/tools/release/release_notes.php
tools/repo_health_gaps.php,PASS,No syntax errors detected in /Users/qodir_rizqullah/Sites/ERP_RMI_SOFULL/tools/repo_health_gaps.php
tools/restore.php,PASS,No syntax errors detected in /Users/qodir_rizqullah/Sites/ERP_RMI_SOFULL/tools/restore.php
tools/restore_now.php,PASS,No syntax errors detected in /Users/qodir_rizqullah/Sites/ERP_RMI_SOFULL/tools/restore_now.php
tools/review_kit.php,PASS,No syntax errors detected in /Users/qodir_rizqullah/Sites/ERP_RMI_SOFULL/tools/review_kit.php
tools/review_kit_workspace.php,PASS,No syntax errors detected in /Users/qodir_rizqullah/Sites/ERP_RMI_SOFULL/tools/review_kit_workspace.php
tools/sales_tracking_e2e_check.php,PASS,No syntax errors detected in /Users/qodir_rizqullah/Sites/ERP_RMI_SOFULL/tools/sales_tracking_e2e_check.php
tools/sales_tracking_sync_worker.php,PASS,No syntax errors detected in /Users/qodir_rizqullah/Sites/ERP_RMI_SOFULL/tools/sales_tracking_sync_worker.php
tools/security_audit.php,PASS,No syntax errors detected in /Users/qodir_rizqullah/Sites/ERP_RMI_SOFULL/tools/security_audit.php
tools/signoff/business_signoff.php,PASS,No syntax errors detected in /Users/qodir_rizqullah/Sites/ERP_RMI_SOFULL/tools/signoff/business_signoff.php
tools/smoke_http.php,PASS,No syntax errors detected in /Users/qodir_rizqullah/Sites/ERP_RMI_SOFULL/tools/smoke_http.php
tools/smoke_schedule.php,PASS,No syntax errors detected in /Users/qodir_rizqullah/Sites/ERP_RMI_SOFULL/tools/smoke_schedule.php
tools/state/rotate_history.php,PASS,No syntax errors detected in /Users/qodir_rizqullah/Sites/ERP_RMI_SOFULL/tools/state/rotate_history.php
tools/state/state_upgrade.php,PASS,No syntax errors detected in /Users/qodir_rizqullah/Sites/ERP_RMI_SOFULL/tools/state/state_upgrade.php
tools/state_cleanup.php,PASS,No syntax errors detected in /Users/qodir_rizqullah/Sites/ERP_RMI_SOFULL/tools/state_cleanup.php
tools/state_migrate_v1.php,PASS,No syntax errors detected in /Users/qodir_rizqullah/Sites/ERP_RMI_SOFULL/tools/state_migrate_v1.php
tools/test/php_mobile_router.php,PASS,No syntax errors detected in /Users/qodir_rizqullah/Sites/ERP_RMI_SOFULL/tools/test/php_mobile_router.php
tools/tools_access_helpers.php,PASS,No syntax errors detected in /Users/qodir_rizqullah/Sites/ERP_RMI_SOFULL/tools/tools_access_helpers.php
tools/tools_access_matrix.php,PASS,No syntax errors detected in /Users/qodir_rizqullah/Sites/ERP_RMI_SOFULL/tools/tools_access_matrix.php
tools/tools_alert_helpers.php,PASS,No syntax errors detected in /Users/qodir_rizqullah/Sites/ERP_RMI_SOFULL/tools/tools_alert_helpers.php
tools/tools_state_lib.php,PASS,No syntax errors detected in /Users/qodir_rizqullah/Sites/ERP_RMI_SOFULL/tools/tools_state_lib.php
tools/tools_ui_helpers.php,PASS,No syntax errors detected in /Users/qodir_rizqullah/Sites/ERP_RMI_SOFULL/tools/tools_ui_helpers.php
tools/uat_smoke.php,PASS,No syntax errors detected in /Users/qodir_rizqullah/Sites/ERP_RMI_SOFULL/tools/uat_smoke.php
vendor/autoload.php,PASS,No syntax errors detected in /Users/qodir_rizqullah/Sites/ERP_RMI_SOFULL/vendor/autoload.php
vendor/composer/ClassLoader.php,PASS,No syntax errors detected in /Users/qodir_rizqullah/Sites/ERP_RMI_SOFULL/vendor/composer/ClassLoader.php
vendor/composer/InstalledVersions.php,PASS,No syntax errors detected in /Users/qodir_rizqullah/Sites/ERP_RMI_SOFULL/vendor/composer/InstalledVersions.php
vendor/composer/autoload_classmap.php,PASS,No syntax errors detected in /Users/qodir_rizqullah/Sites/ERP_RMI_SOFULL/vendor/composer/autoload_classmap.php
vendor/composer/autoload_files.php,PASS,No syntax errors detected in /Users/qodir_rizqullah/Sites/ERP_RMI_SOFULL/vendor/composer/autoload_files.php
vendor/composer/autoload_namespaces.php,PASS,No syntax errors detected in /Users/qodir_rizqullah/Sites/ERP_RMI_SOFULL/vendor/composer/autoload_namespaces.php
vendor/composer/autoload_psr4.php,PASS,No syntax errors detected in /Users/qodir_rizqullah/Sites/ERP_RMI_SOFULL/vendor/composer/autoload_psr4.php
vendor/composer/autoload_real.php,PASS,No syntax errors detected in /Users/qodir_rizqullah/Sites/ERP_RMI_SOFULL/vendor/composer/autoload_real.php
vendor/composer/autoload_static.php,PASS,No syntax errors detected in /Users/qodir_rizqullah/Sites/ERP_RMI_SOFULL/vendor/composer/autoload_static.php
vendor/composer/installed.php,PASS,No syntax errors detected in /Users/qodir_rizqullah/Sites/ERP_RMI_SOFULL/vendor/composer/installed.php
vendor/composer/platform_check.php,PASS,No syntax errors detected in /Users/qodir_rizqullah/Sites/ERP_RMI_SOFULL/vendor/composer/platform_check.php
vendor/myclabs/deep-copy/src/DeepCopy/DeepCopy.php,PASS,No syntax errors detected in /Users/qodir_rizqullah/Sites/ERP_RMI_SOFULL/vendor/myclabs/deep-copy/src/DeepCopy/DeepCopy.php
vendor/myclabs/deep-copy/src/DeepCopy/Exception/CloneException.php,PASS,No syntax errors detected in /Users/qodir_rizqullah/Sites/ERP_RMI_SOFULL/vendor/myclabs/deep-copy/src/DeepCopy/Exception/CloneException.php
vendor/myclabs/deep-copy/src/DeepCopy/Exception/PropertyException.php,PASS,No syntax errors detected in /Users/qodir_rizqullah/Sites/ERP_RMI_SOFULL/vendor/myclabs/deep-copy/src/DeepCopy/Exception/PropertyException.php
vendor/myclabs/deep-copy/src/DeepCopy/Filter/ChainableFilter.php,PASS,No syntax errors detected in /Users/qodir_rizqullah/Sites/ERP_RMI_SOFULL/vendor/myclabs/deep-copy/src/DeepCopy/Filter/ChainableFilter.php
vendor/myclabs/deep-copy/src/DeepCopy/Filter/Doctrine/DoctrineCollectionFilter.php,PASS,No syntax errors detected in /Users/qodir_rizqullah/Sites/ERP_RMI_SOFULL/vendor/myclabs/deep-copy/src/DeepCopy/Filter/Doctrine/DoctrineCollectionFilter.php
vendor/myclabs/deep-copy/src/DeepCopy/Filter/Doctrine/DoctrineEmptyCollectionFilter.php,PASS,No syntax errors detected in /Users/qodir_rizqullah/Sites/ERP_RMI_SOFULL/vendor/myclabs/deep-copy/src/DeepCopy/Filter/Doctrine/DoctrineEmptyCollectionFilter.php
vendor/myclabs/deep-copy/src/DeepCopy/Filter/Doctrine/DoctrineProxyFilter.php,PASS,No syntax errors detected in /Users/qodir_rizqullah/Sites/ERP_RMI_SOFULL/vendor/myclabs/deep-copy/src/DeepCopy/Filter/Doctrine/DoctrineProxyFilter.php
vendor/myclabs/deep-copy/src/DeepCopy/Filter/Filter.php,PASS,No syntax errors detected in /Users/qodir_rizqullah/Sites/ERP_RMI_SOFULL/vendor/myclabs/deep-copy/src/DeepCopy/Filter/Filter.php
vendor/myclabs/deep-copy/src/DeepCopy/Filter/KeepFilter.php,PASS,No syntax errors detected in /Users/qodir_rizqullah/Sites/ERP_RMI_SOFULL/vendor/myclabs/deep-copy/src/DeepCopy/Filter/KeepFilter.php
vendor/myclabs/deep-copy/src/DeepCopy/Filter/ReplaceFilter.php,PASS,No syntax errors detected in /Users/qodir_rizqullah/Sites/ERP_RMI_SOFULL/vendor/myclabs/deep-copy/src/DeepCopy/Filter/ReplaceFilter.php
vendor/myclabs/deep-copy/src/DeepCopy/Filter/SetNullFilter.php,PASS,No syntax errors detected in /Users/qodir_rizqullah/Sites/ERP_RMI_SOFULL/vendor/myclabs/deep-copy/src/DeepCopy/Filter/SetNullFilter.php
vendor/myclabs/deep-copy/src/DeepCopy/Matcher/Doctrine/DoctrineProxyMatcher.php,PASS,No syntax errors detected in /Users/qodir_rizqullah/Sites/ERP_RMI_SOFULL/vendor/myclabs/deep-copy/src/DeepCopy/Matcher/Doctrine/DoctrineProxyMatcher.php
vendor/myclabs/deep-copy/src/DeepCopy/Matcher/Matcher.php,PASS,No syntax errors detected in /Users/qodir_rizqullah/Sites/ERP_RMI_SOFULL/vendor/myclabs/deep-copy/src/DeepCopy/Matcher/Matcher.php
vendor/myclabs/deep-copy/src/DeepCopy/Matcher/PropertyMatcher.php,PASS,No syntax errors detected in /Users/qodir_rizqullah/Sites/ERP_RMI_SOFULL/vendor/myclabs/deep-copy/src/DeepCopy/Matcher/PropertyMatcher.php
vendor/myclabs/deep-copy/src/DeepCopy/Matcher/PropertyNameMatcher.php,PASS,No syntax errors detected in /Users/qodir_rizqullah/Sites/ERP_RMI_SOFULL/vendor/myclabs/deep-copy/src/DeepCopy/Matcher/PropertyNameMatcher.php
vendor/myclabs/deep-copy/src/DeepCopy/Matcher/PropertyTypeMatcher.php,PASS,No syntax errors detected in /Users/qodir_rizqullah/Sites/ERP_RMI_SOFULL/vendor/myclabs/deep-copy/src/DeepCopy/Matcher/PropertyTypeMatcher.php
vendor/myclabs/deep-copy/src/DeepCopy/Reflection/ReflectionHelper.php,PASS,No syntax errors detected in /Users/qodir_rizqullah/Sites/ERP_RMI_SOFULL/vendor/myclabs/deep-copy/src/DeepCopy/Reflection/ReflectionHelper.php
vendor/myclabs/deep-copy/src/DeepCopy/TypeFilter/Date/DateIntervalFilter.php,PASS,No syntax errors detected in /Users/qodir_rizqullah/Sites/ERP_RMI_SOFULL/vendor/myclabs/deep-copy/src/DeepCopy/TypeFilter/Date/DateIntervalFilter.php
vendor/myclabs/deep-copy/src/DeepCopy/TypeFilter/Date/DatePeriodFilter.php,PASS,No syntax errors detected in /Users/qodir_rizqullah/Sites/ERP_RMI_SOFULL/vendor/myclabs/deep-copy/src/DeepCopy/TypeFilter/Date/DatePeriodFilter.php
vendor/myclabs/deep-copy/src/DeepCopy/TypeFilter/ReplaceFilter.php,PASS,No syntax errors detected in /Users/qodir_rizqullah/Sites/ERP_RMI_SOFULL/vendor/myclabs/deep-copy/src/DeepCopy/TypeFilter/ReplaceFilter.php
vendor/myclabs/deep-copy/src/DeepCopy/TypeFilter/ShallowCopyFilter.php,PASS,No syntax errors detected in /Users/qodir_rizqullah/Sites/ERP_RMI_SOFULL/vendor/myclabs/deep-copy/src/DeepCopy/TypeFilter/ShallowCopyFilter.php
vendor/myclabs/deep-copy/src/DeepCopy/TypeFilter/Spl/ArrayObjectFilter.php,PASS,No syntax errors detected in /Users/qodir_rizqullah/Sites/ERP_RMI_SOFULL/vendor/myclabs/deep-copy/src/DeepCopy/TypeFilter/Spl/ArrayObjectFilter.php
vendor/myclabs/deep-copy/src/DeepCopy/TypeFilter/Spl/SplDoublyLinkedList.php,PASS,No syntax errors detected in /Users/qodir_rizqullah/Sites/ERP_RMI_SOFULL/vendor/myclabs/deep-copy/src/DeepCopy/TypeFilter/Spl/SplDoublyLinkedList.php
vendor/myclabs/deep-copy/src/DeepCopy/TypeFilter/Spl/SplDoublyLinkedListFilter.php,PASS,No syntax errors detected in /Users/qodir_rizqullah/Sites/ERP_RMI_SOFULL/vendor/myclabs/deep-copy/src/DeepCopy/TypeFilter/Spl/SplDoublyLinkedListFilter.php
vendor/myclabs/deep-copy/src/DeepCopy/TypeFilter/TypeFilter.php,PASS,No syntax errors detected in /Users/qodir_rizqullah/Sites/ERP_RMI_SOFULL/vendor/myclabs/deep-copy/src/DeepCopy/TypeFilter/TypeFilter.php
vendor/myclabs/deep-copy/src/DeepCopy/TypeMatcher/TypeMatcher.php,PASS,No syntax errors detected in /Users/qodir_rizqullah/Sites/ERP_RMI_SOFULL/vendor/myclabs/deep-copy/src/DeepCopy/TypeMatcher/TypeMatcher.php
vendor/myclabs/deep-copy/src/DeepCopy/deep_copy.php,PASS,No syntax errors detected in /Users/qodir_rizqullah/Sites/ERP_RMI_SOFULL/vendor/myclabs/deep-copy/src/DeepCopy/deep_copy.php
vendor/nikic/php-parser/lib/PhpParser/Builder.php,PASS,No syntax errors detected in /Users/qodir_rizqullah/Sites/ERP_RMI_SOFULL/vendor/nikic/php-parser/lib/PhpParser/Builder.php
vendor/nikic/php-parser/lib/PhpParser/Builder/ClassConst.php,PASS,No syntax errors detected in /Users/qodir_rizqullah/Sites/ERP_RMI_SOFULL/vendor/nikic/php-parser/lib/PhpParser/Builder/ClassConst.php
vendor/nikic/php-parser/lib/PhpParser/Builder/Class_.php,PASS,No syntax errors detected in /Users/qodir_rizqullah/Sites/ERP_RMI_SOFULL/vendor/nikic/php-parser/lib/PhpParser/Builder/Class_.php
vendor/nikic/php-parser/lib/PhpParser/Builder/Declaration.php,PASS,No syntax errors detected in /Users/qodir_rizqullah/Sites/ERP_RMI_SOFULL/vendor/nikic/php-parser/lib/PhpParser/Builder/Declaration.php
vendor/nikic/php-parser/lib/PhpParser/Builder/EnumCase.php,PASS,No syntax errors detected in /Users/qodir_rizqullah/Sites/ERP_RMI_SOFULL/vendor/nikic/php-parser/lib/PhpParser/Builder/EnumCase.php
vendor/nikic/php-parser/lib/PhpParser/Builder/Enum_.php,PASS,No syntax errors detected in /Users/qodir_rizqullah/Sites/ERP_RMI_SOFULL/vendor/nikic/php-parser/lib/PhpParser/Builder/Enum_.php
vendor/nikic/php-parser/lib/PhpParser/Builder/FunctionLike.php,PASS,No syntax errors detected in /Users/qodir_rizqullah/Sites/ERP_RMI_SOFULL/vendor/nikic/php-parser/lib/PhpParser/Builder/FunctionLike.php
vendor/nikic/php-parser/lib/PhpParser/Builder/Function_.php,PASS,No syntax errors detected in /Users/qodir_rizqullah/Sites/ERP_RMI_SOFULL/vendor/nikic/php-parser/lib/PhpParser/Builder/Function_.php
vendor/nikic/php-parser/lib/PhpParser/Builder/Interface_.php,PASS,No syntax errors detected in /Users/qodir_rizqullah/Sites/ERP_RMI_SOFULL/vendor/nikic/php-parser/lib/PhpParser/Builder/Interface_.php
vendor/nikic/php-parser/lib/PhpParser/Builder/Method.php,PASS,No syntax errors detected in /Users/qodir_rizqullah/Sites/ERP_RMI_SOFULL/vendor/nikic/php-parser/lib/PhpParser/Builder/Method.php
vendor/nikic/php-parser/lib/PhpParser/Builder/Namespace_.php,PASS,No syntax errors detected in /Users/qodir_rizqullah/Sites/ERP_RMI_SOFULL/vendor/nikic/php-parser/lib/PhpParser/Builder/Namespace_.php
vendor/nikic/php-parser/lib/PhpParser/Builder/Param.php,PASS,No syntax errors detected in /Users/qodir_rizqullah/Sites/ERP_RMI_SOFULL/vendor/nikic/php-parser/lib/PhpParser/Builder/Param.php
vendor/nikic/php-parser/lib/PhpParser/Builder/Property.php,PASS,No syntax errors detected in /Users/qodir_rizqullah/Sites/ERP_RMI_SOFULL/vendor/nikic/php-parser/lib/PhpParser/Builder/Property.php
vendor/nikic/php-parser/lib/PhpParser/Builder/TraitUse.php,PASS,No syntax errors detected in /Users/qodir_rizqullah/Sites/ERP_RMI_SOFULL/vendor/nikic/php-parser/lib/PhpParser/Builder/TraitUse.php
vendor/nikic/php-parser/lib/PhpParser/Builder/TraitUseAdaptation.php,PASS,No syntax errors detected in /Users/qodir_rizqullah/Sites/ERP_RMI_SOFULL/vendor/nikic/php-parser/lib/PhpParser/Builder/TraitUseAdaptation.php
vendor/nikic/php-parser/lib/PhpParser/Builder/Trait_.php,PASS,No syntax errors detected in /Users/qodir_rizqullah/Sites/ERP_RMI_SOFULL/vendor/nikic/php-parser/lib/PhpParser/Builder/Trait_.php
vendor/nikic/php-parser/lib/PhpParser/Builder/Use_.php,PASS,No syntax errors detected in /Users/qodir_rizqullah/Sites/ERP_RMI_SOFULL/vendor/nikic/php-parser/lib/PhpParser/Builder/Use_.php
vendor/nikic/php-parser/lib/PhpParser/BuilderFactory.php,PASS,No syntax errors detected in /Users/qodir_rizqullah/Sites/ERP_RMI_SOFULL/vendor/nikic/php-parser/lib/PhpParser/BuilderFactory.php
vendor/nikic/php-parser/lib/PhpParser/BuilderHelpers.php,PASS,No syntax errors detected in /Users/qodir_rizqullah/Sites/ERP_RMI_SOFULL/vendor/nikic/php-parser/lib/PhpParser/BuilderHelpers.php
vendor/nikic/php-parser/lib/PhpParser/Comment.php,PASS,No syntax errors detected in /Users/qodir_rizqullah/Sites/ERP_RMI_SOFULL/vendor/nikic/php-parser/lib/PhpParser/Comment.php
vendor/nikic/php-parser/lib/PhpParser/Comment/Doc.php,PASS,No syntax errors detected in /Users/qodir_rizqullah/Sites/ERP_RMI_SOFULL/vendor/nikic/php-parser/lib/PhpParser/Comment/Doc.php
vendor/nikic/php-parser/lib/PhpParser/ConstExprEvaluationException.php,PASS,No syntax errors detected in /Users/qodir_rizqullah/Sites/ERP_RMI_SOFULL/vendor/nikic/php-parser/lib/PhpParser/ConstExprEvaluationException.php
vendor/nikic/php-parser/lib/PhpParser/ConstExprEvaluator.php,PASS,No syntax errors detected in /Users/qodir_rizqullah/Sites/ERP_RMI_SOFULL/vendor/nikic/php-parser/lib/PhpParser/ConstExprEvaluator.php
vendor/nikic/php-parser/lib/PhpParser/Error.php,PASS,No syntax errors detected in /Users/qodir_rizqullah/Sites/ERP_RMI_SOFULL/vendor/nikic/php-parser/lib/PhpParser/Error.php
vendor/nikic/php-parser/lib/PhpParser/ErrorHandler.php,PASS,No syntax errors detected in /Users/qodir_rizqullah/Sites/ERP_RMI_SOFULL/vendor/nikic/php-parser/lib/PhpParser/ErrorHandler.php
vendor/nikic/php-parser/lib/PhpParser/ErrorHandler/Collecting.php,PASS,No syntax errors detected in /Users/qodir_rizqullah/Sites/ERP_RMI_SOFULL/vendor/nikic/php-parser/lib/PhpParser/ErrorHandler/Collecting.php
vendor/nikic/php-parser/lib/PhpParser/ErrorHandler/Throwing.php,PASS,No syntax errors detected in /Users/qodir_rizqullah/Sites/ERP_RMI_SOFULL/vendor/nikic/php-parser/lib/PhpParser/ErrorHandler/Throwing.php
vendor/nikic/php-parser/lib/PhpParser/Internal/DiffElem.php,PASS,No syntax errors detected in /Users/qodir_rizqullah/Sites/ERP_RMI_SOFULL/vendor/nikic/php-parser/lib/PhpParser/Internal/DiffElem.php
vendor/nikic/php-parser/lib/PhpParser/Internal/Differ.php,PASS,No syntax errors detected in /Users/qodir_rizqullah/Sites/ERP_RMI_SOFULL/vendor/nikic/php-parser/lib/PhpParser/Internal/Differ.php
vendor/nikic/php-parser/lib/PhpParser/Internal/PrintableNewAnonClassNode.php,PASS,No syntax errors detected in /Users/qodir_rizqullah/Sites/ERP_RMI_SOFULL/vendor/nikic/php-parser/lib/PhpParser/Internal/PrintableNewAnonClassNode.php
vendor/nikic/php-parser/lib/PhpParser/Internal/TokenPolyfill.php,PASS,No syntax errors detected in /Users/qodir_rizqullah/Sites/ERP_RMI_SOFULL/vendor/nikic/php-parser/lib/PhpParser/Internal/TokenPolyfill.php
vendor/nikic/php-parser/lib/PhpParser/Internal/TokenStream.php,PASS,No syntax errors detected in /Users/qodir_rizqullah/Sites/ERP_RMI_SOFULL/vendor/nikic/php-parser/lib/PhpParser/Internal/TokenStream.php
vendor/nikic/php-parser/lib/PhpParser/JsonDecoder.php,PASS,No syntax errors detected in /Users/qodir_rizqullah/Sites/ERP_RMI_SOFULL/vendor/nikic/php-parser/lib/PhpParser/JsonDecoder.php
vendor/nikic/php-parser/lib/PhpParser/Lexer.php,PASS,No syntax errors detected in /Users/qodir_rizqullah/Sites/ERP_RMI_SOFULL/vendor/nikic/php-parser/lib/PhpParser/Lexer.php
vendor/nikic/php-parser/lib/PhpParser/Lexer/Emulative.php,PASS,No syntax errors detected in /Users/qodir_rizqullah/Sites/ERP_RMI_SOFULL/vendor/nikic/php-parser/lib/PhpParser/Lexer/Emulative.php
vendor/nikic/php-parser/lib/PhpParser/Lexer/TokenEmulator/AsymmetricVisibilityTokenEmulator.php,PASS,No syntax errors detected in /Users/qodir_rizqullah/Sites/ERP_RMI_SOFULL/vendor/nikic/php-parser/lib/PhpParser/Lexer/TokenEmulator/AsymmetricVisibilityTokenEmulator.php
vendor/nikic/php-parser/lib/PhpParser/Lexer/TokenEmulator/AttributeEmulator.php,PASS,No syntax errors detected in /Users/qodir_rizqullah/Sites/ERP_RMI_SOFULL/vendor/nikic/php-parser/lib/PhpParser/Lexer/TokenEmulator/AttributeEmulator.php
vendor/nikic/php-parser/lib/PhpParser/Lexer/TokenEmulator/EnumTokenEmulator.php,PASS,No syntax errors detected in /Users/qodir_rizqullah/Sites/ERP_RMI_SOFULL/vendor/nikic/php-parser/lib/PhpParser/Lexer/TokenEmulator/EnumTokenEmulator.php
vendor/nikic/php-parser/lib/PhpParser/Lexer/TokenEmulator/ExplicitOctalEmulator.php,PASS,No syntax errors detected in /Users/qodir_rizqullah/Sites/ERP_RMI_SOFULL/vendor/nikic/php-parser/lib/PhpParser/Lexer/TokenEmulator/ExplicitOctalEmulator.php
vendor/nikic/php-parser/lib/PhpParser/Lexer/TokenEmulator/KeywordEmulator.php,PASS,No syntax errors detected in /Users/qodir_rizqullah/Sites/ERP_RMI_SOFULL/vendor/nikic/php-parser/lib/PhpParser/Lexer/TokenEmulator/KeywordEmulator.php
vendor/nikic/php-parser/lib/PhpParser/Lexer/TokenEmulator/MatchTokenEmulator.php,PASS,No syntax errors detected in /Users/qodir_rizqullah/Sites/ERP_RMI_SOFULL/vendor/nikic/php-parser/lib/PhpParser/Lexer/TokenEmulator/MatchTokenEmulator.php
vendor/nikic/php-parser/lib/PhpParser/Lexer/TokenEmulator/NullsafeTokenEmulator.php,PASS,No syntax errors detected in /Users/qodir_rizqullah/Sites/ERP_RMI_SOFULL/vendor/nikic/php-parser/lib/PhpParser/Lexer/TokenEmulator/NullsafeTokenEmulator.php
vendor/nikic/php-parser/lib/PhpParser/Lexer/TokenEmulator/PipeOperatorEmulator.php,PASS,No syntax errors detected in /Users/qodir_rizqullah/Sites/ERP_RMI_SOFULL/vendor/nikic/php-parser/lib/PhpParser/Lexer/TokenEmulator/PipeOperatorEmulator.php
vendor/nikic/php-parser/lib/PhpParser/Lexer/TokenEmulator/PropertyTokenEmulator.php,PASS,No syntax errors detected in /Users/qodir_rizqullah/Sites/ERP_RMI_SOFULL/vendor/nikic/php-parser/lib/PhpParser/Lexer/TokenEmulator/PropertyTokenEmulator.php
vendor/nikic/php-parser/lib/PhpParser/Lexer/TokenEmulator/ReadonlyFunctionTokenEmulator.php,PASS,No syntax errors detected in /Users/qodir_rizqullah/Sites/ERP_RMI_SOFULL/vendor/nikic/php-parser/lib/PhpParser/Lexer/TokenEmulator/ReadonlyFunctionTokenEmulator.php
vendor/nikic/php-parser/lib/PhpParser/Lexer/TokenEmulator/ReadonlyTokenEmulator.php,PASS,No syntax errors detected in /Users/qodir_rizqullah/Sites/ERP_RMI_SOFULL/vendor/nikic/php-parser/lib/PhpParser/Lexer/TokenEmulator/ReadonlyTokenEmulator.php
vendor/nikic/php-parser/lib/PhpParser/Lexer/TokenEmulator/ReverseEmulator.php,PASS,No syntax errors detected in /Users/qodir_rizqullah/Sites/ERP_RMI_SOFULL/vendor/nikic/php-parser/lib/PhpParser/Lexer/TokenEmulator/ReverseEmulator.php
vendor/nikic/php-parser/lib/PhpParser/Lexer/TokenEmulator/TokenEmulator.php,PASS,No syntax errors detected in /Users/qodir_rizqullah/Sites/ERP_RMI_SOFULL/vendor/nikic/php-parser/lib/PhpParser/Lexer/TokenEmulator/TokenEmulator.php
vendor/nikic/php-parser/lib/PhpParser/Lexer/TokenEmulator/VoidCastEmulator.php,PASS,No syntax errors detected in /Users/qodir_rizqullah/Sites/ERP_RMI_SOFULL/vendor/nikic/php-parser/lib/PhpParser/Lexer/TokenEmulator/VoidCastEmulator.php
vendor/nikic/php-parser/lib/PhpParser/Modifiers.php,PASS,No syntax errors detected in /Users/qodir_rizqullah/Sites/ERP_RMI_SOFULL/vendor/nikic/php-parser/lib/PhpParser/Modifiers.php
vendor/nikic/php-parser/lib/PhpParser/NameContext.php,PASS,No syntax errors detected in /Users/qodir_rizqullah/Sites/ERP_RMI_SOFULL/vendor/nikic/php-parser/lib/PhpParser/NameContext.php
vendor/nikic/php-parser/lib/PhpParser/Node.php,PASS,No syntax errors detected in /Users/qodir_rizqullah/Sites/ERP_RMI_SOFULL/vendor/nikic/php-parser/lib/PhpParser/Node.php
vendor/nikic/php-parser/lib/PhpParser/Node/Arg.php,PASS,No syntax errors detected in /Users/qodir_rizqullah/Sites/ERP_RMI_SOFULL/vendor/nikic/php-parser/lib/PhpParser/Node/Arg.php
vendor/nikic/php-parser/lib/PhpParser/Node/ArrayItem.php,PASS,No syntax errors detected in /Users/qodir_rizqullah/Sites/ERP_RMI_SOFULL/vendor/nikic/php-parser/lib/PhpParser/Node/ArrayItem.php
vendor/nikic/php-parser/lib/PhpParser/Node/Attribute.php,PASS,No syntax errors detected in /Users/qodir_rizqullah/Sites/ERP_RMI_SOFULL/vendor/nikic/php-parser/lib/PhpParser/Node/Attribute.php
vendor/nikic/php-parser/lib/PhpParser/Node/AttributeGroup.php,PASS,No syntax errors detected in /Users/qodir_rizqullah/Sites/ERP_RMI_SOFULL/vendor/nikic/php-parser/lib/PhpParser/Node/AttributeGroup.php
vendor/nikic/php-parser/lib/PhpParser/Node/ClosureUse.php,PASS,No syntax errors detected in /Users/qodir_rizqullah/Sites/ERP_RMI_SOFULL/vendor/nikic/php-parser/lib/PhpParser/Node/ClosureUse.php
vendor/nikic/php-parser/lib/PhpParser/Node/ComplexType.php,PASS,No syntax errors detected in /Users/qodir_rizqullah/Sites/ERP_RMI_SOFULL/vendor/nikic/php-parser/lib/PhpParser/Node/ComplexType.php
vendor/nikic/php-parser/lib/PhpParser/Node/Const_.php,PASS,No syntax errors detected in /Users/qodir_rizqullah/Sites/ERP_RMI_SOFULL/vendor/nikic/php-parser/lib/PhpParser/Node/Const_.php
vendor/nikic/php-parser/lib/PhpParser/Node/DeclareItem.php,PASS,No syntax errors detected in /Users/qodir_rizqullah/Sites/ERP_RMI_SOFULL/vendor/nikic/php-parser/lib/PhpParser/Node/DeclareItem.php
vendor/nikic/php-parser/lib/PhpParser/Node/Expr.php,PASS,No syntax errors detected in /Users/qodir_rizqullah/Sites/ERP_RMI_SOFULL/vendor/nikic/php-parser/lib/PhpParser/Node/Expr.php
vendor/nikic/php-parser/lib/PhpParser/Node/Expr/ArrayDimFetch.php,PASS,No syntax errors detected in /Users/qodir_rizqullah/Sites/ERP_RMI_SOFULL/vendor/nikic/php-parser/lib/PhpParser/Node/Expr/ArrayDimFetch.php
vendor/nikic/php-parser/lib/PhpParser/Node/Expr/ArrayItem.php,PASS,No syntax errors detected in /Users/qodir_rizqullah/Sites/ERP_RMI_SOFULL/vendor/nikic/php-parser/lib/PhpParser/Node/Expr/ArrayItem.php
vendor/nikic/php-parser/lib/PhpParser/Node/Expr/Array_.php,PASS,No syntax errors detected in /Users/qodir_rizqullah/Sites/ERP_RMI_SOFULL/vendor/nikic/php-parser/lib/PhpParser/Node/Expr/Array_.php
vendor/nikic/php-parser/lib/PhpParser/Node/Expr/ArrowFunction.php,PASS,No syntax errors detected in /Users/qodir_rizqullah/Sites/ERP_RMI_SOFULL/vendor/nikic/php-parser/lib/PhpParser/Node/Expr/ArrowFunction.php
vendor/nikic/php-parser/lib/PhpParser/Node/Expr/Assign.php,PASS,No syntax errors detected in /Users/qodir_rizqullah/Sites/ERP_RMI_SOFULL/vendor/nikic/php-parser/lib/PhpParser/Node/Expr/Assign.php
vendor/nikic/php-parser/lib/PhpParser/Node/Expr/AssignOp.php,PASS,No syntax errors detected in /Users/qodir_rizqullah/Sites/ERP_RMI_SOFULL/vendor/nikic/php-parser/lib/PhpParser/Node/Expr/AssignOp.php
vendor/nikic/php-parser/lib/PhpParser/Node/Expr/AssignOp/BitwiseAnd.php,PASS,No syntax errors detected in /Users/qodir_rizqullah/Sites/ERP_RMI_SOFULL/vendor/nikic/php-parser/lib/PhpParser/Node/Expr/AssignOp/BitwiseAnd.php
vendor/nikic/php-parser/lib/PhpParser/Node/Expr/AssignOp/BitwiseOr.php,PASS,No syntax errors detected in /Users/qodir_rizqullah/Sites/ERP_RMI_SOFULL/vendor/nikic/php-parser/lib/PhpParser/Node/Expr/AssignOp/BitwiseOr.php
vendor/nikic/php-parser/lib/PhpParser/Node/Expr/AssignOp/BitwiseXor.php,PASS,No syntax errors detected in /Users/qodir_rizqullah/Sites/ERP_RMI_SOFULL/vendor/nikic/php-parser/lib/PhpParser/Node/Expr/AssignOp/BitwiseXor.php
vendor/nikic/php-parser/lib/PhpParser/Node/Expr/AssignOp/Coalesce.php,PASS,No syntax errors detected in /Users/qodir_rizqullah/Sites/ERP_RMI_SOFULL/vendor/nikic/php-parser/lib/PhpParser/Node/Expr/AssignOp/Coalesce.php
vendor/nikic/php-parser/lib/PhpParser/Node/Expr/AssignOp/Concat.php,PASS,No syntax errors detected in /Users/qodir_rizqullah/Sites/ERP_RMI_SOFULL/vendor/nikic/php-parser/lib/PhpParser/Node/Expr/AssignOp/Concat.php
vendor/nikic/php-parser/lib/PhpParser/Node/Expr/AssignOp/Div.php,PASS,No syntax errors detected in /Users/qodir_rizqullah/Sites/ERP_RMI_SOFULL/vendor/nikic/php-parser/lib/PhpParser/Node/Expr/AssignOp/Div.php
vendor/nikic/php-parser/lib/PhpParser/Node/Expr/AssignOp/Minus.php,PASS,No syntax errors detected in /Users/qodir_rizqullah/Sites/ERP_RMI_SOFULL/vendor/nikic/php-parser/lib/PhpParser/Node/Expr/AssignOp/Minus.php
vendor/nikic/php-parser/lib/PhpParser/Node/Expr/AssignOp/Mod.php,PASS,No syntax errors detected in /Users/qodir_rizqullah/Sites/ERP_RMI_SOFULL/vendor/nikic/php-parser/lib/PhpParser/Node/Expr/AssignOp/Mod.php
vendor/nikic/php-parser/lib/PhpParser/Node/Expr/AssignOp/Mul.php,PASS,No syntax errors detected in /Users/qodir_rizqullah/Sites/ERP_RMI_SOFULL/vendor/nikic/php-parser/lib/PhpParser/Node/Expr/AssignOp/Mul.php
vendor/nikic/php-parser/lib/PhpParser/Node/Expr/AssignOp/Plus.php,PASS,No syntax errors detected in /Users/qodir_rizqullah/Sites/ERP_RMI_SOFULL/vendor/nikic/php-parser/lib/PhpParser/Node/Expr/AssignOp/Plus.php
vendor/nikic/php-parser/lib/PhpParser/Node/Expr/AssignOp/Pow.php,PASS,No syntax errors detected in /Users/qodir_rizqullah/Sites/ERP_RMI_SOFULL/vendor/nikic/php-parser/lib/PhpParser/Node/Expr/AssignOp/Pow.php
vendor/nikic/php-parser/lib/PhpParser/Node/Expr/AssignOp/ShiftLeft.php,PASS,No syntax errors detected in /Users/qodir_rizqullah/Sites/ERP_RMI_SOFULL/vendor/nikic/php-parser/lib/PhpParser/Node/Expr/AssignOp/ShiftLeft.php
vendor/nikic/php-parser/lib/PhpParser/Node/Expr/AssignOp/ShiftRight.php,PASS,No syntax errors detected in /Users/qodir_rizqullah/Sites/ERP_RMI_SOFULL/vendor/nikic/php-parser/lib/PhpParser/Node/Expr/AssignOp/ShiftRight.php
vendor/nikic/php-parser/lib/PhpParser/Node/Expr/AssignRef.php,PASS,No syntax errors detected in /Users/qodir_rizqullah/Sites/ERP_RMI_SOFULL/vendor/nikic/php-parser/lib/PhpParser/Node/Expr/AssignRef.php
vendor/nikic/php-parser/lib/PhpParser/Node/Expr/BinaryOp.php,PASS,No syntax errors detected in /Users/qodir_rizqullah/Sites/ERP_RMI_SOFULL/vendor/nikic/php-parser/lib/PhpParser/Node/Expr/BinaryOp.php
vendor/nikic/php-parser/lib/PhpParser/Node/Expr/BinaryOp/BitwiseAnd.php,PASS,No syntax errors detected in /Users/qodir_rizqullah/Sites/ERP_RMI_SOFULL/vendor/nikic/php-parser/lib/PhpParser/Node/Expr/BinaryOp/BitwiseAnd.php
vendor/nikic/php-parser/lib/PhpParser/Node/Expr/BinaryOp/BitwiseOr.php,PASS,No syntax errors detected in /Users/qodir_rizqullah/Sites/ERP_RMI_SOFULL/vendor/nikic/php-parser/lib/PhpParser/Node/Expr/BinaryOp/BitwiseOr.php
vendor/nikic/php-parser/lib/PhpParser/Node/Expr/BinaryOp/BitwiseXor.php,PASS,No syntax errors detected in /Users/qodir_rizqullah/Sites/ERP_RMI_SOFULL/vendor/nikic/php-parser/lib/PhpParser/Node/Expr/BinaryOp/BitwiseXor.php
vendor/nikic/php-parser/lib/PhpParser/Node/Expr/BinaryOp/BooleanAnd.php,PASS,No syntax errors detected in /Users/qodir_rizqullah/Sites/ERP_RMI_SOFULL/vendor/nikic/php-parser/lib/PhpParser/Node/Expr/BinaryOp/BooleanAnd.php
vendor/nikic/php-parser/lib/PhpParser/Node/Expr/BinaryOp/BooleanOr.php,PASS,No syntax errors detected in /Users/qodir_rizqullah/Sites/ERP_RMI_SOFULL/vendor/nikic/php-parser/lib/PhpParser/Node/Expr/BinaryOp/BooleanOr.php
vendor/nikic/php-parser/lib/PhpParser/Node/Expr/BinaryOp/Coalesce.php,PASS,No syntax errors detected in /Users/qodir_rizqullah/Sites/ERP_RMI_SOFULL/vendor/nikic/php-parser/lib/PhpParser/Node/Expr/BinaryOp/Coalesce.php
vendor/nikic/php-parser/lib/PhpParser/Node/Expr/BinaryOp/Concat.php,PASS,No syntax errors detected in /Users/qodir_rizqullah/Sites/ERP_RMI_SOFULL/vendor/nikic/php-parser/lib/PhpParser/Node/Expr/BinaryOp/Concat.php
vendor/nikic/php-parser/lib/PhpParser/Node/Expr/BinaryOp/Div.php,PASS,No syntax errors detected in /Users/qodir_rizqullah/Sites/ERP_RMI_SOFULL/vendor/nikic/php-parser/lib/PhpParser/Node/Expr/BinaryOp/Div.php
vendor/nikic/php-parser/lib/PhpParser/Node/Expr/BinaryOp/Equal.php,PASS,No syntax errors detected in /Users/qodir_rizqullah/Sites/ERP_RMI_SOFULL/vendor/nikic/php-parser/lib/PhpParser/Node/Expr/BinaryOp/Equal.php
vendor/nikic/php-parser/lib/PhpParser/Node/Expr/BinaryOp/Greater.php,PASS,No syntax errors detected in /Users/qodir_rizqullah/Sites/ERP_RMI_SOFULL/vendor/nikic/php-parser/lib/PhpParser/Node/Expr/BinaryOp/Greater.php
vendor/nikic/php-parser/lib/PhpParser/Node/Expr/BinaryOp/GreaterOrEqual.php,PASS,No syntax errors detected in /Users/qodir_rizqullah/Sites/ERP_RMI_SOFULL/vendor/nikic/php-parser/lib/PhpParser/Node/Expr/BinaryOp/GreaterOrEqual.php
vendor/nikic/php-parser/lib/PhpParser/Node/Expr/BinaryOp/Identical.php,PASS,No syntax errors detected in /Users/qodir_rizqullah/Sites/ERP_RMI_SOFULL/vendor/nikic/php-parser/lib/PhpParser/Node/Expr/BinaryOp/Identical.php
vendor/nikic/php-parser/lib/PhpParser/Node/Expr/BinaryOp/LogicalAnd.php,PASS,No syntax errors detected in /Users/qodir_rizqullah/Sites/ERP_RMI_SOFULL/vendor/nikic/php-parser/lib/PhpParser/Node/Expr/BinaryOp/LogicalAnd.php
vendor/nikic/php-parser/lib/PhpParser/Node/Expr/BinaryOp/LogicalOr.php,PASS,No syntax errors detected in /Users/qodir_rizqullah/Sites/ERP_RMI_SOFULL/vendor/nikic/php-parser/lib/PhpParser/Node/Expr/BinaryOp/LogicalOr.php
vendor/nikic/php-parser/lib/PhpParser/Node/Expr/BinaryOp/LogicalXor.php,PASS,No syntax errors detected in /Users/qodir_rizqullah/Sites/ERP_RMI_SOFULL/vendor/nikic/php-parser/lib/PhpParser/Node/Expr/BinaryOp/LogicalXor.php
vendor/nikic/php-parser/lib/PhpParser/Node/Expr/BinaryOp/Minus.php,PASS,No syntax errors detected in /Users/qodir_rizqullah/Sites/ERP_RMI_SOFULL/vendor/nikic/php-parser/lib/PhpParser/Node/Expr/BinaryOp/Minus.php
vendor/nikic/php-parser/lib/PhpParser/Node/Expr/BinaryOp/Mod.php,PASS,No syntax errors detected in /Users/qodir_rizqullah/Sites/ERP_RMI_SOFULL/vendor/nikic/php-parser/lib/PhpParser/Node/Expr/BinaryOp/Mod.php
vendor/nikic/php-parser/lib/PhpParser/Node/Expr/BinaryOp/Mul.php,PASS,No syntax errors detected in /Users/qodir_rizqullah/Sites/ERP_RMI_SOFULL/vendor/nikic/php-parser/lib/PhpParser/Node/Expr/BinaryOp/Mul.php
vendor/nikic/php-parser/lib/PhpParser/Node/Expr/BinaryOp/NotEqual.php,PASS,No syntax errors detected in /Users/qodir_rizqullah/Sites/ERP_RMI_SOFULL/vendor/nikic/php-parser/lib/PhpParser/Node/Expr/BinaryOp/NotEqual.php
vendor/nikic/php-parser/lib/PhpParser/Node/Expr/BinaryOp/NotIdentical.php,PASS,No syntax errors detected in /Users/qodir_rizqullah/Sites/ERP_RMI_SOFULL/vendor/nikic/php-parser/lib/PhpParser/Node/Expr/BinaryOp/NotIdentical.php
vendor/nikic/php-parser/lib/PhpParser/Node/Expr/BinaryOp/Pipe.php,PASS,No syntax errors detected in /Users/qodir_rizqullah/Sites/ERP_RMI_SOFULL/vendor/nikic/php-parser/lib/PhpParser/Node/Expr/BinaryOp/Pipe.php
vendor/nikic/php-parser/lib/PhpParser/Node/Expr/BinaryOp/Plus.php,PASS,No syntax errors detected in /Users/qodir_rizqullah/Sites/ERP_RMI_SOFULL/vendor/nikic/php-parser/lib/PhpParser/Node/Expr/BinaryOp/Plus.php
vendor/nikic/php-parser/lib/PhpParser/Node/Expr/BinaryOp/Pow.php,PASS,No syntax errors detected in /Users/qodir_rizqullah/Sites/ERP_RMI_SOFULL/vendor/nikic/php-parser/lib/PhpParser/Node/Expr/BinaryOp/Pow.php
vendor/nikic/php-parser/lib/PhpParser/Node/Expr/BinaryOp/ShiftLeft.php,PASS,No syntax errors detected in /Users/qodir_rizqullah/Sites/ERP_RMI_SOFULL/vendor/nikic/php-parser/lib/PhpParser/Node/Expr/BinaryOp/ShiftLeft.php
vendor/nikic/php-parser/lib/PhpParser/Node/Expr/BinaryOp/ShiftRight.php,PASS,No syntax errors detected in /Users/qodir_rizqullah/Sites/ERP_RMI_SOFULL/vendor/nikic/php-parser/lib/PhpParser/Node/Expr/BinaryOp/ShiftRight.php
vendor/nikic/php-parser/lib/PhpParser/Node/Expr/BinaryOp/Smaller.php,PASS,No syntax errors detected in /Users/qodir_rizqullah/Sites/ERP_RMI_SOFULL/vendor/nikic/php-parser/lib/PhpParser/Node/Expr/BinaryOp/Smaller.php
vendor/nikic/php-parser/lib/PhpParser/Node/Expr/BinaryOp/SmallerOrEqual.php,PASS,No syntax errors detected in /Users/qodir_rizqullah/Sites/ERP_RMI_SOFULL/vendor/nikic/php-parser/lib/PhpParser/Node/Expr/BinaryOp/SmallerOrEqual.php
vendor/nikic/php-parser/lib/PhpParser/Node/Expr/BinaryOp/Spaceship.php,PASS,No syntax errors detected in /Users/qodir_rizqullah/Sites/ERP_RMI_SOFULL/vendor/nikic/php-parser/lib/PhpParser/Node/Expr/BinaryOp/Spaceship.php
vendor/nikic/php-parser/lib/PhpParser/Node/Expr/BitwiseNot.php,PASS,No syntax errors detected in /Users/qodir_rizqullah/Sites/ERP_RMI_SOFULL/vendor/nikic/php-parser/lib/PhpParser/Node/Expr/BitwiseNot.php
vendor/nikic/php-parser/lib/PhpParser/Node/Expr/BooleanNot.php,PASS,No syntax errors detected in /Users/qodir_rizqullah/Sites/ERP_RMI_SOFULL/vendor/nikic/php-parser/lib/PhpParser/Node/Expr/BooleanNot.php
vendor/nikic/php-parser/lib/PhpParser/Node/Expr/CallLike.php,PASS,No syntax errors detected in /Users/qodir_rizqullah/Sites/ERP_RMI_SOFULL/vendor/nikic/php-parser/lib/PhpParser/Node/Expr/CallLike.php
vendor/nikic/php-parser/lib/PhpParser/Node/Expr/Cast.php,PASS,No syntax errors detected in /Users/qodir_rizqullah/Sites/ERP_RMI_SOFULL/vendor/nikic/php-parser/lib/PhpParser/Node/Expr/Cast.php
vendor/nikic/php-parser/lib/PhpParser/Node/Expr/Cast/Array_.php,PASS,No syntax errors detected in /Users/qodir_rizqullah/Sites/ERP_RMI_SOFULL/vendor/nikic/php-parser/lib/PhpParser/Node/Expr/Cast/Array_.php
vendor/nikic/php-parser/lib/PhpParser/Node/Expr/Cast/Bool_.php,PASS,No syntax errors detected in /Users/qodir_rizqullah/Sites/ERP_RMI_SOFULL/vendor/nikic/php-parser/lib/PhpParser/Node/Expr/Cast/Bool_.php
vendor/nikic/php-parser/lib/PhpParser/Node/Expr/Cast/Double.php,PASS,No syntax errors detected in /Users/qodir_rizqullah/Sites/ERP_RMI_SOFULL/vendor/nikic/php-parser/lib/PhpParser/Node/Expr/Cast/Double.php
vendor/nikic/php-parser/lib/PhpParser/Node/Expr/Cast/Int_.php,PASS,No syntax errors detected in /Users/qodir_rizqullah/Sites/ERP_RMI_SOFULL/vendor/nikic/php-parser/lib/PhpParser/Node/Expr/Cast/Int_.php
vendor/nikic/php-parser/lib/PhpParser/Node/Expr/Cast/Object_.php,PASS,No syntax errors detected in /Users/qodir_rizqullah/Sites/ERP_RMI_SOFULL/vendor/nikic/php-parser/lib/PhpParser/Node/Expr/Cast/Object_.php
vendor/nikic/php-parser/lib/PhpParser/Node/Expr/Cast/String_.php,PASS,No syntax errors detected in /Users/qodir_rizqullah/Sites/ERP_RMI_SOFULL/vendor/nikic/php-parser/lib/PhpParser/Node/Expr/Cast/String_.php
vendor/nikic/php-parser/lib/PhpParser/Node/Expr/Cast/Unset_.php,PASS,No syntax errors detected in /Users/qodir_rizqullah/Sites/ERP_RMI_SOFULL/vendor/nikic/php-parser/lib/PhpParser/Node/Expr/Cast/Unset_.php
vendor/nikic/php-parser/lib/PhpParser/Node/Expr/Cast/Void_.php,PASS,No syntax errors detected in /Users/qodir_rizqullah/Sites/ERP_RMI_SOFULL/vendor/nikic/php-parser/lib/PhpParser/Node/Expr/Cast/Void_.php
vendor/nikic/php-parser/lib/PhpParser/Node/Expr/ClassConstFetch.php,PASS,No syntax errors detected in /Users/qodir_rizqullah/Sites/ERP_RMI_SOFULL/vendor/nikic/php-parser/lib/PhpParser/Node/Expr/ClassConstFetch.php
vendor/nikic/php-parser/lib/PhpParser/Node/Expr/Clone_.php,PASS,No syntax errors detected in /Users/qodir_rizqullah/Sites/ERP_RMI_SOFULL/vendor/nikic/php-parser/lib/PhpParser/Node/Expr/Clone_.php
vendor/nikic/php-parser/lib/PhpParser/Node/Expr/Closure.php,PASS,No syntax errors detected in /Users/qodir_rizqullah/Sites/ERP_RMI_SOFULL/vendor/nikic/php-parser/lib/PhpParser/Node/Expr/Closure.php
vendor/nikic/php-parser/lib/PhpParser/Node/Expr/ClosureUse.php,PASS,No syntax errors detected in /Users/qodir_rizqullah/Sites/ERP_RMI_SOFULL/vendor/nikic/php-parser/lib/PhpParser/Node/Expr/ClosureUse.php
vendor/nikic/php-parser/lib/PhpParser/Node/Expr/ConstFetch.php,PASS,No syntax errors detected in /Users/qodir_rizqullah/Sites/ERP_RMI_SOFULL/vendor/nikic/php-parser/lib/PhpParser/Node/Expr/ConstFetch.php
vendor/nikic/php-parser/lib/PhpParser/Node/Expr/Empty_.php,PASS,No syntax errors detected in /Users/qodir_rizqullah/Sites/ERP_RMI_SOFULL/vendor/nikic/php-parser/lib/PhpParser/Node/Expr/Empty_.php
vendor/nikic/php-parser/lib/PhpParser/Node/Expr/Error.php,PASS,No syntax errors detected in /Users/qodir_rizqullah/Sites/ERP_RMI_SOFULL/vendor/nikic/php-parser/lib/PhpParser/Node/Expr/Error.php
vendor/nikic/php-parser/lib/PhpParser/Node/Expr/ErrorSuppress.php,PASS,No syntax errors detected in /Users/qodir_rizqullah/Sites/ERP_RMI_SOFULL/vendor/nikic/php-parser/lib/PhpParser/Node/Expr/ErrorSuppress.php
vendor/nikic/php-parser/lib/PhpParser/Node/Expr/Eval_.php,PASS,No syntax errors detected in /Users/qodir_rizqullah/Sites/ERP_RMI_SOFULL/vendor/nikic/php-parser/lib/PhpParser/Node/Expr/Eval_.php
vendor/nikic/php-parser/lib/PhpParser/Node/Expr/Exit_.php,PASS,No syntax errors detected in /Users/qodir_rizqullah/Sites/ERP_RMI_SOFULL/vendor/nikic/php-parser/lib/PhpParser/Node/Expr/Exit_.php
vendor/nikic/php-parser/lib/PhpParser/Node/Expr/FuncCall.php,PASS,No syntax errors detected in /Users/qodir_rizqullah/Sites/ERP_RMI_SOFULL/vendor/nikic/php-parser/lib/PhpParser/Node/Expr/FuncCall.php
vendor/nikic/php-parser/lib/PhpParser/Node/Expr/Include_.php,PASS,No syntax errors detected in /Users/qodir_rizqullah/Sites/ERP_RMI_SOFULL/vendor/nikic/php-parser/lib/PhpParser/Node/Expr/Include_.php
vendor/nikic/php-parser/lib/PhpParser/Node/Expr/Instanceof_.php,PASS,No syntax errors detected in /Users/qodir_rizqullah/Sites/ERP_RMI_SOFULL/vendor/nikic/php-parser/lib/PhpParser/Node/Expr/Instanceof_.php
vendor/nikic/php-parser/lib/PhpParser/Node/Expr/Isset_.php,PASS,No syntax errors detected in /Users/qodir_rizqullah/Sites/ERP_RMI_SOFULL/vendor/nikic/php-parser/lib/PhpParser/Node/Expr/Isset_.php
vendor/nikic/php-parser/lib/PhpParser/Node/Expr/List_.php,PASS,No syntax errors detected in /Users/qodir_rizqullah/Sites/ERP_RMI_SOFULL/vendor/nikic/php-parser/lib/PhpParser/Node/Expr/List_.php
vendor/nikic/php-parser/lib/PhpParser/Node/Expr/Match_.php,PASS,No syntax errors detected in /Users/qodir_rizqullah/Sites/ERP_RMI_SOFULL/vendor/nikic/php-parser/lib/PhpParser/Node/Expr/Match_.php
vendor/nikic/php-parser/lib/PhpParser/Node/Expr/MethodCall.php,PASS,No syntax errors detected in /Users/qodir_rizqullah/Sites/ERP_RMI_SOFULL/vendor/nikic/php-parser/lib/PhpParser/Node/Expr/MethodCall.php
vendor/nikic/php-parser/lib/PhpParser/Node/Expr/New_.php,PASS,No syntax errors detected in /Users/qodir_rizqullah/Sites/ERP_RMI_SOFULL/vendor/nikic/php-parser/lib/PhpParser/Node/Expr/New_.php
vendor/nikic/php-parser/lib/PhpParser/Node/Expr/NullsafeMethodCall.php,PASS,No syntax errors detected in /Users/qodir_rizqullah/Sites/ERP_RMI_SOFULL/vendor/nikic/php-parser/lib/PhpParser/Node/Expr/NullsafeMethodCall.php
vendor/nikic/php-parser/lib/PhpParser/Node/Expr/NullsafePropertyFetch.php,PASS,No syntax errors detected in /Users/qodir_rizqullah/Sites/ERP_RMI_SOFULL/vendor/nikic/php-parser/lib/PhpParser/Node/Expr/NullsafePropertyFetch.php
vendor/nikic/php-parser/lib/PhpParser/Node/Expr/PostDec.php,PASS,No syntax errors detected in /Users/qodir_rizqullah/Sites/ERP_RMI_SOFULL/vendor/nikic/php-parser/lib/PhpParser/Node/Expr/PostDec.php
vendor/nikic/php-parser/lib/PhpParser/Node/Expr/PostInc.php,PASS,No syntax errors detected in /Users/qodir_rizqullah/Sites/ERP_RMI_SOFULL/vendor/nikic/php-parser/lib/PhpParser/Node/Expr/PostInc.php
vendor/nikic/php-parser/lib/PhpParser/Node/Expr/PreDec.php,PASS,No syntax errors detected in /Users/qodir_rizqullah/Sites/ERP_RMI_SOFULL/vendor/nikic/php-parser/lib/PhpParser/Node/Expr/PreDec.php
vendor/nikic/php-parser/lib/PhpParser/Node/Expr/PreInc.php,PASS,No syntax errors detected in /Users/qodir_rizqullah/Sites/ERP_RMI_SOFULL/vendor/nikic/php-parser/lib/PhpParser/Node/Expr/PreInc.php
vendor/nikic/php-parser/lib/PhpParser/Node/Expr/Print_.php,PASS,No syntax errors detected in /Users/qodir_rizqullah/Sites/ERP_RMI_SOFULL/vendor/nikic/php-parser/lib/PhpParser/Node/Expr/Print_.php
vendor/nikic/php-parser/lib/PhpParser/Node/Expr/PropertyFetch.php,PASS,No syntax errors detected in /Users/qodir_rizqullah/Sites/ERP_RMI_SOFULL/vendor/nikic/php-parser/lib/PhpParser/Node/Expr/PropertyFetch.php
vendor/nikic/php-parser/lib/PhpParser/Node/Expr/ShellExec.php,PASS,No syntax errors detected in /Users/qodir_rizqullah/Sites/ERP_RMI_SOFULL/vendor/nikic/php-parser/lib/PhpParser/Node/Expr/ShellExec.php
vendor/nikic/php-parser/lib/PhpParser/Node/Expr/StaticCall.php,PASS,No syntax errors detected in /Users/qodir_rizqullah/Sites/ERP_RMI_SOFULL/vendor/nikic/php-parser/lib/PhpParser/Node/Expr/StaticCall.php
vendor/nikic/php-parser/lib/PhpParser/Node/Expr/StaticPropertyFetch.php,PASS,No syntax errors detected in /Users/qodir_rizqullah/Sites/ERP_RMI_SOFULL/vendor/nikic/php-parser/lib/PhpParser/Node/Expr/StaticPropertyFetch.php
vendor/nikic/php-parser/lib/PhpParser/Node/Expr/Ternary.php,PASS,No syntax errors detected in /Users/qodir_rizqullah/Sites/ERP_RMI_SOFULL/vendor/nikic/php-parser/lib/PhpParser/Node/Expr/Ternary.php
vendor/nikic/php-parser/lib/PhpParser/Node/Expr/Throw_.php,PASS,No syntax errors detected in /Users/qodir_rizqullah/Sites/ERP_RMI_SOFULL/vendor/nikic/php-parser/lib/PhpParser/Node/Expr/Throw_.php
vendor/nikic/php-parser/lib/PhpParser/Node/Expr/UnaryMinus.php,PASS,No syntax errors detected in /Users/qodir_rizqullah/Sites/ERP_RMI_SOFULL/vendor/nikic/php-parser/lib/PhpParser/Node/Expr/UnaryMinus.php
vendor/nikic/php-parser/lib/PhpParser/Node/Expr/UnaryPlus.php,PASS,No syntax errors detected in /Users/qodir_rizqullah/Sites/ERP_RMI_SOFULL/vendor/nikic/php-parser/lib/PhpParser/Node/Expr/UnaryPlus.php
vendor/nikic/php-parser/lib/PhpParser/Node/Expr/Variable.php,PASS,No syntax errors detected in /Users/qodir_rizqullah/Sites/ERP_RMI_SOFULL/vendor/nikic/php-parser/lib/PhpParser/Node/Expr/Variable.php
vendor/nikic/php-parser/lib/PhpParser/Node/Expr/YieldFrom.php,PASS,No syntax errors detected in /Users/qodir_rizqullah/Sites/ERP_RMI_SOFULL/vendor/nikic/php-parser/lib/PhpParser/Node/Expr/YieldFrom.php
vendor/nikic/php-parser/lib/PhpParser/Node/Expr/Yield_.php,PASS,No syntax errors detected in /Users/qodir_rizqullah/Sites/ERP_RMI_SOFULL/vendor/nikic/php-parser/lib/PhpParser/Node/Expr/Yield_.php
vendor/nikic/php-parser/lib/PhpParser/Node/FunctionLike.php,PASS,No syntax errors detected in /Users/qodir_rizqullah/Sites/ERP_RMI_SOFULL/vendor/nikic/php-parser/lib/PhpParser/Node/FunctionLike.php
vendor/nikic/php-parser/lib/PhpParser/Node/Identifier.php,PASS,No syntax errors detected in /Users/qodir_rizqullah/Sites/ERP_RMI_SOFULL/vendor/nikic/php-parser/lib/PhpParser/Node/Identifier.php
vendor/nikic/php-parser/lib/PhpParser/Node/InterpolatedStringPart.php,PASS,No syntax errors detected in /Users/qodir_rizqullah/Sites/ERP_RMI_SOFULL/vendor/nikic/php-parser/lib/PhpParser/Node/InterpolatedStringPart.php
vendor/nikic/php-parser/lib/PhpParser/Node/IntersectionType.php,PASS,No syntax errors detected in /Users/qodir_rizqullah/Sites/ERP_RMI_SOFULL/vendor/nikic/php-parser/lib/PhpParser/Node/IntersectionType.php
vendor/nikic/php-parser/lib/PhpParser/Node/MatchArm.php,PASS,No syntax errors detected in /Users/qodir_rizqullah/Sites/ERP_RMI_SOFULL/vendor/nikic/php-parser/lib/PhpParser/Node/MatchArm.php
vendor/nikic/php-parser/lib/PhpParser/Node/Name.php,PASS,No syntax errors detected in /Users/qodir_rizqullah/Sites/ERP_RMI_SOFULL/vendor/nikic/php-parser/lib/PhpParser/Node/Name.php
vendor/nikic/php-parser/lib/PhpParser/Node/Name/FullyQualified.php,PASS,No syntax errors detected in /Users/qodir_rizqullah/Sites/ERP_RMI_SOFULL/vendor/nikic/php-parser/lib/PhpParser/Node/Name/FullyQualified.php
vendor/nikic/php-parser/lib/PhpParser/Node/Name/Relative.php,PASS,No syntax errors detected in /Users/qodir_rizqullah/Sites/ERP_RMI_SOFULL/vendor/nikic/php-parser/lib/PhpParser/Node/Name/Relative.php
vendor/nikic/php-parser/lib/PhpParser/Node/NullableType.php,PASS,No syntax errors detected in /Users/qodir_rizqullah/Sites/ERP_RMI_SOFULL/vendor/nikic/php-parser/lib/PhpParser/Node/NullableType.php
vendor/nikic/php-parser/lib/PhpParser/Node/Param.php,PASS,No syntax errors detected in /Users/qodir_rizqullah/Sites/ERP_RMI_SOFULL/vendor/nikic/php-parser/lib/PhpParser/Node/Param.php
vendor/nikic/php-parser/lib/PhpParser/Node/PropertyHook.php,PASS,No syntax errors detected in /Users/qodir_rizqullah/Sites/ERP_RMI_SOFULL/vendor/nikic/php-parser/lib/PhpParser/Node/PropertyHook.php
vendor/nikic/php-parser/lib/PhpParser/Node/PropertyItem.php,PASS,No syntax errors detected in /Users/qodir_rizqullah/Sites/ERP_RMI_SOFULL/vendor/nikic/php-parser/lib/PhpParser/Node/PropertyItem.php
vendor/nikic/php-parser/lib/PhpParser/Node/Scalar.php,PASS,No syntax errors detected in /Users/qodir_rizqullah/Sites/ERP_RMI_SOFULL/vendor/nikic/php-parser/lib/PhpParser/Node/Scalar.php
vendor/nikic/php-parser/lib/PhpParser/Node/Scalar/DNumber.php,PASS,No syntax errors detected in /Users/qodir_rizqullah/Sites/ERP_RMI_SOFULL/vendor/nikic/php-parser/lib/PhpParser/Node/Scalar/DNumber.php
vendor/nikic/php-parser/lib/PhpParser/Node/Scalar/Encapsed.php,PASS,No syntax errors detected in /Users/qodir_rizqullah/Sites/ERP_RMI_SOFULL/vendor/nikic/php-parser/lib/PhpParser/Node/Scalar/Encapsed.php
vendor/nikic/php-parser/lib/PhpParser/Node/Scalar/EncapsedStringPart.php,PASS,No syntax errors detected in /Users/qodir_rizqullah/Sites/ERP_RMI_SOFULL/vendor/nikic/php-parser/lib/PhpParser/Node/Scalar/EncapsedStringPart.php
vendor/nikic/php-parser/lib/PhpParser/Node/Scalar/Float_.php,PASS,No syntax errors detected in /Users/qodir_rizqullah/Sites/ERP_RMI_SOFULL/vendor/nikic/php-parser/lib/PhpParser/Node/Scalar/Float_.php
vendor/nikic/php-parser/lib/PhpParser/Node/Scalar/Int_.php,PASS,No syntax errors detected in /Users/qodir_rizqullah/Sites/ERP_RMI_SOFULL/vendor/nikic/php-parser/lib/PhpParser/Node/Scalar/Int_.php
vendor/nikic/php-parser/lib/PhpParser/Node/Scalar/InterpolatedString.php,PASS,No syntax errors detected in /Users/qodir_rizqullah/Sites/ERP_RMI_SOFULL/vendor/nikic/php-parser/lib/PhpParser/Node/Scalar/InterpolatedString.php
vendor/nikic/php-parser/lib/PhpParser/Node/Scalar/LNumber.php,PASS,No syntax errors detected in /Users/qodir_rizqullah/Sites/ERP_RMI_SOFULL/vendor/nikic/php-parser/lib/PhpParser/Node/Scalar/LNumber.php
vendor/nikic/php-parser/lib/PhpParser/Node/Scalar/MagicConst.php,PASS,No syntax errors detected in /Users/qodir_rizqullah/Sites/ERP_RMI_SOFULL/vendor/nikic/php-parser/lib/PhpParser/Node/Scalar/MagicConst.php
vendor/nikic/php-parser/lib/PhpParser/Node/Scalar/MagicConst/Class_.php,PASS,No syntax errors detected in /Users/qodir_rizqullah/Sites/ERP_RMI_SOFULL/vendor/nikic/php-parser/lib/PhpParser/Node/Scalar/MagicConst/Class_.php
vendor/nikic/php-parser/lib/PhpParser/Node/Scalar/MagicConst/Dir.php,PASS,No syntax errors detected in /Users/qodir_rizqullah/Sites/ERP_RMI_SOFULL/vendor/nikic/php-parser/lib/PhpParser/Node/Scalar/MagicConst/Dir.php
vendor/nikic/php-parser/lib/PhpParser/Node/Scalar/MagicConst/File.php,PASS,No syntax errors detected in /Users/qodir_rizqullah/Sites/ERP_RMI_SOFULL/vendor/nikic/php-parser/lib/PhpParser/Node/Scalar/MagicConst/File.php
vendor/nikic/php-parser/lib/PhpParser/Node/Scalar/MagicConst/Function_.php,PASS,No syntax errors detected in /Users/qodir_rizqullah/Sites/ERP_RMI_SOFULL/vendor/nikic/php-parser/lib/PhpParser/Node/Scalar/MagicConst/Function_.php
vendor/nikic/php-parser/lib/PhpParser/Node/Scalar/MagicConst/Line.php,PASS,No syntax errors detected in /Users/qodir_rizqullah/Sites/ERP_RMI_SOFULL/vendor/nikic/php-parser/lib/PhpParser/Node/Scalar/MagicConst/Line.php
vendor/nikic/php-parser/lib/PhpParser/Node/Scalar/MagicConst/Method.php,PASS,No syntax errors detected in /Users/qodir_rizqullah/Sites/ERP_RMI_SOFULL/vendor/nikic/php-parser/lib/PhpParser/Node/Scalar/MagicConst/Method.php
vendor/nikic/php-parser/lib/PhpParser/Node/Scalar/MagicConst/Namespace_.php,PASS,No syntax errors detected in /Users/qodir_rizqullah/Sites/ERP_RMI_SOFULL/vendor/nikic/php-parser/lib/PhpParser/Node/Scalar/MagicConst/Namespace_.php
vendor/nikic/php-parser/lib/PhpParser/Node/Scalar/MagicConst/Property.php,PASS,No syntax errors detected in /Users/qodir_rizqullah/Sites/ERP_RMI_SOFULL/vendor/nikic/php-parser/lib/PhpParser/Node/Scalar/MagicConst/Property.php
vendor/nikic/php-parser/lib/PhpParser/Node/Scalar/MagicConst/Trait_.php,PASS,No syntax errors detected in /Users/qodir_rizqullah/Sites/ERP_RMI_SOFULL/vendor/nikic/php-parser/lib/PhpParser/Node/Scalar/MagicConst/Trait_.php
vendor/nikic/php-parser/lib/PhpParser/Node/Scalar/String_.php,PASS,No syntax errors detected in /Users/qodir_rizqullah/Sites/ERP_RMI_SOFULL/vendor/nikic/php-parser/lib/PhpParser/Node/Scalar/String_.php
vendor/nikic/php-parser/lib/PhpParser/Node/StaticVar.php,PASS,No syntax errors detected in /Users/qodir_rizqullah/Sites/ERP_RMI_SOFULL/vendor/nikic/php-parser/lib/PhpParser/Node/StaticVar.php
vendor/nikic/php-parser/lib/PhpParser/Node/Stmt.php,PASS,No syntax errors detected in /Users/qodir_rizqullah/Sites/ERP_RMI_SOFULL/vendor/nikic/php-parser/lib/PhpParser/Node/Stmt.php
vendor/nikic/php-parser/lib/PhpParser/Node/Stmt/Block.php,PASS,No syntax errors detected in /Users/qodir_rizqullah/Sites/ERP_RMI_SOFULL/vendor/nikic/php-parser/lib/PhpParser/Node/Stmt/Block.php
vendor/nikic/php-parser/lib/PhpParser/Node/Stmt/Break_.php,PASS,No syntax errors detected in /Users/qodir_rizqullah/Sites/ERP_RMI_SOFULL/vendor/nikic/php-parser/lib/PhpParser/Node/Stmt/Break_.php
vendor/nikic/php-parser/lib/PhpParser/Node/Stmt/Case_.php,PASS,No syntax errors detected in /Users/qodir_rizqullah/Sites/ERP_RMI_SOFULL/vendor/nikic/php-parser/lib/PhpParser/Node/Stmt/Case_.php
vendor/nikic/php-parser/lib/PhpParser/Node/Stmt/Catch_.php,PASS,No syntax errors detected in /Users/qodir_rizqullah/Sites/ERP_RMI_SOFULL/vendor/nikic/php-parser/lib/PhpParser/Node/Stmt/Catch_.php
vendor/nikic/php-parser/lib/PhpParser/Node/Stmt/ClassConst.php,PASS,No syntax errors detected in /Users/qodir_rizqullah/Sites/ERP_RMI_SOFULL/vendor/nikic/php-parser/lib/PhpParser/Node/Stmt/ClassConst.php
vendor/nikic/php-parser/lib/PhpParser/Node/Stmt/ClassLike.php,PASS,No syntax errors detected in /Users/qodir_rizqullah/Sites/ERP_RMI_SOFULL/vendor/nikic/php-parser/lib/PhpParser/Node/Stmt/ClassLike.php
vendor/nikic/php-parser/lib/PhpParser/Node/Stmt/ClassMethod.php,PASS,No syntax errors detected in /Users/qodir_rizqullah/Sites/ERP_RMI_SOFULL/vendor/nikic/php-parser/lib/PhpParser/Node/Stmt/ClassMethod.php
vendor/nikic/php-parser/lib/PhpParser/Node/Stmt/Class_.php,PASS,No syntax errors detected in /Users/qodir_rizqullah/Sites/ERP_RMI_SOFULL/vendor/nikic/php-parser/lib/PhpParser/Node/Stmt/Class_.php
vendor/nikic/php-parser/lib/PhpParser/Node/Stmt/Const_.php,PASS,No syntax errors detected in /Users/qodir_rizqullah/Sites/ERP_RMI_SOFULL/vendor/nikic/php-parser/lib/PhpParser/Node/Stmt/Const_.php
vendor/nikic/php-parser/lib/PhpParser/Node/Stmt/Continue_.php,PASS,No syntax errors detected in /Users/qodir_rizqullah/Sites/ERP_RMI_SOFULL/vendor/nikic/php-parser/lib/PhpParser/Node/Stmt/Continue_.php
vendor/nikic/php-parser/lib/PhpParser/Node/Stmt/DeclareDeclare.php,PASS,No syntax errors detected in /Users/qodir_rizqullah/Sites/ERP_RMI_SOFULL/vendor/nikic/php-parser/lib/PhpParser/Node/Stmt/DeclareDeclare.php
vendor/nikic/php-parser/lib/PhpParser/Node/Stmt/Declare_.php,PASS,No syntax errors detected in /Users/qodir_rizqullah/Sites/ERP_RMI_SOFULL/vendor/nikic/php-parser/lib/PhpParser/Node/Stmt/Declare_.php
vendor/nikic/php-parser/lib/PhpParser/Node/Stmt/Do_.php,PASS,No syntax errors detected in /Users/qodir_rizqullah/Sites/ERP_RMI_SOFULL/vendor/nikic/php-parser/lib/PhpParser/Node/Stmt/Do_.php
vendor/nikic/php-parser/lib/PhpParser/Node/Stmt/Echo_.php,PASS,No syntax errors detected in /Users/qodir_rizqullah/Sites/ERP_RMI_SOFULL/vendor/nikic/php-parser/lib/PhpParser/Node/Stmt/Echo_.php
vendor/nikic/php-parser/lib/PhpParser/Node/Stmt/ElseIf_.php,PASS,No syntax errors detected in /Users/qodir_rizqullah/Sites/ERP_RMI_SOFULL/vendor/nikic/php-parser/lib/PhpParser/Node/Stmt/ElseIf_.php
vendor/nikic/php-parser/lib/PhpParser/Node/Stmt/Else_.php,PASS,No syntax errors detected in /Users/qodir_rizqullah/Sites/ERP_RMI_SOFULL/vendor/nikic/php-parser/lib/PhpParser/Node/Stmt/Else_.php
vendor/nikic/php-parser/lib/PhpParser/Node/Stmt/EnumCase.php,PASS,No syntax errors detected in /Users/qodir_rizqullah/Sites/ERP_RMI_SOFULL/vendor/nikic/php-parser/lib/PhpParser/Node/Stmt/EnumCase.php
vendor/nikic/php-parser/lib/PhpParser/Node/Stmt/Enum_.php,PASS,No syntax errors detected in /Users/qodir_rizqullah/Sites/ERP_RMI_SOFULL/vendor/nikic/php-parser/lib/PhpParser/Node/Stmt/Enum_.php
vendor/nikic/php-parser/lib/PhpParser/Node/Stmt/Expression.php,PASS,No syntax errors detected in /Users/qodir_rizqullah/Sites/ERP_RMI_SOFULL/vendor/nikic/php-parser/lib/PhpParser/Node/Stmt/Expression.php
vendor/nikic/php-parser/lib/PhpParser/Node/Stmt/Finally_.php,PASS,No syntax errors detected in /Users/qodir_rizqullah/Sites/ERP_RMI_SOFULL/vendor/nikic/php-parser/lib/PhpParser/Node/Stmt/Finally_.php
vendor/nikic/php-parser/lib/PhpParser/Node/Stmt/For_.php,PASS,No syntax errors detected in /Users/qodir_rizqullah/Sites/ERP_RMI_SOFULL/vendor/nikic/php-parser/lib/PhpParser/Node/Stmt/For_.php
vendor/nikic/php-parser/lib/PhpParser/Node/Stmt/Foreach_.php,PASS,No syntax errors detected in /Users/qodir_rizqullah/Sites/ERP_RMI_SOFULL/vendor/nikic/php-parser/lib/PhpParser/Node/Stmt/Foreach_.php
vendor/nikic/php-parser/lib/PhpParser/Node/Stmt/Function_.php,PASS,No syntax errors detected in /Users/qodir_rizqullah/Sites/ERP_RMI_SOFULL/vendor/nikic/php-parser/lib/PhpParser/Node/Stmt/Function_.php
vendor/nikic/php-parser/lib/PhpParser/Node/Stmt/Global_.php,PASS,No syntax errors detected in /Users/qodir_rizqullah/Sites/ERP_RMI_SOFULL/vendor/nikic/php-parser/lib/PhpParser/Node/Stmt/Global_.php
vendor/nikic/php-parser/lib/PhpParser/Node/Stmt/Goto_.php,PASS,No syntax errors detected in /Users/qodir_rizqullah/Sites/ERP_RMI_SOFULL/vendor/nikic/php-parser/lib/PhpParser/Node/Stmt/Goto_.php
vendor/nikic/php-parser/lib/PhpParser/Node/Stmt/GroupUse.php,PASS,No syntax errors detected in /Users/qodir_rizqullah/Sites/ERP_RMI_SOFULL/vendor/nikic/php-parser/lib/PhpParser/Node/Stmt/GroupUse.php
vendor/nikic/php-parser/lib/PhpParser/Node/Stmt/HaltCompiler.php,PASS,No syntax errors detected in /Users/qodir_rizqullah/Sites/ERP_RMI_SOFULL/vendor/nikic/php-parser/lib/PhpParser/Node/Stmt/HaltCompiler.php
vendor/nikic/php-parser/lib/PhpParser/Node/Stmt/If_.php,PASS,No syntax errors detected in /Users/qodir_rizqullah/Sites/ERP_RMI_SOFULL/vendor/nikic/php-parser/lib/PhpParser/Node/Stmt/If_.php
vendor/nikic/php-parser/lib/PhpParser/Node/Stmt/InlineHTML.php,PASS,No syntax errors detected in /Users/qodir_rizqullah/Sites/ERP_RMI_SOFULL/vendor/nikic/php-parser/lib/PhpParser/Node/Stmt/InlineHTML.php
vendor/nikic/php-parser/lib/PhpParser/Node/Stmt/Interface_.php,PASS,No syntax errors detected in /Users/qodir_rizqullah/Sites/ERP_RMI_SOFULL/vendor/nikic/php-parser/lib/PhpParser/Node/Stmt/Interface_.php
vendor/nikic/php-parser/lib/PhpParser/Node/Stmt/Label.php,PASS,No syntax errors detected in /Users/qodir_rizqullah/Sites/ERP_RMI_SOFULL/vendor/nikic/php-parser/lib/PhpParser/Node/Stmt/Label.php
vendor/nikic/php-parser/lib/PhpParser/Node/Stmt/Namespace_.php,PASS,No syntax errors detected in /Users/qodir_rizqullah/Sites/ERP_RMI_SOFULL/vendor/nikic/php-parser/lib/PhpParser/Node/Stmt/Namespace_.php
vendor/nikic/php-parser/lib/PhpParser/Node/Stmt/Nop.php,PASS,No syntax errors detected in /Users/qodir_rizqullah/Sites/ERP_RMI_SOFULL/vendor/nikic/php-parser/lib/PhpParser/Node/Stmt/Nop.php
vendor/nikic/php-parser/lib/PhpParser/Node/Stmt/Property.php,PASS,No syntax errors detected in /Users/qodir_rizqullah/Sites/ERP_RMI_SOFULL/vendor/nikic/php-parser/lib/PhpParser/Node/Stmt/Property.php
vendor/nikic/php-parser/lib/PhpParser/Node/Stmt/PropertyProperty.php,PASS,No syntax errors detected in /Users/qodir_rizqullah/Sites/ERP_RMI_SOFULL/vendor/nikic/php-parser/lib/PhpParser/Node/Stmt/PropertyProperty.php
vendor/nikic/php-parser/lib/PhpParser/Node/Stmt/Return_.php,PASS,No syntax errors detected in /Users/qodir_rizqullah/Sites/ERP_RMI_SOFULL/vendor/nikic/php-parser/lib/PhpParser/Node/Stmt/Return_.php
vendor/nikic/php-parser/lib/PhpParser/Node/Stmt/StaticVar.php,PASS,No syntax errors detected in /Users/qodir_rizqullah/Sites/ERP_RMI_SOFULL/vendor/nikic/php-parser/lib/PhpParser/Node/Stmt/StaticVar.php
vendor/nikic/php-parser/lib/PhpParser/Node/Stmt/Static_.php,PASS,No syntax errors detected in /Users/qodir_rizqullah/Sites/ERP_RMI_SOFULL/vendor/nikic/php-parser/lib/PhpParser/Node/Stmt/Static_.php
vendor/nikic/php-parser/lib/PhpParser/Node/Stmt/Switch_.php,PASS,No syntax errors detected in /Users/qodir_rizqullah/Sites/ERP_RMI_SOFULL/vendor/nikic/php-parser/lib/PhpParser/Node/Stmt/Switch_.php
vendor/nikic/php-parser/lib/PhpParser/Node/Stmt/TraitUse.php,PASS,No syntax errors detected in /Users/qodir_rizqullah/Sites/ERP_RMI_SOFULL/vendor/nikic/php-parser/lib/PhpParser/Node/Stmt/TraitUse.php
vendor/nikic/php-parser/lib/PhpParser/Node/Stmt/TraitUseAdaptation.php,PASS,No syntax errors detected in /Users/qodir_rizqullah/Sites/ERP_RMI_SOFULL/vendor/nikic/php-parser/lib/PhpParser/Node/Stmt/TraitUseAdaptation.php
vendor/nikic/php-parser/lib/PhpParser/Node/Stmt/TraitUseAdaptation/Alias.php,PASS,No syntax errors detected in /Users/qodir_rizqullah/Sites/ERP_RMI_SOFULL/vendor/nikic/php-parser/lib/PhpParser/Node/Stmt/TraitUseAdaptation/Alias.php
vendor/nikic/php-parser/lib/PhpParser/Node/Stmt/TraitUseAdaptation/Precedence.php,PASS,No syntax errors detected in /Users/qodir_rizqullah/Sites/ERP_RMI_SOFULL/vendor/nikic/php-parser/lib/PhpParser/Node/Stmt/TraitUseAdaptation/Precedence.php
vendor/nikic/php-parser/lib/PhpParser/Node/Stmt/Trait_.php,PASS,No syntax errors detected in /Users/qodir_rizqullah/Sites/ERP_RMI_SOFULL/vendor/nikic/php-parser/lib/PhpParser/Node/Stmt/Trait_.php
vendor/nikic/php-parser/lib/PhpParser/Node/Stmt/TryCatch.php,PASS,No syntax errors detected in /Users/qodir_rizqullah/Sites/ERP_RMI_SOFULL/vendor/nikic/php-parser/lib/PhpParser/Node/Stmt/TryCatch.php
vendor/nikic/php-parser/lib/PhpParser/Node/Stmt/Unset_.php,PASS,No syntax errors detected in /Users/qodir_rizqullah/Sites/ERP_RMI_SOFULL/vendor/nikic/php-parser/lib/PhpParser/Node/Stmt/Unset_.php
vendor/nikic/php-parser/lib/PhpParser/Node/Stmt/UseUse.php,PASS,No syntax errors detected in /Users/qodir_rizqullah/Sites/ERP_RMI_SOFULL/vendor/nikic/php-parser/lib/PhpParser/Node/Stmt/UseUse.php
vendor/nikic/php-parser/lib/PhpParser/Node/Stmt/Use_.php,PASS,No syntax errors detected in /Users/qodir_rizqullah/Sites/ERP_RMI_SOFULL/vendor/nikic/php-parser/lib/PhpParser/Node/Stmt/Use_.php
vendor/nikic/php-parser/lib/PhpParser/Node/Stmt/While_.php,PASS,No syntax errors detected in /Users/qodir_rizqullah/Sites/ERP_RMI_SOFULL/vendor/nikic/php-parser/lib/PhpParser/Node/Stmt/While_.php
vendor/nikic/php-parser/lib/PhpParser/Node/UnionType.php,PASS,No syntax errors detected in /Users/qodir_rizqullah/Sites/ERP_RMI_SOFULL/vendor/nikic/php-parser/lib/PhpParser/Node/UnionType.php
vendor/nikic/php-parser/lib/PhpParser/Node/UseItem.php,PASS,No syntax errors detected in /Users/qodir_rizqullah/Sites/ERP_RMI_SOFULL/vendor/nikic/php-parser/lib/PhpParser/Node/UseItem.php
vendor/nikic/php-parser/lib/PhpParser/Node/VarLikeIdentifier.php,PASS,No syntax errors detected in /Users/qodir_rizqullah/Sites/ERP_RMI_SOFULL/vendor/nikic/php-parser/lib/PhpParser/Node/VarLikeIdentifier.php
vendor/nikic/php-parser/lib/PhpParser/Node/VariadicPlaceholder.php,PASS,No syntax errors detected in /Users/qodir_rizqullah/Sites/ERP_RMI_SOFULL/vendor/nikic/php-parser/lib/PhpParser/Node/VariadicPlaceholder.php
vendor/nikic/php-parser/lib/PhpParser/NodeAbstract.php,PASS,No syntax errors detected in /Users/qodir_rizqullah/Sites/ERP_RMI_SOFULL/vendor/nikic/php-parser/lib/PhpParser/NodeAbstract.php
vendor/nikic/php-parser/lib/PhpParser/NodeDumper.php,PASS,No syntax errors detected in /Users/qodir_rizqullah/Sites/ERP_RMI_SOFULL/vendor/nikic/php-parser/lib/PhpParser/NodeDumper.php
vendor/nikic/php-parser/lib/PhpParser/NodeFinder.php,PASS,No syntax errors detected in /Users/qodir_rizqullah/Sites/ERP_RMI_SOFULL/vendor/nikic/php-parser/lib/PhpParser/NodeFinder.php
vendor/nikic/php-parser/lib/PhpParser/NodeTraverser.php,PASS,No syntax errors detected in /Users/qodir_rizqullah/Sites/ERP_RMI_SOFULL/vendor/nikic/php-parser/lib/PhpParser/NodeTraverser.php
vendor/nikic/php-parser/lib/PhpParser/NodeTraverserInterface.php,PASS,No syntax errors detected in /Users/qodir_rizqullah/Sites/ERP_RMI_SOFULL/vendor/nikic/php-parser/lib/PhpParser/NodeTraverserInterface.php
vendor/nikic/php-parser/lib/PhpParser/NodeVisitor.php,PASS,No syntax errors detected in /Users/qodir_rizqullah/Sites/ERP_RMI_SOFULL/vendor/nikic/php-parser/lib/PhpParser/NodeVisitor.php
vendor/nikic/php-parser/lib/PhpParser/NodeVisitor/CloningVisitor.php,PASS,No syntax errors detected in /Users/qodir_rizqullah/Sites/ERP_RMI_SOFULL/vendor/nikic/php-parser/lib/PhpParser/NodeVisitor/CloningVisitor.php
vendor/nikic/php-parser/lib/PhpParser/NodeVisitor/CommentAnnotatingVisitor.php,PASS,No syntax errors detected in /Users/qodir_rizqullah/Sites/ERP_RMI_SOFULL/vendor/nikic/php-parser/lib/PhpParser/NodeVisitor/CommentAnnotatingVisitor.php
vendor/nikic/php-parser/lib/PhpParser/NodeVisitor/FindingVisitor.php,PASS,No syntax errors detected in /Users/qodir_rizqullah/Sites/ERP_RMI_SOFULL/vendor/nikic/php-parser/lib/PhpParser/NodeVisitor/FindingVisitor.php
vendor/nikic/php-parser/lib/PhpParser/NodeVisitor/FirstFindingVisitor.php,PASS,No syntax errors detected in /Users/qodir_rizqullah/Sites/ERP_RMI_SOFULL/vendor/nikic/php-parser/lib/PhpParser/NodeVisitor/FirstFindingVisitor.php
vendor/nikic/php-parser/lib/PhpParser/NodeVisitor/NameResolver.php,PASS,No syntax errors detected in /Users/qodir_rizqullah/Sites/ERP_RMI_SOFULL/vendor/nikic/php-parser/lib/PhpParser/NodeVisitor/NameResolver.php
vendor/nikic/php-parser/lib/PhpParser/NodeVisitor/NodeConnectingVisitor.php,PASS,No syntax errors detected in /Users/qodir_rizqullah/Sites/ERP_RMI_SOFULL/vendor/nikic/php-parser/lib/PhpParser/NodeVisitor/NodeConnectingVisitor.php
vendor/nikic/php-parser/lib/PhpParser/NodeVisitor/ParentConnectingVisitor.php,PASS,No syntax errors detected in /Users/qodir_rizqullah/Sites/ERP_RMI_SOFULL/vendor/nikic/php-parser/lib/PhpParser/NodeVisitor/ParentConnectingVisitor.php
vendor/nikic/php-parser/lib/PhpParser/NodeVisitorAbstract.php,PASS,No syntax errors detected in /Users/qodir_rizqullah/Sites/ERP_RMI_SOFULL/vendor/nikic/php-parser/lib/PhpParser/NodeVisitorAbstract.php
vendor/nikic/php-parser/lib/PhpParser/Parser.php,PASS,No syntax errors detected in /Users/qodir_rizqullah/Sites/ERP_RMI_SOFULL/vendor/nikic/php-parser/lib/PhpParser/Parser.php
vendor/nikic/php-parser/lib/PhpParser/Parser/Php7.php,PASS,No syntax errors detected in /Users/qodir_rizqullah/Sites/ERP_RMI_SOFULL/vendor/nikic/php-parser/lib/PhpParser/Parser/Php7.php
vendor/nikic/php-parser/lib/PhpParser/Parser/Php8.php,PASS,No syntax errors detected in /Users/qodir_rizqullah/Sites/ERP_RMI_SOFULL/vendor/nikic/php-parser/lib/PhpParser/Parser/Php8.php
vendor/nikic/php-parser/lib/PhpParser/ParserAbstract.php,PASS,No syntax errors detected in /Users/qodir_rizqullah/Sites/ERP_RMI_SOFULL/vendor/nikic/php-parser/lib/PhpParser/ParserAbstract.php
vendor/nikic/php-parser/lib/PhpParser/ParserFactory.php,PASS,No syntax errors detected in /Users/qodir_rizqullah/Sites/ERP_RMI_SOFULL/vendor/nikic/php-parser/lib/PhpParser/ParserFactory.php
vendor/nikic/php-parser/lib/PhpParser/PhpVersion.php,PASS,No syntax errors detected in /Users/qodir_rizqullah/Sites/ERP_RMI_SOFULL/vendor/nikic/php-parser/lib/PhpParser/PhpVersion.php
vendor/nikic/php-parser/lib/PhpParser/PrettyPrinter.php,PASS,No syntax errors detected in /Users/qodir_rizqullah/Sites/ERP_RMI_SOFULL/vendor/nikic/php-parser/lib/PhpParser/PrettyPrinter.php
vendor/nikic/php-parser/lib/PhpParser/PrettyPrinter/Standard.php,PASS,No syntax errors detected in /Users/qodir_rizqullah/Sites/ERP_RMI_SOFULL/vendor/nikic/php-parser/lib/PhpParser/PrettyPrinter/Standard.php
vendor/nikic/php-parser/lib/PhpParser/PrettyPrinterAbstract.php,PASS,No syntax errors detected in /Users/qodir_rizqullah/Sites/ERP_RMI_SOFULL/vendor/nikic/php-parser/lib/PhpParser/PrettyPrinterAbstract.php
vendor/nikic/php-parser/lib/PhpParser/Token.php,PASS,No syntax errors detected in /Users/qodir_rizqullah/Sites/ERP_RMI_SOFULL/vendor/nikic/php-parser/lib/PhpParser/Token.php
vendor/nikic/php-parser/lib/PhpParser/compatibility_tokens.php,PASS,No syntax errors detected in /Users/qodir_rizqullah/Sites/ERP_RMI_SOFULL/vendor/nikic/php-parser/lib/PhpParser/compatibility_tokens.php
vendor/phar-io/manifest/.php-cs-fixer.dist.php,PASS,No syntax errors detected in /Users/qodir_rizqullah/Sites/ERP_RMI_SOFULL/vendor/phar-io/manifest/.php-cs-fixer.dist.php
vendor/phar-io/manifest/src/ManifestDocumentMapper.php,PASS,No syntax errors detected in /Users/qodir_rizqullah/Sites/ERP_RMI_SOFULL/vendor/phar-io/manifest/src/ManifestDocumentMapper.php
vendor/phar-io/manifest/src/ManifestLoader.php,PASS,No syntax errors detected in /Users/qodir_rizqullah/Sites/ERP_RMI_SOFULL/vendor/phar-io/manifest/src/ManifestLoader.php
vendor/phar-io/manifest/src/ManifestSerializer.php,PASS,No syntax errors detected in /Users/qodir_rizqullah/Sites/ERP_RMI_SOFULL/vendor/phar-io/manifest/src/ManifestSerializer.php
vendor/phar-io/manifest/src/exceptions/ElementCollectionException.php,PASS,No syntax errors detected in /Users/qodir_rizqullah/Sites/ERP_RMI_SOFULL/vendor/phar-io/manifest/src/exceptions/ElementCollectionException.php
vendor/phar-io/manifest/src/exceptions/Exception.php,PASS,No syntax errors detected in /Users/qodir_rizqullah/Sites/ERP_RMI_SOFULL/vendor/phar-io/manifest/src/exceptions/Exception.php
vendor/phar-io/manifest/src/exceptions/InvalidApplicationNameException.php,PASS,No syntax errors detected in /Users/qodir_rizqullah/Sites/ERP_RMI_SOFULL/vendor/phar-io/manifest/src/exceptions/InvalidApplicationNameException.php
vendor/phar-io/manifest/src/exceptions/InvalidEmailException.php,PASS,No syntax errors detected in /Users/qodir_rizqullah/Sites/ERP_RMI_SOFULL/vendor/phar-io/manifest/src/exceptions/InvalidEmailException.php
vendor/phar-io/manifest/src/exceptions/InvalidUrlException.php,PASS,No syntax errors detected in /Users/qodir_rizqullah/Sites/ERP_RMI_SOFULL/vendor/phar-io/manifest/src/exceptions/InvalidUrlException.php
vendor/phar-io/manifest/src/exceptions/ManifestDocumentException.php,PASS,No syntax errors detected in /Users/qodir_rizqullah/Sites/ERP_RMI_SOFULL/vendor/phar-io/manifest/src/exceptions/ManifestDocumentException.php
vendor/phar-io/manifest/src/exceptions/ManifestDocumentLoadingException.php,PASS,No syntax errors detected in /Users/qodir_rizqullah/Sites/ERP_RMI_SOFULL/vendor/phar-io/manifest/src/exceptions/ManifestDocumentLoadingException.php
vendor/phar-io/manifest/src/exceptions/ManifestDocumentMapperException.php,PASS,No syntax errors detected in /Users/qodir_rizqullah/Sites/ERP_RMI_SOFULL/vendor/phar-io/manifest/src/exceptions/ManifestDocumentMapperException.php
vendor/phar-io/manifest/src/exceptions/ManifestElementException.php,PASS,No syntax errors detected in /Users/qodir_rizqullah/Sites/ERP_RMI_SOFULL/vendor/phar-io/manifest/src/exceptions/ManifestElementException.php
vendor/phar-io/manifest/src/exceptions/ManifestLoaderException.php,PASS,No syntax errors detected in /Users/qodir_rizqullah/Sites/ERP_RMI_SOFULL/vendor/phar-io/manifest/src/exceptions/ManifestLoaderException.php
vendor/phar-io/manifest/src/exceptions/NoEmailAddressException.php,PASS,No syntax errors detected in /Users/qodir_rizqullah/Sites/ERP_RMI_SOFULL/vendor/phar-io/manifest/src/exceptions/NoEmailAddressException.php
vendor/phar-io/manifest/src/values/Application.php,PASS,No syntax errors detected in /Users/qodir_rizqullah/Sites/ERP_RMI_SOFULL/vendor/phar-io/manifest/src/values/Application.php
vendor/phar-io/manifest/src/values/ApplicationName.php,PASS,No syntax errors detected in /Users/qodir_rizqullah/Sites/ERP_RMI_SOFULL/vendor/phar-io/manifest/src/values/ApplicationName.php
vendor/phar-io/manifest/src/values/Author.php,PASS,No syntax errors detected in /Users/qodir_rizqullah/Sites/ERP_RMI_SOFULL/vendor/phar-io/manifest/src/values/Author.php
vendor/phar-io/manifest/src/values/AuthorCollection.php,PASS,No syntax errors detected in /Users/qodir_rizqullah/Sites/ERP_RMI_SOFULL/vendor/phar-io/manifest/src/values/AuthorCollection.php
vendor/phar-io/manifest/src/values/AuthorCollectionIterator.php,PASS,No syntax errors detected in /Users/qodir_rizqullah/Sites/ERP_RMI_SOFULL/vendor/phar-io/manifest/src/values/AuthorCollectionIterator.php
vendor/phar-io/manifest/src/values/BundledComponent.php,PASS,No syntax errors detected in /Users/qodir_rizqullah/Sites/ERP_RMI_SOFULL/vendor/phar-io/manifest/src/values/BundledComponent.php
vendor/phar-io/manifest/src/values/BundledComponentCollection.php,PASS,No syntax errors detected in /Users/qodir_rizqullah/Sites/ERP_RMI_SOFULL/vendor/phar-io/manifest/src/values/BundledComponentCollection.php
vendor/phar-io/manifest/src/values/BundledComponentCollectionIterator.php,PASS,No syntax errors detected in /Users/qodir_rizqullah/Sites/ERP_RMI_SOFULL/vendor/phar-io/manifest/src/values/BundledComponentCollectionIterator.php
vendor/phar-io/manifest/src/values/CopyrightInformation.php,PASS,No syntax errors detected in /Users/qodir_rizqullah/Sites/ERP_RMI_SOFULL/vendor/phar-io/manifest/src/values/CopyrightInformation.php
vendor/phar-io/manifest/src/values/Email.php,PASS,No syntax errors detected in /Users/qodir_rizqullah/Sites/ERP_RMI_SOFULL/vendor/phar-io/manifest/src/values/Email.php
vendor/phar-io/manifest/src/values/Extension.php,PASS,No syntax errors detected in /Users/qodir_rizqullah/Sites/ERP_RMI_SOFULL/vendor/phar-io/manifest/src/values/Extension.php
vendor/phar-io/manifest/src/values/Library.php,PASS,No syntax errors detected in /Users/qodir_rizqullah/Sites/ERP_RMI_SOFULL/vendor/phar-io/manifest/src/values/Library.php
vendor/phar-io/manifest/src/values/License.php,PASS,No syntax errors detected in /Users/qodir_rizqullah/Sites/ERP_RMI_SOFULL/vendor/phar-io/manifest/src/values/License.php
vendor/phar-io/manifest/src/values/Manifest.php,PASS,No syntax errors detected in /Users/qodir_rizqullah/Sites/ERP_RMI_SOFULL/vendor/phar-io/manifest/src/values/Manifest.php
vendor/phar-io/manifest/src/values/PhpExtensionRequirement.php,PASS,No syntax errors detected in /Users/qodir_rizqullah/Sites/ERP_RMI_SOFULL/vendor/phar-io/manifest/src/values/PhpExtensionRequirement.php
vendor/phar-io/manifest/src/values/PhpVersionRequirement.php,PASS,No syntax errors detected in /Users/qodir_rizqullah/Sites/ERP_RMI_SOFULL/vendor/phar-io/manifest/src/values/PhpVersionRequirement.php
vendor/phar-io/manifest/src/values/Requirement.php,PASS,No syntax errors detected in /Users/qodir_rizqullah/Sites/ERP_RMI_SOFULL/vendor/phar-io/manifest/src/values/Requirement.php
vendor/phar-io/manifest/src/values/RequirementCollection.php,PASS,No syntax errors detected in /Users/qodir_rizqullah/Sites/ERP_RMI_SOFULL/vendor/phar-io/manifest/src/values/RequirementCollection.php
vendor/phar-io/manifest/src/values/RequirementCollectionIterator.php,PASS,No syntax errors detected in /Users/qodir_rizqullah/Sites/ERP_RMI_SOFULL/vendor/phar-io/manifest/src/values/RequirementCollectionIterator.php
vendor/phar-io/manifest/src/values/Type.php,PASS,No syntax errors detected in /Users/qodir_rizqullah/Sites/ERP_RMI_SOFULL/vendor/phar-io/manifest/src/values/Type.php
vendor/phar-io/manifest/src/values/Url.php,PASS,No syntax errors detected in /Users/qodir_rizqullah/Sites/ERP_RMI_SOFULL/vendor/phar-io/manifest/src/values/Url.php
vendor/phar-io/manifest/src/xml/AuthorElement.php,PASS,No syntax errors detected in /Users/qodir_rizqullah/Sites/ERP_RMI_SOFULL/vendor/phar-io/manifest/src/xml/AuthorElement.php
vendor/phar-io/manifest/src/xml/AuthorElementCollection.php,PASS,No syntax errors detected in /Users/qodir_rizqullah/Sites/ERP_RMI_SOFULL/vendor/phar-io/manifest/src/xml/AuthorElementCollection.php
vendor/phar-io/manifest/src/xml/BundlesElement.php,PASS,No syntax errors detected in /Users/qodir_rizqullah/Sites/ERP_RMI_SOFULL/vendor/phar-io/manifest/src/xml/BundlesElement.php
vendor/phar-io/manifest/src/xml/ComponentElement.php,PASS,No syntax errors detected in /Users/qodir_rizqullah/Sites/ERP_RMI_SOFULL/vendor/phar-io/manifest/src/xml/ComponentElement.php
vendor/phar-io/manifest/src/xml/ComponentElementCollection.php,PASS,No syntax errors detected in /Users/qodir_rizqullah/Sites/ERP_RMI_SOFULL/vendor/phar-io/manifest/src/xml/ComponentElementCollection.php
vendor/phar-io/manifest/src/xml/ContainsElement.php,PASS,No syntax errors detected in /Users/qodir_rizqullah/Sites/ERP_RMI_SOFULL/vendor/phar-io/manifest/src/xml/ContainsElement.php
vendor/phar-io/manifest/src/xml/CopyrightElement.php,PASS,No syntax errors detected in /Users/qodir_rizqullah/Sites/ERP_RMI_SOFULL/vendor/phar-io/manifest/src/xml/CopyrightElement.php
vendor/phar-io/manifest/src/xml/ElementCollection.php,PASS,No syntax errors detected in /Users/qodir_rizqullah/Sites/ERP_RMI_SOFULL/vendor/phar-io/manifest/src/xml/ElementCollection.php
vendor/phar-io/manifest/src/xml/ExtElement.php,PASS,No syntax errors detected in /Users/qodir_rizqullah/Sites/ERP_RMI_SOFULL/vendor/phar-io/manifest/src/xml/ExtElement.php
vendor/phar-io/manifest/src/xml/ExtElementCollection.php,PASS,No syntax errors detected in /Users/qodir_rizqullah/Sites/ERP_RMI_SOFULL/vendor/phar-io/manifest/src/xml/ExtElementCollection.php
vendor/phar-io/manifest/src/xml/ExtensionElement.php,PASS,No syntax errors detected in /Users/qodir_rizqullah/Sites/ERP_RMI_SOFULL/vendor/phar-io/manifest/src/xml/ExtensionElement.php
vendor/phar-io/manifest/src/xml/LicenseElement.php,PASS,No syntax errors detected in /Users/qodir_rizqullah/Sites/ERP_RMI_SOFULL/vendor/phar-io/manifest/src/xml/LicenseElement.php
vendor/phar-io/manifest/src/xml/ManifestDocument.php,PASS,No syntax errors detected in /Users/qodir_rizqullah/Sites/ERP_RMI_SOFULL/vendor/phar-io/manifest/src/xml/ManifestDocument.php
vendor/phar-io/manifest/src/xml/ManifestElement.php,PASS,No syntax errors detected in /Users/qodir_rizqullah/Sites/ERP_RMI_SOFULL/vendor/phar-io/manifest/src/xml/ManifestElement.php
vendor/phar-io/manifest/src/xml/PhpElement.php,PASS,No syntax errors detected in /Users/qodir_rizqullah/Sites/ERP_RMI_SOFULL/vendor/phar-io/manifest/src/xml/PhpElement.php
vendor/phar-io/manifest/src/xml/RequiresElement.php,PASS,No syntax errors detected in /Users/qodir_rizqullah/Sites/ERP_RMI_SOFULL/vendor/phar-io/manifest/src/xml/RequiresElement.php
vendor/phar-io/manifest/tools/php-cs-fixer.d/PhpdocSingleLineVarFixer.php,PASS,No syntax errors detected in /Users/qodir_rizqullah/Sites/ERP_RMI_SOFULL/vendor/phar-io/manifest/tools/php-cs-fixer.d/PhpdocSingleLineVarFixer.php
vendor/phar-io/version/src/BuildMetaData.php,PASS,No syntax errors detected in /Users/qodir_rizqullah/Sites/ERP_RMI_SOFULL/vendor/phar-io/version/src/BuildMetaData.php
vendor/phar-io/version/src/PreReleaseSuffix.php,PASS,No syntax errors detected in /Users/qodir_rizqullah/Sites/ERP_RMI_SOFULL/vendor/phar-io/version/src/PreReleaseSuffix.php
vendor/phar-io/version/src/Version.php,PASS,No syntax errors detected in /Users/qodir_rizqullah/Sites/ERP_RMI_SOFULL/vendor/phar-io/version/src/Version.php
vendor/phar-io/version/src/VersionConstraintParser.php,PASS,No syntax errors detected in /Users/qodir_rizqullah/Sites/ERP_RMI_SOFULL/vendor/phar-io/version/src/VersionConstraintParser.php
vendor/phar-io/version/src/VersionConstraintValue.php,PASS,No syntax errors detected in /Users/qodir_rizqullah/Sites/ERP_RMI_SOFULL/vendor/phar-io/version/src/VersionConstraintValue.php
vendor/phar-io/version/src/VersionNumber.php,PASS,No syntax errors detected in /Users/qodir_rizqullah/Sites/ERP_RMI_SOFULL/vendor/phar-io/version/src/VersionNumber.php
vendor/phar-io/version/src/constraints/AbstractVersionConstraint.php,PASS,No syntax errors detected in /Users/qodir_rizqullah/Sites/ERP_RMI_SOFULL/vendor/phar-io/version/src/constraints/AbstractVersionConstraint.php
vendor/phar-io/version/src/constraints/AndVersionConstraintGroup.php,PASS,No syntax errors detected in /Users/qodir_rizqullah/Sites/ERP_RMI_SOFULL/vendor/phar-io/version/src/constraints/AndVersionConstraintGroup.php
vendor/phar-io/version/src/constraints/AnyVersionConstraint.php,PASS,No syntax errors detected in /Users/qodir_rizqullah/Sites/ERP_RMI_SOFULL/vendor/phar-io/version/src/constraints/AnyVersionConstraint.php
vendor/phar-io/version/src/constraints/ExactVersionConstraint.php,PASS,No syntax errors detected in /Users/qodir_rizqullah/Sites/ERP_RMI_SOFULL/vendor/phar-io/version/src/constraints/ExactVersionConstraint.php
vendor/phar-io/version/src/constraints/GreaterThanOrEqualToVersionConstraint.php,PASS,No syntax errors detected in /Users/qodir_rizqullah/Sites/ERP_RMI_SOFULL/vendor/phar-io/version/src/constraints/GreaterThanOrEqualToVersionConstraint.php
vendor/phar-io/version/src/constraints/OrVersionConstraintGroup.php,PASS,No syntax errors detected in /Users/qodir_rizqullah/Sites/ERP_RMI_SOFULL/vendor/phar-io/version/src/constraints/OrVersionConstraintGroup.php
vendor/phar-io/version/src/constraints/SpecificMajorAndMinorVersionConstraint.php,PASS,No syntax errors detected in /Users/qodir_rizqullah/Sites/ERP_RMI_SOFULL/vendor/phar-io/version/src/constraints/SpecificMajorAndMinorVersionConstraint.php
vendor/phar-io/version/src/constraints/SpecificMajorVersionConstraint.php,PASS,No syntax errors detected in /Users/qodir_rizqullah/Sites/ERP_RMI_SOFULL/vendor/phar-io/version/src/constraints/SpecificMajorVersionConstraint.php
vendor/phar-io/version/src/constraints/VersionConstraint.php,PASS,No syntax errors detected in /Users/qodir_rizqullah/Sites/ERP_RMI_SOFULL/vendor/phar-io/version/src/constraints/VersionConstraint.php
vendor/phar-io/version/src/exceptions/Exception.php,PASS,No syntax errors detected in /Users/qodir_rizqullah/Sites/ERP_RMI_SOFULL/vendor/phar-io/version/src/exceptions/Exception.php
vendor/phar-io/version/src/exceptions/InvalidPreReleaseSuffixException.php,PASS,No syntax errors detected in /Users/qodir_rizqullah/Sites/ERP_RMI_SOFULL/vendor/phar-io/version/src/exceptions/InvalidPreReleaseSuffixException.php
vendor/phar-io/version/src/exceptions/InvalidVersionException.php,PASS,No syntax errors detected in /Users/qodir_rizqullah/Sites/ERP_RMI_SOFULL/vendor/phar-io/version/src/exceptions/InvalidVersionException.php
vendor/phar-io/version/src/exceptions/NoBuildMetaDataException.php,PASS,No syntax errors detected in /Users/qodir_rizqullah/Sites/ERP_RMI_SOFULL/vendor/phar-io/version/src/exceptions/NoBuildMetaDataException.php
vendor/phar-io/version/src/exceptions/NoPreReleaseSuffixException.php,PASS,No syntax errors detected in /Users/qodir_rizqullah/Sites/ERP_RMI_SOFULL/vendor/phar-io/version/src/exceptions/NoPreReleaseSuffixException.php
vendor/phar-io/version/src/exceptions/UnsupportedVersionConstraintException.php,PASS,No syntax errors detected in /Users/qodir_rizqullah/Sites/ERP_RMI_SOFULL/vendor/phar-io/version/src/exceptions/UnsupportedVersionConstraintException.php
vendor/phpunit/php-code-coverage/src/CodeCoverage.php,PASS,No syntax errors detected in /Users/qodir_rizqullah/Sites/ERP_RMI_SOFULL/vendor/phpunit/php-code-coverage/src/CodeCoverage.php
vendor/phpunit/php-code-coverage/src/Data/ProcessedCodeCoverageData.php,PASS,No syntax errors detected in /Users/qodir_rizqullah/Sites/ERP_RMI_SOFULL/vendor/phpunit/php-code-coverage/src/Data/ProcessedCodeCoverageData.php
vendor/phpunit/php-code-coverage/src/Data/RawCodeCoverageData.php,PASS,No syntax errors detected in /Users/qodir_rizqullah/Sites/ERP_RMI_SOFULL/vendor/phpunit/php-code-coverage/src/Data/RawCodeCoverageData.php
vendor/phpunit/php-code-coverage/src/Driver/Driver.php,PASS,No syntax errors detected in /Users/qodir_rizqullah/Sites/ERP_RMI_SOFULL/vendor/phpunit/php-code-coverage/src/Driver/Driver.php
vendor/phpunit/php-code-coverage/src/Driver/PcovDriver.php,PASS,No syntax errors detected in /Users/qodir_rizqullah/Sites/ERP_RMI_SOFULL/vendor/phpunit/php-code-coverage/src/Driver/PcovDriver.php
vendor/phpunit/php-code-coverage/src/Driver/Selector.php,PASS,No syntax errors detected in /Users/qodir_rizqullah/Sites/ERP_RMI_SOFULL/vendor/phpunit/php-code-coverage/src/Driver/Selector.php
vendor/phpunit/php-code-coverage/src/Driver/XdebugDriver.php,PASS,No syntax errors detected in /Users/qodir_rizqullah/Sites/ERP_RMI_SOFULL/vendor/phpunit/php-code-coverage/src/Driver/XdebugDriver.php
vendor/phpunit/php-code-coverage/src/Exception/BranchAndPathCoverageNotSupportedException.php,PASS,No syntax errors detected in /Users/qodir_rizqullah/Sites/ERP_RMI_SOFULL/vendor/phpunit/php-code-coverage/src/Exception/BranchAndPathCoverageNotSupportedException.php
vendor/phpunit/php-code-coverage/src/Exception/DeadCodeDetectionNotSupportedException.php,PASS,No syntax errors detected in /Users/qodir_rizqullah/Sites/ERP_RMI_SOFULL/vendor/phpunit/php-code-coverage/src/Exception/DeadCodeDetectionNotSupportedException.php
vendor/phpunit/php-code-coverage/src/Exception/DirectoryCouldNotBeCreatedException.php,PASS,No syntax errors detected in /Users/qodir_rizqullah/Sites/ERP_RMI_SOFULL/vendor/phpunit/php-code-coverage/src/Exception/DirectoryCouldNotBeCreatedException.php
vendor/phpunit/php-code-coverage/src/Exception/Exception.php,PASS,No syntax errors detected in /Users/qodir_rizqullah/Sites/ERP_RMI_SOFULL/vendor/phpunit/php-code-coverage/src/Exception/Exception.php
vendor/phpunit/php-code-coverage/src/Exception/FileCouldNotBeWrittenException.php,PASS,No syntax errors detected in /Users/qodir_rizqullah/Sites/ERP_RMI_SOFULL/vendor/phpunit/php-code-coverage/src/Exception/FileCouldNotBeWrittenException.php
vendor/phpunit/php-code-coverage/src/Exception/InvalidArgumentException.php,PASS,No syntax errors detected in /Users/qodir_rizqullah/Sites/ERP_RMI_SOFULL/vendor/phpunit/php-code-coverage/src/Exception/InvalidArgumentException.php
vendor/phpunit/php-code-coverage/src/Exception/NoCodeCoverageDriverAvailableException.php,PASS,No syntax errors detected in /Users/qodir_rizqullah/Sites/ERP_RMI_SOFULL/vendor/phpunit/php-code-coverage/src/Exception/NoCodeCoverageDriverAvailableException.php
vendor/phpunit/php-code-coverage/src/Exception/NoCodeCoverageDriverWithPathCoverageSupportAvailableException.php,PASS,No syntax errors detected in /Users/qodir_rizqullah/Sites/ERP_RMI_SOFULL/vendor/phpunit/php-code-coverage/src/Exception/NoCodeCoverageDriverWithPathCoverageSupportAvailableException.php
vendor/phpunit/php-code-coverage/src/Exception/ParserException.php,PASS,No syntax errors detected in /Users/qodir_rizqullah/Sites/ERP_RMI_SOFULL/vendor/phpunit/php-code-coverage/src/Exception/ParserException.php
vendor/phpunit/php-code-coverage/src/Exception/PathExistsButIsNotDirectoryException.php,PASS,No syntax errors detected in /Users/qodir_rizqullah/Sites/ERP_RMI_SOFULL/vendor/phpunit/php-code-coverage/src/Exception/PathExistsButIsNotDirectoryException.php
vendor/phpunit/php-code-coverage/src/Exception/PcovNotAvailableException.php,PASS,No syntax errors detected in /Users/qodir_rizqullah/Sites/ERP_RMI_SOFULL/vendor/phpunit/php-code-coverage/src/Exception/PcovNotAvailableException.php
vendor/phpunit/php-code-coverage/src/Exception/ReflectionException.php,PASS,No syntax errors detected in /Users/qodir_rizqullah/Sites/ERP_RMI_SOFULL/vendor/phpunit/php-code-coverage/src/Exception/ReflectionException.php
vendor/phpunit/php-code-coverage/src/Exception/ReportAlreadyFinalizedException.php,PASS,No syntax errors detected in /Users/qodir_rizqullah/Sites/ERP_RMI_SOFULL/vendor/phpunit/php-code-coverage/src/Exception/ReportAlreadyFinalizedException.php
vendor/phpunit/php-code-coverage/src/Exception/StaticAnalysisCacheNotConfiguredException.php,PASS,No syntax errors detected in /Users/qodir_rizqullah/Sites/ERP_RMI_SOFULL/vendor/phpunit/php-code-coverage/src/Exception/StaticAnalysisCacheNotConfiguredException.php
vendor/phpunit/php-code-coverage/src/Exception/TestIdMissingException.php,PASS,No syntax errors detected in /Users/qodir_rizqullah/Sites/ERP_RMI_SOFULL/vendor/phpunit/php-code-coverage/src/Exception/TestIdMissingException.php
vendor/phpunit/php-code-coverage/src/Exception/UnintentionallyCoveredCodeException.php,PASS,No syntax errors detected in /Users/qodir_rizqullah/Sites/ERP_RMI_SOFULL/vendor/phpunit/php-code-coverage/src/Exception/UnintentionallyCoveredCodeException.php
vendor/phpunit/php-code-coverage/src/Exception/WriteOperationFailedException.php,PASS,No syntax errors detected in /Users/qodir_rizqullah/Sites/ERP_RMI_SOFULL/vendor/phpunit/php-code-coverage/src/Exception/WriteOperationFailedException.php
vendor/phpunit/php-code-coverage/src/Exception/XdebugNotAvailableException.php,PASS,No syntax errors detected in /Users/qodir_rizqullah/Sites/ERP_RMI_SOFULL/vendor/phpunit/php-code-coverage/src/Exception/XdebugNotAvailableException.php
vendor/phpunit/php-code-coverage/src/Exception/XdebugNotEnabledException.php,PASS,No syntax errors detected in /Users/qodir_rizqullah/Sites/ERP_RMI_SOFULL/vendor/phpunit/php-code-coverage/src/Exception/XdebugNotEnabledException.php
vendor/phpunit/php-code-coverage/src/Exception/XmlException.php,PASS,No syntax errors detected in /Users/qodir_rizqullah/Sites/ERP_RMI_SOFULL/vendor/phpunit/php-code-coverage/src/Exception/XmlException.php
vendor/phpunit/php-code-coverage/src/Filter.php,PASS,No syntax errors detected in /Users/qodir_rizqullah/Sites/ERP_RMI_SOFULL/vendor/phpunit/php-code-coverage/src/Filter.php
vendor/phpunit/php-code-coverage/src/Node/AbstractNode.php,PASS,No syntax errors detected in /Users/qodir_rizqullah/Sites/ERP_RMI_SOFULL/vendor/phpunit/php-code-coverage/src/Node/AbstractNode.php
vendor/phpunit/php-code-coverage/src/Node/Builder.php,PASS,No syntax errors detected in /Users/qodir_rizqullah/Sites/ERP_RMI_SOFULL/vendor/phpunit/php-code-coverage/src/Node/Builder.php
vendor/phpunit/php-code-coverage/src/Node/CrapIndex.php,PASS,No syntax errors detected in /Users/qodir_rizqullah/Sites/ERP_RMI_SOFULL/vendor/phpunit/php-code-coverage/src/Node/CrapIndex.php
vendor/phpunit/php-code-coverage/src/Node/Directory.php,PASS,No syntax errors detected in /Users/qodir_rizqullah/Sites/ERP_RMI_SOFULL/vendor/phpunit/php-code-coverage/src/Node/Directory.php
vendor/phpunit/php-code-coverage/src/Node/File.php,PASS,No syntax errors detected in /Users/qodir_rizqullah/Sites/ERP_RMI_SOFULL/vendor/phpunit/php-code-coverage/src/Node/File.php
vendor/phpunit/php-code-coverage/src/Node/Iterator.php,PASS,No syntax errors detected in /Users/qodir_rizqullah/Sites/ERP_RMI_SOFULL/vendor/phpunit/php-code-coverage/src/Node/Iterator.php
vendor/phpunit/php-code-coverage/src/Report/Clover.php,PASS,No syntax errors detected in /Users/qodir_rizqullah/Sites/ERP_RMI_SOFULL/vendor/phpunit/php-code-coverage/src/Report/Clover.php
vendor/phpunit/php-code-coverage/src/Report/Cobertura.php,PASS,No syntax errors detected in /Users/qodir_rizqullah/Sites/ERP_RMI_SOFULL/vendor/phpunit/php-code-coverage/src/Report/Cobertura.php
vendor/phpunit/php-code-coverage/src/Report/Crap4j.php,PASS,No syntax errors detected in /Users/qodir_rizqullah/Sites/ERP_RMI_SOFULL/vendor/phpunit/php-code-coverage/src/Report/Crap4j.php
vendor/phpunit/php-code-coverage/src/Report/Html/Colors.php,PASS,No syntax errors detected in /Users/qodir_rizqullah/Sites/ERP_RMI_SOFULL/vendor/phpunit/php-code-coverage/src/Report/Html/Colors.php
vendor/phpunit/php-code-coverage/src/Report/Html/CustomCssFile.php,PASS,No syntax errors detected in /Users/qodir_rizqullah/Sites/ERP_RMI_SOFULL/vendor/phpunit/php-code-coverage/src/Report/Html/CustomCssFile.php
vendor/phpunit/php-code-coverage/src/Report/Html/Facade.php,PASS,No syntax errors detected in /Users/qodir_rizqullah/Sites/ERP_RMI_SOFULL/vendor/phpunit/php-code-coverage/src/Report/Html/Facade.php
vendor/phpunit/php-code-coverage/src/Report/Html/Renderer.php,PASS,No syntax errors detected in /Users/qodir_rizqullah/Sites/ERP_RMI_SOFULL/vendor/phpunit/php-code-coverage/src/Report/Html/Renderer.php
vendor/phpunit/php-code-coverage/src/Report/Html/Renderer/Dashboard.php,PASS,No syntax errors detected in /Users/qodir_rizqullah/Sites/ERP_RMI_SOFULL/vendor/phpunit/php-code-coverage/src/Report/Html/Renderer/Dashboard.php
vendor/phpunit/php-code-coverage/src/Report/Html/Renderer/Directory.php,PASS,No syntax errors detected in /Users/qodir_rizqullah/Sites/ERP_RMI_SOFULL/vendor/phpunit/php-code-coverage/src/Report/Html/Renderer/Directory.php
vendor/phpunit/php-code-coverage/src/Report/Html/Renderer/File.php,PASS,No syntax errors detected in /Users/qodir_rizqullah/Sites/ERP_RMI_SOFULL/vendor/phpunit/php-code-coverage/src/Report/Html/Renderer/File.php
vendor/phpunit/php-code-coverage/src/Report/PHP.php,PASS,No syntax errors detected in /Users/qodir_rizqullah/Sites/ERP_RMI_SOFULL/vendor/phpunit/php-code-coverage/src/Report/PHP.php
vendor/phpunit/php-code-coverage/src/Report/Text.php,PASS,No syntax errors detected in /Users/qodir_rizqullah/Sites/ERP_RMI_SOFULL/vendor/phpunit/php-code-coverage/src/Report/Text.php
vendor/phpunit/php-code-coverage/src/Report/Thresholds.php,PASS,No syntax errors detected in /Users/qodir_rizqullah/Sites/ERP_RMI_SOFULL/vendor/phpunit/php-code-coverage/src/Report/Thresholds.php
vendor/phpunit/php-code-coverage/src/Report/Xml/BuildInformation.php,PASS,No syntax errors detected in /Users/qodir_rizqullah/Sites/ERP_RMI_SOFULL/vendor/phpunit/php-code-coverage/src/Report/Xml/BuildInformation.php
vendor/phpunit/php-code-coverage/src/Report/Xml/Coverage.php,PASS,No syntax errors detected in /Users/qodir_rizqullah/Sites/ERP_RMI_SOFULL/vendor/phpunit/php-code-coverage/src/Report/Xml/Coverage.php
vendor/phpunit/php-code-coverage/src/Report/Xml/Directory.php,PASS,No syntax errors detected in /Users/qodir_rizqullah/Sites/ERP_RMI_SOFULL/vendor/phpunit/php-code-coverage/src/Report/Xml/Directory.php
vendor/phpunit/php-code-coverage/src/Report/Xml/Facade.php,PASS,No syntax errors detected in /Users/qodir_rizqullah/Sites/ERP_RMI_SOFULL/vendor/phpunit/php-code-coverage/src/Report/Xml/Facade.php
vendor/phpunit/php-code-coverage/src/Report/Xml/File.php,PASS,No syntax errors detected in /Users/qodir_rizqullah/Sites/ERP_RMI_SOFULL/vendor/phpunit/php-code-coverage/src/Report/Xml/File.php
vendor/phpunit/php-code-coverage/src/Report/Xml/Method.php,PASS,No syntax errors detected in /Users/qodir_rizqullah/Sites/ERP_RMI_SOFULL/vendor/phpunit/php-code-coverage/src/Report/Xml/Method.php
vendor/phpunit/php-code-coverage/src/Report/Xml/Node.php,PASS,No syntax errors detected in /Users/qodir_rizqullah/Sites/ERP_RMI_SOFULL/vendor/phpunit/php-code-coverage/src/Report/Xml/Node.php
vendor/phpunit/php-code-coverage/src/Report/Xml/Project.php,PASS,No syntax errors detected in /Users/qodir_rizqullah/Sites/ERP_RMI_SOFULL/vendor/phpunit/php-code-coverage/src/Report/Xml/Project.php
vendor/phpunit/php-code-coverage/src/Report/Xml/Report.php,PASS,No syntax errors detected in /Users/qodir_rizqullah/Sites/ERP_RMI_SOFULL/vendor/phpunit/php-code-coverage/src/Report/Xml/Report.php
vendor/phpunit/php-code-coverage/src/Report/Xml/Source.php,PASS,No syntax errors detected in /Users/qodir_rizqullah/Sites/ERP_RMI_SOFULL/vendor/phpunit/php-code-coverage/src/Report/Xml/Source.php
vendor/phpunit/php-code-coverage/src/Report/Xml/Tests.php,PASS,No syntax errors detected in /Users/qodir_rizqullah/Sites/ERP_RMI_SOFULL/vendor/phpunit/php-code-coverage/src/Report/Xml/Tests.php
vendor/phpunit/php-code-coverage/src/Report/Xml/Totals.php,PASS,No syntax errors detected in /Users/qodir_rizqullah/Sites/ERP_RMI_SOFULL/vendor/phpunit/php-code-coverage/src/Report/Xml/Totals.php
vendor/phpunit/php-code-coverage/src/Report/Xml/Unit.php,PASS,No syntax errors detected in /Users/qodir_rizqullah/Sites/ERP_RMI_SOFULL/vendor/phpunit/php-code-coverage/src/Report/Xml/Unit.php
vendor/phpunit/php-code-coverage/src/StaticAnalysis/CacheWarmer.php,PASS,No syntax errors detected in /Users/qodir_rizqullah/Sites/ERP_RMI_SOFULL/vendor/phpunit/php-code-coverage/src/StaticAnalysis/CacheWarmer.php
vendor/phpunit/php-code-coverage/src/StaticAnalysis/CachingFileAnalyser.php,PASS,No syntax errors detected in /Users/qodir_rizqullah/Sites/ERP_RMI_SOFULL/vendor/phpunit/php-code-coverage/src/StaticAnalysis/CachingFileAnalyser.php
vendor/phpunit/php-code-coverage/src/StaticAnalysis/CodeUnitFindingVisitor.php,PASS,No syntax errors detected in /Users/qodir_rizqullah/Sites/ERP_RMI_SOFULL/vendor/phpunit/php-code-coverage/src/StaticAnalysis/CodeUnitFindingVisitor.php
vendor/phpunit/php-code-coverage/src/StaticAnalysis/ExecutableLinesFindingVisitor.php,PASS,No syntax errors detected in /Users/qodir_rizqullah/Sites/ERP_RMI_SOFULL/vendor/phpunit/php-code-coverage/src/StaticAnalysis/ExecutableLinesFindingVisitor.php
vendor/phpunit/php-code-coverage/src/StaticAnalysis/FileAnalyser.php,PASS,No syntax errors detected in /Users/qodir_rizqullah/Sites/ERP_RMI_SOFULL/vendor/phpunit/php-code-coverage/src/StaticAnalysis/FileAnalyser.php
vendor/phpunit/php-code-coverage/src/StaticAnalysis/IgnoredLinesFindingVisitor.php,PASS,No syntax errors detected in /Users/qodir_rizqullah/Sites/ERP_RMI_SOFULL/vendor/phpunit/php-code-coverage/src/StaticAnalysis/IgnoredLinesFindingVisitor.php
vendor/phpunit/php-code-coverage/src/StaticAnalysis/ParsingFileAnalyser.php,PASS,No syntax errors detected in /Users/qodir_rizqullah/Sites/ERP_RMI_SOFULL/vendor/phpunit/php-code-coverage/src/StaticAnalysis/ParsingFileAnalyser.php
vendor/phpunit/php-code-coverage/src/TestSize/Known.php,PASS,No syntax errors detected in /Users/qodir_rizqullah/Sites/ERP_RMI_SOFULL/vendor/phpunit/php-code-coverage/src/TestSize/Known.php
vendor/phpunit/php-code-coverage/src/TestSize/Large.php,PASS,No syntax errors detected in /Users/qodir_rizqullah/Sites/ERP_RMI_SOFULL/vendor/phpunit/php-code-coverage/src/TestSize/Large.php
vendor/phpunit/php-code-coverage/src/TestSize/Medium.php,PASS,No syntax errors detected in /Users/qodir_rizqullah/Sites/ERP_RMI_SOFULL/vendor/phpunit/php-code-coverage/src/TestSize/Medium.php
vendor/phpunit/php-code-coverage/src/TestSize/Small.php,PASS,No syntax errors detected in /Users/qodir_rizqullah/Sites/ERP_RMI_SOFULL/vendor/phpunit/php-code-coverage/src/TestSize/Small.php
vendor/phpunit/php-code-coverage/src/TestSize/TestSize.php,PASS,No syntax errors detected in /Users/qodir_rizqullah/Sites/ERP_RMI_SOFULL/vendor/phpunit/php-code-coverage/src/TestSize/TestSize.php
vendor/phpunit/php-code-coverage/src/TestSize/Unknown.php,PASS,No syntax errors detected in /Users/qodir_rizqullah/Sites/ERP_RMI_SOFULL/vendor/phpunit/php-code-coverage/src/TestSize/Unknown.php
vendor/phpunit/php-code-coverage/src/TestStatus/Failure.php,PASS,No syntax errors detected in /Users/qodir_rizqullah/Sites/ERP_RMI_SOFULL/vendor/phpunit/php-code-coverage/src/TestStatus/Failure.php
vendor/phpunit/php-code-coverage/src/TestStatus/Known.php,PASS,No syntax errors detected in /Users/qodir_rizqullah/Sites/ERP_RMI_SOFULL/vendor/phpunit/php-code-coverage/src/TestStatus/Known.php
vendor/phpunit/php-code-coverage/src/TestStatus/Success.php,PASS,No syntax errors detected in /Users/qodir_rizqullah/Sites/ERP_RMI_SOFULL/vendor/phpunit/php-code-coverage/src/TestStatus/Success.php
vendor/phpunit/php-code-coverage/src/TestStatus/TestStatus.php,PASS,No syntax errors detected in /Users/qodir_rizqullah/Sites/ERP_RMI_SOFULL/vendor/phpunit/php-code-coverage/src/TestStatus/TestStatus.php
vendor/phpunit/php-code-coverage/src/TestStatus/Unknown.php,PASS,No syntax errors detected in /Users/qodir_rizqullah/Sites/ERP_RMI_SOFULL/vendor/phpunit/php-code-coverage/src/TestStatus/Unknown.php
vendor/phpunit/php-code-coverage/src/Util/Filesystem.php,PASS,No syntax errors detected in /Users/qodir_rizqullah/Sites/ERP_RMI_SOFULL/vendor/phpunit/php-code-coverage/src/Util/Filesystem.php
vendor/phpunit/php-code-coverage/src/Util/Percentage.php,PASS,No syntax errors detected in /Users/qodir_rizqullah/Sites/ERP_RMI_SOFULL/vendor/phpunit/php-code-coverage/src/Util/Percentage.php
vendor/phpunit/php-code-coverage/src/Util/Xml.php,PASS,No syntax errors detected in /Users/qodir_rizqullah/Sites/ERP_RMI_SOFULL/vendor/phpunit/php-code-coverage/src/Util/Xml.php
vendor/phpunit/php-code-coverage/src/Version.php,PASS,No syntax errors detected in /Users/qodir_rizqullah/Sites/ERP_RMI_SOFULL/vendor/phpunit/php-code-coverage/src/Version.php
vendor/phpunit/php-file-iterator/src/ExcludeIterator.php,PASS,No syntax errors detected in /Users/qodir_rizqullah/Sites/ERP_RMI_SOFULL/vendor/phpunit/php-file-iterator/src/ExcludeIterator.php
vendor/phpunit/php-file-iterator/src/Facade.php,PASS,No syntax errors detected in /Users/qodir_rizqullah/Sites/ERP_RMI_SOFULL/vendor/phpunit/php-file-iterator/src/Facade.php
vendor/phpunit/php-file-iterator/src/Factory.php,PASS,No syntax errors detected in /Users/qodir_rizqullah/Sites/ERP_RMI_SOFULL/vendor/phpunit/php-file-iterator/src/Factory.php
vendor/phpunit/php-file-iterator/src/Iterator.php,PASS,No syntax errors detected in /Users/qodir_rizqullah/Sites/ERP_RMI_SOFULL/vendor/phpunit/php-file-iterator/src/Iterator.php
vendor/phpunit/php-invoker/src/Invoker.php,PASS,No syntax errors detected in /Users/qodir_rizqullah/Sites/ERP_RMI_SOFULL/vendor/phpunit/php-invoker/src/Invoker.php
vendor/phpunit/php-invoker/src/exceptions/Exception.php,PASS,No syntax errors detected in /Users/qodir_rizqullah/Sites/ERP_RMI_SOFULL/vendor/phpunit/php-invoker/src/exceptions/Exception.php
vendor/phpunit/php-invoker/src/exceptions/ProcessControlExtensionNotLoadedException.php,PASS,No syntax errors detected in /Users/qodir_rizqullah/Sites/ERP_RMI_SOFULL/vendor/phpunit/php-invoker/src/exceptions/ProcessControlExtensionNotLoadedException.php
vendor/phpunit/php-invoker/src/exceptions/TimeoutException.php,PASS,No syntax errors detected in /Users/qodir_rizqullah/Sites/ERP_RMI_SOFULL/vendor/phpunit/php-invoker/src/exceptions/TimeoutException.php
vendor/phpunit/php-text-template/src/Template.php,PASS,No syntax errors detected in /Users/qodir_rizqullah/Sites/ERP_RMI_SOFULL/vendor/phpunit/php-text-template/src/Template.php
vendor/phpunit/php-text-template/src/exceptions/Exception.php,PASS,No syntax errors detected in /Users/qodir_rizqullah/Sites/ERP_RMI_SOFULL/vendor/phpunit/php-text-template/src/exceptions/Exception.php
vendor/phpunit/php-text-template/src/exceptions/InvalidArgumentException.php,PASS,No syntax errors detected in /Users/qodir_rizqullah/Sites/ERP_RMI_SOFULL/vendor/phpunit/php-text-template/src/exceptions/InvalidArgumentException.php
vendor/phpunit/php-text-template/src/exceptions/RuntimeException.php,PASS,No syntax errors detected in /Users/qodir_rizqullah/Sites/ERP_RMI_SOFULL/vendor/phpunit/php-text-template/src/exceptions/RuntimeException.php
vendor/phpunit/php-timer/src/Duration.php,PASS,No syntax errors detected in /Users/qodir_rizqullah/Sites/ERP_RMI_SOFULL/vendor/phpunit/php-timer/src/Duration.php
vendor/phpunit/php-timer/src/ResourceUsageFormatter.php,PASS,No syntax errors detected in /Users/qodir_rizqullah/Sites/ERP_RMI_SOFULL/vendor/phpunit/php-timer/src/ResourceUsageFormatter.php
vendor/phpunit/php-timer/src/Timer.php,PASS,No syntax errors detected in /Users/qodir_rizqullah/Sites/ERP_RMI_SOFULL/vendor/phpunit/php-timer/src/Timer.php
vendor/phpunit/php-timer/src/exceptions/Exception.php,PASS,No syntax errors detected in /Users/qodir_rizqullah/Sites/ERP_RMI_SOFULL/vendor/phpunit/php-timer/src/exceptions/Exception.php
vendor/phpunit/php-timer/src/exceptions/NoActiveTimerException.php,PASS,No syntax errors detected in /Users/qodir_rizqullah/Sites/ERP_RMI_SOFULL/vendor/phpunit/php-timer/src/exceptions/NoActiveTimerException.php
vendor/phpunit/php-timer/src/exceptions/TimeSinceStartOfRequestNotAvailableException.php,PASS,No syntax errors detected in /Users/qodir_rizqullah/Sites/ERP_RMI_SOFULL/vendor/phpunit/php-timer/src/exceptions/TimeSinceStartOfRequestNotAvailableException.php
vendor/phpunit/phpunit/src/Event/Dispatcher/CollectingDispatcher.php,PASS,No syntax errors detected in /Users/qodir_rizqullah/Sites/ERP_RMI_SOFULL/vendor/phpunit/phpunit/src/Event/Dispatcher/CollectingDispatcher.php
vendor/phpunit/phpunit/src/Event/Dispatcher/DeferringDispatcher.php,PASS,No syntax errors detected in /Users/qodir_rizqullah/Sites/ERP_RMI_SOFULL/vendor/phpunit/phpunit/src/Event/Dispatcher/DeferringDispatcher.php
vendor/phpunit/phpunit/src/Event/Dispatcher/DirectDispatcher.php,PASS,No syntax errors detected in /Users/qodir_rizqullah/Sites/ERP_RMI_SOFULL/vendor/phpunit/phpunit/src/Event/Dispatcher/DirectDispatcher.php
vendor/phpunit/phpunit/src/Event/Dispatcher/Dispatcher.php,PASS,No syntax errors detected in /Users/qodir_rizqullah/Sites/ERP_RMI_SOFULL/vendor/phpunit/phpunit/src/Event/Dispatcher/Dispatcher.php
vendor/phpunit/phpunit/src/Event/Dispatcher/SubscribableDispatcher.php,PASS,No syntax errors detected in /Users/qodir_rizqullah/Sites/ERP_RMI_SOFULL/vendor/phpunit/phpunit/src/Event/Dispatcher/SubscribableDispatcher.php
vendor/phpunit/phpunit/src/Event/Emitter/DispatchingEmitter.php,PASS,No syntax errors detected in /Users/qodir_rizqullah/Sites/ERP_RMI_SOFULL/vendor/phpunit/phpunit/src/Event/Emitter/DispatchingEmitter.php
vendor/phpunit/phpunit/src/Event/Emitter/Emitter.php,PASS,No syntax errors detected in /Users/qodir_rizqullah/Sites/ERP_RMI_SOFULL/vendor/phpunit/phpunit/src/Event/Emitter/Emitter.php
vendor/phpunit/phpunit/src/Event/Events/Application/Finished.php,PASS,No syntax errors detected in /Users/qodir_rizqullah/Sites/ERP_RMI_SOFULL/vendor/phpunit/phpunit/src/Event/Events/Application/Finished.php
vendor/phpunit/phpunit/src/Event/Events/Application/FinishedSubscriber.php,PASS,No syntax errors detected in /Users/qodir_rizqullah/Sites/ERP_RMI_SOFULL/vendor/phpunit/phpunit/src/Event/Events/Application/FinishedSubscriber.php
vendor/phpunit/phpunit/src/Event/Events/Application/Started.php,PASS,No syntax errors detected in /Users/qodir_rizqullah/Sites/ERP_RMI_SOFULL/vendor/phpunit/phpunit/src/Event/Events/Application/Started.php
vendor/phpunit/phpunit/src/Event/Events/Application/StartedSubscriber.php,PASS,No syntax errors detected in /Users/qodir_rizqullah/Sites/ERP_RMI_SOFULL/vendor/phpunit/phpunit/src/Event/Events/Application/StartedSubscriber.php
vendor/phpunit/phpunit/src/Event/Events/Event.php,PASS,No syntax errors detected in /Users/qodir_rizqullah/Sites/ERP_RMI_SOFULL/vendor/phpunit/phpunit/src/Event/Events/Event.php
vendor/phpunit/phpunit/src/Event/Events/EventCollection.php,PASS,No syntax errors detected in /Users/qodir_rizqullah/Sites/ERP_RMI_SOFULL/vendor/phpunit/phpunit/src/Event/Events/EventCollection.php
vendor/phpunit/phpunit/src/Event/Events/EventCollectionIterator.php,PASS,No syntax errors detected in /Users/qodir_rizqullah/Sites/ERP_RMI_SOFULL/vendor/phpunit/phpunit/src/Event/Events/EventCollectionIterator.php
vendor/phpunit/phpunit/src/Event/Events/Test/ComparatorRegistered.php,PASS,No syntax errors detected in /Users/qodir_rizqullah/Sites/ERP_RMI_SOFULL/vendor/phpunit/phpunit/src/Event/Events/Test/ComparatorRegistered.php
vendor/phpunit/phpunit/src/Event/Events/Test/ComparatorRegisteredSubscriber.php,PASS,No syntax errors detected in /Users/qodir_rizqullah/Sites/ERP_RMI_SOFULL/vendor/phpunit/phpunit/src/Event/Events/Test/ComparatorRegisteredSubscriber.php
vendor/phpunit/phpunit/src/Event/Events/Test/HookMethod/AfterLastTestMethodCalled.php,PASS,No syntax errors detected in /Users/qodir_rizqullah/Sites/ERP_RMI_SOFULL/vendor/phpunit/phpunit/src/Event/Events/Test/HookMethod/AfterLastTestMethodCalled.php
vendor/phpunit/phpunit/src/Event/Events/Test/HookMethod/AfterLastTestMethodCalledSubscriber.php,PASS,No syntax errors detected in /Users/qodir_rizqullah/Sites/ERP_RMI_SOFULL/vendor/phpunit/phpunit/src/Event/Events/Test/HookMethod/AfterLastTestMethodCalledSubscriber.php
vendor/phpunit/phpunit/src/Event/Events/Test/HookMethod/AfterLastTestMethodErrored.php,PASS,No syntax errors detected in /Users/qodir_rizqullah/Sites/ERP_RMI_SOFULL/vendor/phpunit/phpunit/src/Event/Events/Test/HookMethod/AfterLastTestMethodErrored.php
vendor/phpunit/phpunit/src/Event/Events/Test/HookMethod/AfterLastTestMethodErroredSubscriber.php,PASS,No syntax errors detected in /Users/qodir_rizqullah/Sites/ERP_RMI_SOFULL/vendor/phpunit/phpunit/src/Event/Events/Test/HookMethod/AfterLastTestMethodErroredSubscriber.php
vendor/phpunit/phpunit/src/Event/Events/Test/HookMethod/AfterLastTestMethodFinished.php,PASS,No syntax errors detected in /Users/qodir_rizqullah/Sites/ERP_RMI_SOFULL/vendor/phpunit/phpunit/src/Event/Events/Test/HookMethod/AfterLastTestMethodFinished.php
vendor/phpunit/phpunit/src/Event/Events/Test/HookMethod/AfterLastTestMethodFinishedSubscriber.php,PASS,No syntax errors detected in /Users/qodir_rizqullah/Sites/ERP_RMI_SOFULL/vendor/phpunit/phpunit/src/Event/Events/Test/HookMethod/AfterLastTestMethodFinishedSubscriber.php
vendor/phpunit/phpunit/src/Event/Events/Test/HookMethod/AfterTestMethodCalled.php,PASS,No syntax errors detected in /Users/qodir_rizqullah/Sites/ERP_RMI_SOFULL/vendor/phpunit/phpunit/src/Event/Events/Test/HookMethod/AfterTestMethodCalled.php
vendor/phpunit/phpunit/src/Event/Events/Test/HookMethod/AfterTestMethodCalledSubscriber.php,PASS,No syntax errors detected in /Users/qodir_rizqullah/Sites/ERP_RMI_SOFULL/vendor/phpunit/phpunit/src/Event/Events/Test/HookMethod/AfterTestMethodCalledSubscriber.php
vendor/phpunit/phpunit/src/Event/Events/Test/HookMethod/AfterTestMethodErrored.php,PASS,No syntax errors detected in /Users/qodir_rizqullah/Sites/ERP_RMI_SOFULL/vendor/phpunit/phpunit/src/Event/Events/Test/HookMethod/AfterTestMethodErrored.php
vendor/phpunit/phpunit/src/Event/Events/Test/HookMethod/AfterTestMethodErroredSubscriber.php,PASS,No syntax errors detected in /Users/qodir_rizqullah/Sites/ERP_RMI_SOFULL/vendor/phpunit/phpunit/src/Event/Events/Test/HookMethod/AfterTestMethodErroredSubscriber.php
vendor/phpunit/phpunit/src/Event/Events/Test/HookMethod/AfterTestMethodFinished.php,PASS,No syntax errors detected in /Users/qodir_rizqullah/Sites/ERP_RMI_SOFULL/vendor/phpunit/phpunit/src/Event/Events/Test/HookMethod/AfterTestMethodFinished.php
vendor/phpunit/phpunit/src/Event/Events/Test/HookMethod/AfterTestMethodFinishedSubscriber.php,PASS,No syntax errors detected in /Users/qodir_rizqullah/Sites/ERP_RMI_SOFULL/vendor/phpunit/phpunit/src/Event/Events/Test/HookMethod/AfterTestMethodFinishedSubscriber.php
vendor/phpunit/phpunit/src/Event/Events/Test/HookMethod/BeforeFirstTestMethodCalled.php,PASS,No syntax errors detected in /Users/qodir_rizqullah/Sites/ERP_RMI_SOFULL/vendor/phpunit/phpunit/src/Event/Events/Test/HookMethod/BeforeFirstTestMethodCalled.php
vendor/phpunit/phpunit/src/Event/Events/Test/HookMethod/BeforeFirstTestMethodCalledSubscriber.php,PASS,No syntax errors detected in /Users/qodir_rizqullah/Sites/ERP_RMI_SOFULL/vendor/phpunit/phpunit/src/Event/Events/Test/HookMethod/BeforeFirstTestMethodCalledSubscriber.php
vendor/phpunit/phpunit/src/Event/Events/Test/HookMethod/BeforeFirstTestMethodErrored.php,PASS,No syntax errors detected in /Users/qodir_rizqullah/Sites/ERP_RMI_SOFULL/vendor/phpunit/phpunit/src/Event/Events/Test/HookMethod/BeforeFirstTestMethodErrored.php
vendor/phpunit/phpunit/src/Event/Events/Test/HookMethod/BeforeFirstTestMethodErroredSubscriber.php,PASS,No syntax errors detected in /Users/qodir_rizqullah/Sites/ERP_RMI_SOFULL/vendor/phpunit/phpunit/src/Event/Events/Test/HookMethod/BeforeFirstTestMethodErroredSubscriber.php
vendor/phpunit/phpunit/src/Event/Events/Test/HookMethod/BeforeFirstTestMethodFinished.php,PASS,No syntax errors detected in /Users/qodir_rizqullah/Sites/ERP_RMI_SOFULL/vendor/phpunit/phpunit/src/Event/Events/Test/HookMethod/BeforeFirstTestMethodFinished.php
vendor/phpunit/phpunit/src/Event/Events/Test/HookMethod/BeforeFirstTestMethodFinishedSubscriber.php,PASS,No syntax errors detected in /Users/qodir_rizqullah/Sites/ERP_RMI_SOFULL/vendor/phpunit/phpunit/src/Event/Events/Test/HookMethod/BeforeFirstTestMethodFinishedSubscriber.php
vendor/phpunit/phpunit/src/Event/Events/Test/HookMethod/BeforeTestMethodCalled.php,PASS,No syntax errors detected in /Users/qodir_rizqullah/Sites/ERP_RMI_SOFULL/vendor/phpunit/phpunit/src/Event/Events/Test/HookMethod/BeforeTestMethodCalled.php
vendor/phpunit/phpunit/src/Event/Events/Test/HookMethod/BeforeTestMethodCalledSubscriber.php,PASS,No syntax errors detected in /Users/qodir_rizqullah/Sites/ERP_RMI_SOFULL/vendor/phpunit/phpunit/src/Event/Events/Test/HookMethod/BeforeTestMethodCalledSubscriber.php
vendor/phpunit/phpunit/src/Event/Events/Test/HookMethod/BeforeTestMethodErrored.php,PASS,No syntax errors detected in /Users/qodir_rizqullah/Sites/ERP_RMI_SOFULL/vendor/phpunit/phpunit/src/Event/Events/Test/HookMethod/BeforeTestMethodErrored.php
vendor/phpunit/phpunit/src/Event/Events/Test/HookMethod/BeforeTestMethodErroredSubscriber.php,PASS,No syntax errors detected in /Users/qodir_rizqullah/Sites/ERP_RMI_SOFULL/vendor/phpunit/phpunit/src/Event/Events/Test/HookMethod/BeforeTestMethodErroredSubscriber.php
vendor/phpunit/phpunit/src/Event/Events/Test/HookMethod/BeforeTestMethodFinished.php,PASS,No syntax errors detected in /Users/qodir_rizqullah/Sites/ERP_RMI_SOFULL/vendor/phpunit/phpunit/src/Event/Events/Test/HookMethod/BeforeTestMethodFinished.php
vendor/phpunit/phpunit/src/Event/Events/Test/HookMethod/BeforeTestMethodFinishedSubscriber.php,PASS,No syntax errors detected in /Users/qodir_rizqullah/Sites/ERP_RMI_SOFULL/vendor/phpunit/phpunit/src/Event/Events/Test/HookMethod/BeforeTestMethodFinishedSubscriber.php
vendor/phpunit/phpunit/src/Event/Events/Test/HookMethod/PostConditionCalled.php,PASS,No syntax errors detected in /Users/qodir_rizqullah/Sites/ERP_RMI_SOFULL/vendor/phpunit/phpunit/src/Event/Events/Test/HookMethod/PostConditionCalled.php
vendor/phpunit/phpunit/src/Event/Events/Test/HookMethod/PostConditionCalledSubscriber.php,PASS,No syntax errors detected in /Users/qodir_rizqullah/Sites/ERP_RMI_SOFULL/vendor/phpunit/phpunit/src/Event/Events/Test/HookMethod/PostConditionCalledSubscriber.php
vendor/phpunit/phpunit/src/Event/Events/Test/HookMethod/PostConditionErrored.php,PASS,No syntax errors detected in /Users/qodir_rizqullah/Sites/ERP_RMI_SOFULL/vendor/phpunit/phpunit/src/Event/Events/Test/HookMethod/PostConditionErrored.php
vendor/phpunit/phpunit/src/Event/Events/Test/HookMethod/PostConditionErroredSubscriber.php,PASS,No syntax errors detected in /Users/qodir_rizqullah/Sites/ERP_RMI_SOFULL/vendor/phpunit/phpunit/src/Event/Events/Test/HookMethod/PostConditionErroredSubscriber.php
vendor/phpunit/phpunit/src/Event/Events/Test/HookMethod/PostConditionFinished.php,PASS,No syntax errors detected in /Users/qodir_rizqullah/Sites/ERP_RMI_SOFULL/vendor/phpunit/phpunit/src/Event/Events/Test/HookMethod/PostConditionFinished.php
vendor/phpunit/phpunit/src/Event/Events/Test/HookMethod/PostConditionFinishedSubscriber.php,PASS,No syntax errors detected in /Users/qodir_rizqullah/Sites/ERP_RMI_SOFULL/vendor/phpunit/phpunit/src/Event/Events/Test/HookMethod/PostConditionFinishedSubscriber.php
vendor/phpunit/phpunit/src/Event/Events/Test/HookMethod/PreConditionCalled.php,PASS,No syntax errors detected in /Users/qodir_rizqullah/Sites/ERP_RMI_SOFULL/vendor/phpunit/phpunit/src/Event/Events/Test/HookMethod/PreConditionCalled.php
vendor/phpunit/phpunit/src/Event/Events/Test/HookMethod/PreConditionCalledSubscriber.php,PASS,No syntax errors detected in /Users/qodir_rizqullah/Sites/ERP_RMI_SOFULL/vendor/phpunit/phpunit/src/Event/Events/Test/HookMethod/PreConditionCalledSubscriber.php
vendor/phpunit/phpunit/src/Event/Events/Test/HookMethod/PreConditionErrored.php,PASS,No syntax errors detected in /Users/qodir_rizqullah/Sites/ERP_RMI_SOFULL/vendor/phpunit/phpunit/src/Event/Events/Test/HookMethod/PreConditionErrored.php
vendor/phpunit/phpunit/src/Event/Events/Test/HookMethod/PreConditionErroredSubscriber.php,PASS,No syntax errors detected in /Users/qodir_rizqullah/Sites/ERP_RMI_SOFULL/vendor/phpunit/phpunit/src/Event/Events/Test/HookMethod/PreConditionErroredSubscriber.php
vendor/phpunit/phpunit/src/Event/Events/Test/HookMethod/PreConditionFinished.php,PASS,No syntax errors detected in /Users/qodir_rizqullah/Sites/ERP_RMI_SOFULL/vendor/phpunit/phpunit/src/Event/Events/Test/HookMethod/PreConditionFinished.php
vendor/phpunit/phpunit/src/Event/Events/Test/HookMethod/PreConditionFinishedSubscriber.php,PASS,No syntax errors detected in /Users/qodir_rizqullah/Sites/ERP_RMI_SOFULL/vendor/phpunit/phpunit/src/Event/Events/Test/HookMethod/PreConditionFinishedSubscriber.php
vendor/phpunit/phpunit/src/Event/Events/Test/Issue/ConsideredRisky.php,PASS,No syntax errors detected in /Users/qodir_rizqullah/Sites/ERP_RMI_SOFULL/vendor/phpunit/phpunit/src/Event/Events/Test/Issue/ConsideredRisky.php
vendor/phpunit/phpunit/src/Event/Events/Test/Issue/ConsideredRiskySubscriber.php,PASS,No syntax errors detected in /Users/qodir_rizqullah/Sites/ERP_RMI_SOFULL/vendor/phpunit/phpunit/src/Event/Events/Test/Issue/ConsideredRiskySubscriber.php
vendor/phpunit/phpunit/src/Event/Events/Test/Issue/DeprecationTriggered.php,PASS,No syntax errors detected in /Users/qodir_rizqullah/Sites/ERP_RMI_SOFULL/vendor/phpunit/phpunit/src/Event/Events/Test/Issue/DeprecationTriggered.php
vendor/phpunit/phpunit/src/Event/Events/Test/Issue/DeprecationTriggeredSubscriber.php,PASS,No syntax errors detected in /Users/qodir_rizqullah/Sites/ERP_RMI_SOFULL/vendor/phpunit/phpunit/src/Event/Events/Test/Issue/DeprecationTriggeredSubscriber.php
vendor/phpunit/phpunit/src/Event/Events/Test/Issue/ErrorTriggered.php,PASS,No syntax errors detected in /Users/qodir_rizqullah/Sites/ERP_RMI_SOFULL/vendor/phpunit/phpunit/src/Event/Events/Test/Issue/ErrorTriggered.php
vendor/phpunit/phpunit/src/Event/Events/Test/Issue/ErrorTriggeredSubscriber.php,PASS,No syntax errors detected in /Users/qodir_rizqullah/Sites/ERP_RMI_SOFULL/vendor/phpunit/phpunit/src/Event/Events/Test/Issue/ErrorTriggeredSubscriber.php
vendor/phpunit/phpunit/src/Event/Events/Test/Issue/NoticeTriggered.php,PASS,No syntax errors detected in /Users/qodir_rizqullah/Sites/ERP_RMI_SOFULL/vendor/phpunit/phpunit/src/Event/Events/Test/Issue/NoticeTriggered.php
vendor/phpunit/phpunit/src/Event/Events/Test/Issue/NoticeTriggeredSubscriber.php,PASS,No syntax errors detected in /Users/qodir_rizqullah/Sites/ERP_RMI_SOFULL/vendor/phpunit/phpunit/src/Event/Events/Test/Issue/NoticeTriggeredSubscriber.php
vendor/phpunit/phpunit/src/Event/Events/Test/Issue/PhpDeprecationTriggered.php,PASS,No syntax errors detected in /Users/qodir_rizqullah/Sites/ERP_RMI_SOFULL/vendor/phpunit/phpunit/src/Event/Events/Test/Issue/PhpDeprecationTriggered.php
vendor/phpunit/phpunit/src/Event/Events/Test/Issue/PhpDeprecationTriggeredSubscriber.php,PASS,No syntax errors detected in /Users/qodir_rizqullah/Sites/ERP_RMI_SOFULL/vendor/phpunit/phpunit/src/Event/Events/Test/Issue/PhpDeprecationTriggeredSubscriber.php
vendor/phpunit/phpunit/src/Event/Events/Test/Issue/PhpNoticeTriggered.php,PASS,No syntax errors detected in /Users/qodir_rizqullah/Sites/ERP_RMI_SOFULL/vendor/phpunit/phpunit/src/Event/Events/Test/Issue/PhpNoticeTriggered.php
vendor/phpunit/phpunit/src/Event/Events/Test/Issue/PhpNoticeTriggeredSubscriber.php,PASS,No syntax errors detected in /Users/qodir_rizqullah/Sites/ERP_RMI_SOFULL/vendor/phpunit/phpunit/src/Event/Events/Test/Issue/PhpNoticeTriggeredSubscriber.php
vendor/phpunit/phpunit/src/Event/Events/Test/Issue/PhpWarningTriggered.php,PASS,No syntax errors detected in /Users/qodir_rizqullah/Sites/ERP_RMI_SOFULL/vendor/phpunit/phpunit/src/Event/Events/Test/Issue/PhpWarningTriggered.php
vendor/phpunit/phpunit/src/Event/Events/Test/Issue/PhpWarningTriggeredSubscriber.php,PASS,No syntax errors detected in /Users/qodir_rizqullah/Sites/ERP_RMI_SOFULL/vendor/phpunit/phpunit/src/Event/Events/Test/Issue/PhpWarningTriggeredSubscriber.php
vendor/phpunit/phpunit/src/Event/Events/Test/Issue/PhpunitDeprecationTriggered.php,PASS,No syntax errors detected in /Users/qodir_rizqullah/Sites/ERP_RMI_SOFULL/vendor/phpunit/phpunit/src/Event/Events/Test/Issue/PhpunitDeprecationTriggered.php
vendor/phpunit/phpunit/src/Event/Events/Test/Issue/PhpunitDeprecationTriggeredSubscriber.php,PASS,No syntax errors detected in /Users/qodir_rizqullah/Sites/ERP_RMI_SOFULL/vendor/phpunit/phpunit/src/Event/Events/Test/Issue/PhpunitDeprecationTriggeredSubscriber.php
vendor/phpunit/phpunit/src/Event/Events/Test/Issue/PhpunitErrorTriggered.php,PASS,No syntax errors detected in /Users/qodir_rizqullah/Sites/ERP_RMI_SOFULL/vendor/phpunit/phpunit/src/Event/Events/Test/Issue/PhpunitErrorTriggered.php
vendor/phpunit/phpunit/src/Event/Events/Test/Issue/PhpunitErrorTriggeredSubscriber.php,PASS,No syntax errors detected in /Users/qodir_rizqullah/Sites/ERP_RMI_SOFULL/vendor/phpunit/phpunit/src/Event/Events/Test/Issue/PhpunitErrorTriggeredSubscriber.php
vendor/phpunit/phpunit/src/Event/Events/Test/Issue/PhpunitWarningTriggered.php,PASS,No syntax errors detected in /Users/qodir_rizqullah/Sites/ERP_RMI_SOFULL/vendor/phpunit/phpunit/src/Event/Events/Test/Issue/PhpunitWarningTriggered.php
vendor/phpunit/phpunit/src/Event/Events/Test/Issue/PhpunitWarningTriggeredSubscriber.php,PASS,No syntax errors detected in /Users/qodir_rizqullah/Sites/ERP_RMI_SOFULL/vendor/phpunit/phpunit/src/Event/Events/Test/Issue/PhpunitWarningTriggeredSubscriber.php
vendor/phpunit/phpunit/src/Event/Events/Test/Issue/WarningTriggered.php,PASS,No syntax errors detected in /Users/qodir_rizqullah/Sites/ERP_RMI_SOFULL/vendor/phpunit/phpunit/src/Event/Events/Test/Issue/WarningTriggered.php
vendor/phpunit/phpunit/src/Event/Events/Test/Issue/WarningTriggeredSubscriber.php,PASS,No syntax errors detected in /Users/qodir_rizqullah/Sites/ERP_RMI_SOFULL/vendor/phpunit/phpunit/src/Event/Events/Test/Issue/WarningTriggeredSubscriber.php
vendor/phpunit/phpunit/src/Event/Events/Test/Lifecycle/DataProviderMethodCalled.php,PASS,No syntax errors detected in /Users/qodir_rizqullah/Sites/ERP_RMI_SOFULL/vendor/phpunit/phpunit/src/Event/Events/Test/Lifecycle/DataProviderMethodCalled.php
vendor/phpunit/phpunit/src/Event/Events/Test/Lifecycle/DataProviderMethodCalledSubscriber.php,PASS,No syntax errors detected in /Users/qodir_rizqullah/Sites/ERP_RMI_SOFULL/vendor/phpunit/phpunit/src/Event/Events/Test/Lifecycle/DataProviderMethodCalledSubscriber.php
vendor/phpunit/phpunit/src/Event/Events/Test/Lifecycle/DataProviderMethodFinished.php,PASS,No syntax errors detected in /Users/qodir_rizqullah/Sites/ERP_RMI_SOFULL/vendor/phpunit/phpunit/src/Event/Events/Test/Lifecycle/DataProviderMethodFinished.php
vendor/phpunit/phpunit/src/Event/Events/Test/Lifecycle/DataProviderMethodFinishedSubscriber.php,PASS,No syntax errors detected in /Users/qodir_rizqullah/Sites/ERP_RMI_SOFULL/vendor/phpunit/phpunit/src/Event/Events/Test/Lifecycle/DataProviderMethodFinishedSubscriber.php
vendor/phpunit/phpunit/src/Event/Events/Test/Lifecycle/Finished.php,PASS,No syntax errors detected in /Users/qodir_rizqullah/Sites/ERP_RMI_SOFULL/vendor/phpunit/phpunit/src/Event/Events/Test/Lifecycle/Finished.php
vendor/phpunit/phpunit/src/Event/Events/Test/Lifecycle/FinishedSubscriber.php,PASS,No syntax errors detected in /Users/qodir_rizqullah/Sites/ERP_RMI_SOFULL/vendor/phpunit/phpunit/src/Event/Events/Test/Lifecycle/FinishedSubscriber.php
vendor/phpunit/phpunit/src/Event/Events/Test/Lifecycle/PreparationFailed.php,PASS,No syntax errors detected in /Users/qodir_rizqullah/Sites/ERP_RMI_SOFULL/vendor/phpunit/phpunit/src/Event/Events/Test/Lifecycle/PreparationFailed.php
vendor/phpunit/phpunit/src/Event/Events/Test/Lifecycle/PreparationFailedSubscriber.php,PASS,No syntax errors detected in /Users/qodir_rizqullah/Sites/ERP_RMI_SOFULL/vendor/phpunit/phpunit/src/Event/Events/Test/Lifecycle/PreparationFailedSubscriber.php
vendor/phpunit/phpunit/src/Event/Events/Test/Lifecycle/PreparationStarted.php,PASS,No syntax errors detected in /Users/qodir_rizqullah/Sites/ERP_RMI_SOFULL/vendor/phpunit/phpunit/src/Event/Events/Test/Lifecycle/PreparationStarted.php
vendor/phpunit/phpunit/src/Event/Events/Test/Lifecycle/PreparationStartedSubscriber.php,PASS,No syntax errors detected in /Users/qodir_rizqullah/Sites/ERP_RMI_SOFULL/vendor/phpunit/phpunit/src/Event/Events/Test/Lifecycle/PreparationStartedSubscriber.php
vendor/phpunit/phpunit/src/Event/Events/Test/Lifecycle/Prepared.php,PASS,No syntax errors detected in /Users/qodir_rizqullah/Sites/ERP_RMI_SOFULL/vendor/phpunit/phpunit/src/Event/Events/Test/Lifecycle/Prepared.php
vendor/phpunit/phpunit/src/Event/Events/Test/Lifecycle/PreparedSubscriber.php,PASS,No syntax errors detected in /Users/qodir_rizqullah/Sites/ERP_RMI_SOFULL/vendor/phpunit/phpunit/src/Event/Events/Test/Lifecycle/PreparedSubscriber.php
vendor/phpunit/phpunit/src/Event/Events/Test/Outcome/Errored.php,PASS,No syntax errors detected in /Users/qodir_rizqullah/Sites/ERP_RMI_SOFULL/vendor/phpunit/phpunit/src/Event/Events/Test/Outcome/Errored.php
vendor/phpunit/phpunit/src/Event/Events/Test/Outcome/ErroredSubscriber.php,PASS,No syntax errors detected in /Users/qodir_rizqullah/Sites/ERP_RMI_SOFULL/vendor/phpunit/phpunit/src/Event/Events/Test/Outcome/ErroredSubscriber.php
vendor/phpunit/phpunit/src/Event/Events/Test/Outcome/Failed.php,PASS,No syntax errors detected in /Users/qodir_rizqullah/Sites/ERP_RMI_SOFULL/vendor/phpunit/phpunit/src/Event/Events/Test/Outcome/Failed.php
vendor/phpunit/phpunit/src/Event/Events/Test/Outcome/FailedSubscriber.php,PASS,No syntax errors detected in /Users/qodir_rizqullah/Sites/ERP_RMI_SOFULL/vendor/phpunit/phpunit/src/Event/Events/Test/Outcome/FailedSubscriber.php
vendor/phpunit/phpunit/src/Event/Events/Test/Outcome/MarkedIncomplete.php,PASS,No syntax errors detected in /Users/qodir_rizqullah/Sites/ERP_RMI_SOFULL/vendor/phpunit/phpunit/src/Event/Events/Test/Outcome/MarkedIncomplete.php
vendor/phpunit/phpunit/src/Event/Events/Test/Outcome/MarkedIncompleteSubscriber.php,PASS,No syntax errors detected in /Users/qodir_rizqullah/Sites/ERP_RMI_SOFULL/vendor/phpunit/phpunit/src/Event/Events/Test/Outcome/MarkedIncompleteSubscriber.php
vendor/phpunit/phpunit/src/Event/Events/Test/Outcome/Passed.php,PASS,No syntax errors detected in /Users/qodir_rizqullah/Sites/ERP_RMI_SOFULL/vendor/phpunit/phpunit/src/Event/Events/Test/Outcome/Passed.php
vendor/phpunit/phpunit/src/Event/Events/Test/Outcome/PassedSubscriber.php,PASS,No syntax errors detected in /Users/qodir_rizqullah/Sites/ERP_RMI_SOFULL/vendor/phpunit/phpunit/src/Event/Events/Test/Outcome/PassedSubscriber.php
vendor/phpunit/phpunit/src/Event/Events/Test/Outcome/Skipped.php,PASS,No syntax errors detected in /Users/qodir_rizqullah/Sites/ERP_RMI_SOFULL/vendor/phpunit/phpunit/src/Event/Events/Test/Outcome/Skipped.php
vendor/phpunit/phpunit/src/Event/Events/Test/Outcome/SkippedSubscriber.php,PASS,No syntax errors detected in /Users/qodir_rizqullah/Sites/ERP_RMI_SOFULL/vendor/phpunit/phpunit/src/Event/Events/Test/Outcome/SkippedSubscriber.php
vendor/phpunit/phpunit/src/Event/Events/Test/PrintedUnexpectedOutput.php,PASS,No syntax errors detected in /Users/qodir_rizqullah/Sites/ERP_RMI_SOFULL/vendor/phpunit/phpunit/src/Event/Events/Test/PrintedUnexpectedOutput.php
vendor/phpunit/phpunit/src/Event/Events/Test/PrintedUnexpectedOutputSubscriber.php,PASS,No syntax errors detected in /Users/qodir_rizqullah/Sites/ERP_RMI_SOFULL/vendor/phpunit/phpunit/src/Event/Events/Test/PrintedUnexpectedOutputSubscriber.php
vendor/phpunit/phpunit/src/Event/Events/Test/TestDouble/MockObjectCreated.php,PASS,No syntax errors detected in /Users/qodir_rizqullah/Sites/ERP_RMI_SOFULL/vendor/phpunit/phpunit/src/Event/Events/Test/TestDouble/MockObjectCreated.php
vendor/phpunit/phpunit/src/Event/Events/Test/TestDouble/MockObjectCreatedSubscriber.php,PASS,No syntax errors detected in /Users/qodir_rizqullah/Sites/ERP_RMI_SOFULL/vendor/phpunit/phpunit/src/Event/Events/Test/TestDouble/MockObjectCreatedSubscriber.php
vendor/phpunit/phpunit/src/Event/Events/Test/TestDouble/MockObjectForAbstractClassCreated.php,PASS,No syntax errors detected in /Users/qodir_rizqullah/Sites/ERP_RMI_SOFULL/vendor/phpunit/phpunit/src/Event/Events/Test/TestDouble/MockObjectForAbstractClassCreated.php
vendor/phpunit/phpunit/src/Event/Events/Test/TestDouble/MockObjectForAbstractClassCreatedSubscriber.php,PASS,No syntax errors detected in /Users/qodir_rizqullah/Sites/ERP_RMI_SOFULL/vendor/phpunit/phpunit/src/Event/Events/Test/TestDouble/MockObjectForAbstractClassCreatedSubscriber.php
vendor/phpunit/phpunit/src/Event/Events/Test/TestDouble/MockObjectForIntersectionOfInterfacesCreated.php,PASS,No syntax errors detected in /Users/qodir_rizqullah/Sites/ERP_RMI_SOFULL/vendor/phpunit/phpunit/src/Event/Events/Test/TestDouble/MockObjectForIntersectionOfInterfacesCreated.php
vendor/phpunit/phpunit/src/Event/Events/Test/TestDouble/MockObjectForIntersectionOfInterfacesCreatedSubscriber.php,PASS,No syntax errors detected in /Users/qodir_rizqullah/Sites/ERP_RMI_SOFULL/vendor/phpunit/phpunit/src/Event/Events/Test/TestDouble/MockObjectForIntersectionOfInterfacesCreatedSubscriber.php
vendor/phpunit/phpunit/src/Event/Events/Test/TestDouble/MockObjectForTraitCreated.php,PASS,No syntax errors detected in /Users/qodir_rizqullah/Sites/ERP_RMI_SOFULL/vendor/phpunit/phpunit/src/Event/Events/Test/TestDouble/MockObjectForTraitCreated.php
vendor/phpunit/phpunit/src/Event/Events/Test/TestDouble/MockObjectForTraitCreatedSubscriber.php,PASS,No syntax errors detected in /Users/qodir_rizqullah/Sites/ERP_RMI_SOFULL/vendor/phpunit/phpunit/src/Event/Events/Test/TestDouble/MockObjectForTraitCreatedSubscriber.php
vendor/phpunit/phpunit/src/Event/Events/Test/TestDouble/MockObjectFromWsdlCreated.php,PASS,No syntax errors detected in /Users/qodir_rizqullah/Sites/ERP_RMI_SOFULL/vendor/phpunit/phpunit/src/Event/Events/Test/TestDouble/MockObjectFromWsdlCreated.php
vendor/phpunit/phpunit/src/Event/Events/Test/TestDouble/MockObjectFromWsdlCreatedSubscriber.php,PASS,No syntax errors detected in /Users/qodir_rizqullah/Sites/ERP_RMI_SOFULL/vendor/phpunit/phpunit/src/Event/Events/Test/TestDouble/MockObjectFromWsdlCreatedSubscriber.php
vendor/phpunit/phpunit/src/Event/Events/Test/TestDouble/PartialMockObjectCreated.php,PASS,No syntax errors detected in /Users/qodir_rizqullah/Sites/ERP_RMI_SOFULL/vendor/phpunit/phpunit/src/Event/Events/Test/TestDouble/PartialMockObjectCreated.php
vendor/phpunit/phpunit/src/Event/Events/Test/TestDouble/PartialMockObjectCreatedSubscriber.php,PASS,No syntax errors detected in /Users/qodir_rizqullah/Sites/ERP_RMI_SOFULL/vendor/phpunit/phpunit/src/Event/Events/Test/TestDouble/PartialMockObjectCreatedSubscriber.php
vendor/phpunit/phpunit/src/Event/Events/Test/TestDouble/TestProxyCreated.php,PASS,No syntax errors detected in /Users/qodir_rizqullah/Sites/ERP_RMI_SOFULL/vendor/phpunit/phpunit/src/Event/Events/Test/TestDouble/TestProxyCreated.php
vendor/phpunit/phpunit/src/Event/Events/Test/TestDouble/TestProxyCreatedSubscriber.php,PASS,No syntax errors detected in /Users/qodir_rizqullah/Sites/ERP_RMI_SOFULL/vendor/phpunit/phpunit/src/Event/Events/Test/TestDouble/TestProxyCreatedSubscriber.php
vendor/phpunit/phpunit/src/Event/Events/Test/TestDouble/TestStubCreated.php,PASS,No syntax errors detected in /Users/qodir_rizqullah/Sites/ERP_RMI_SOFULL/vendor/phpunit/phpunit/src/Event/Events/Test/TestDouble/TestStubCreated.php
vendor/phpunit/phpunit/src/Event/Events/Test/TestDouble/TestStubCreatedSubscriber.php,PASS,No syntax errors detected in /Users/qodir_rizqullah/Sites/ERP_RMI_SOFULL/vendor/phpunit/phpunit/src/Event/Events/Test/TestDouble/TestStubCreatedSubscriber.php
vendor/phpunit/phpunit/src/Event/Events/Test/TestDouble/TestStubForIntersectionOfInterfacesCreated.php,PASS,No syntax errors detected in /Users/qodir_rizqullah/Sites/ERP_RMI_SOFULL/vendor/phpunit/phpunit/src/Event/Events/Test/TestDouble/TestStubForIntersectionOfInterfacesCreated.php
vendor/phpunit/phpunit/src/Event/Events/Test/TestDouble/TestStubForIntersectionOfInterfacesCreatedSubscriber.php,PASS,No syntax errors detected in /Users/qodir_rizqullah/Sites/ERP_RMI_SOFULL/vendor/phpunit/phpunit/src/Event/Events/Test/TestDouble/TestStubForIntersectionOfInterfacesCreatedSubscriber.php
vendor/phpunit/phpunit/src/Event/Events/TestRunner/BootstrapFinished.php,PASS,No syntax errors detected in /Users/qodir_rizqullah/Sites/ERP_RMI_SOFULL/vendor/phpunit/phpunit/src/Event/Events/TestRunner/BootstrapFinished.php
vendor/phpunit/phpunit/src/Event/Events/TestRunner/BootstrapFinishedSubscriber.php,PASS,No syntax errors detected in /Users/qodir_rizqullah/Sites/ERP_RMI_SOFULL/vendor/phpunit/phpunit/src/Event/Events/TestRunner/BootstrapFinishedSubscriber.php
vendor/phpunit/phpunit/src/Event/Events/TestRunner/ChildProcessFinished.php,PASS,No syntax errors detected in /Users/qodir_rizqullah/Sites/ERP_RMI_SOFULL/vendor/phpunit/phpunit/src/Event/Events/TestRunner/ChildProcessFinished.php
vendor/phpunit/phpunit/src/Event/Events/TestRunner/ChildProcessFinishedSubscriber.php,PASS,No syntax errors detected in /Users/qodir_rizqullah/Sites/ERP_RMI_SOFULL/vendor/phpunit/phpunit/src/Event/Events/TestRunner/ChildProcessFinishedSubscriber.php
vendor/phpunit/phpunit/src/Event/Events/TestRunner/ChildProcessStarted.php,PASS,No syntax errors detected in /Users/qodir_rizqullah/Sites/ERP_RMI_SOFULL/vendor/phpunit/phpunit/src/Event/Events/TestRunner/ChildProcessStarted.php
vendor/phpunit/phpunit/src/Event/Events/TestRunner/ChildProcessStartedSubscriber.php,PASS,No syntax errors detected in /Users/qodir_rizqullah/Sites/ERP_RMI_SOFULL/vendor/phpunit/phpunit/src/Event/Events/TestRunner/ChildProcessStartedSubscriber.php
vendor/phpunit/phpunit/src/Event/Events/TestRunner/Configured.php,PASS,No syntax errors detected in /Users/qodir_rizqullah/Sites/ERP_RMI_SOFULL/vendor/phpunit/phpunit/src/Event/Events/TestRunner/Configured.php
vendor/phpunit/phpunit/src/Event/Events/TestRunner/ConfiguredSubscriber.php,PASS,No syntax errors detected in /Users/qodir_rizqullah/Sites/ERP_RMI_SOFULL/vendor/phpunit/phpunit/src/Event/Events/TestRunner/ConfiguredSubscriber.php
vendor/phpunit/phpunit/src/Event/Events/TestRunner/DeprecationTriggered.php,PASS,No syntax errors detected in /Users/qodir_rizqullah/Sites/ERP_RMI_SOFULL/vendor/phpunit/phpunit/src/Event/Events/TestRunner/DeprecationTriggered.php
vendor/phpunit/phpunit/src/Event/Events/TestRunner/DeprecationTriggeredSubscriber.php,PASS,No syntax errors detected in /Users/qodir_rizqullah/Sites/ERP_RMI_SOFULL/vendor/phpunit/phpunit/src/Event/Events/TestRunner/DeprecationTriggeredSubscriber.php
vendor/phpunit/phpunit/src/Event/Events/TestRunner/EventFacadeSealed.php,PASS,No syntax errors detected in /Users/qodir_rizqullah/Sites/ERP_RMI_SOFULL/vendor/phpunit/phpunit/src/Event/Events/TestRunner/EventFacadeSealed.php
vendor/phpunit/phpunit/src/Event/Events/TestRunner/EventFacadeSealedSubscriber.php,PASS,No syntax errors detected in /Users/qodir_rizqullah/Sites/ERP_RMI_SOFULL/vendor/phpunit/phpunit/src/Event/Events/TestRunner/EventFacadeSealedSubscriber.php
vendor/phpunit/phpunit/src/Event/Events/TestRunner/ExecutionAborted.php,PASS,No syntax errors detected in /Users/qodir_rizqullah/Sites/ERP_RMI_SOFULL/vendor/phpunit/phpunit/src/Event/Events/TestRunner/ExecutionAborted.php
vendor/phpunit/phpunit/src/Event/Events/TestRunner/ExecutionAbortedSubscriber.php,PASS,No syntax errors detected in /Users/qodir_rizqullah/Sites/ERP_RMI_SOFULL/vendor/phpunit/phpunit/src/Event/Events/TestRunner/ExecutionAbortedSubscriber.php
vendor/phpunit/phpunit/src/Event/Events/TestRunner/ExecutionFinished.php,PASS,No syntax errors detected in /Users/qodir_rizqullah/Sites/ERP_RMI_SOFULL/vendor/phpunit/phpunit/src/Event/Events/TestRunner/ExecutionFinished.php
vendor/phpunit/phpunit/src/Event/Events/TestRunner/ExecutionFinishedSubscriber.php,PASS,No syntax errors detected in /Users/qodir_rizqullah/Sites/ERP_RMI_SOFULL/vendor/phpunit/phpunit/src/Event/Events/TestRunner/ExecutionFinishedSubscriber.php
vendor/phpunit/phpunit/src/Event/Events/TestRunner/ExecutionStarted.php,PASS,No syntax errors detected in /Users/qodir_rizqullah/Sites/ERP_RMI_SOFULL/vendor/phpunit/phpunit/src/Event/Events/TestRunner/ExecutionStarted.php
vendor/phpunit/phpunit/src/Event/Events/TestRunner/ExecutionStartedSubscriber.php,PASS,No syntax errors detected in /Users/qodir_rizqullah/Sites/ERP_RMI_SOFULL/vendor/phpunit/phpunit/src/Event/Events/TestRunner/ExecutionStartedSubscriber.php
vendor/phpunit/phpunit/src/Event/Events/TestRunner/ExtensionBootstrapped.php,PASS,No syntax errors detected in /Users/qodir_rizqullah/Sites/ERP_RMI_SOFULL/vendor/phpunit/phpunit/src/Event/Events/TestRunner/ExtensionBootstrapped.php
vendor/phpunit/phpunit/src/Event/Events/TestRunner/ExtensionBootstrappedSubscriber.php,PASS,No syntax errors detected in /Users/qodir_rizqullah/Sites/ERP_RMI_SOFULL/vendor/phpunit/phpunit/src/Event/Events/TestRunner/ExtensionBootstrappedSubscriber.php
vendor/phpunit/phpunit/src/Event/Events/TestRunner/ExtensionLoadedFromPhar.php,PASS,No syntax errors detected in /Users/qodir_rizqullah/Sites/ERP_RMI_SOFULL/vendor/phpunit/phpunit/src/Event/Events/TestRunner/ExtensionLoadedFromPhar.php
vendor/phpunit/phpunit/src/Event/Events/TestRunner/ExtensionLoadedFromPharSubscriber.php,PASS,No syntax errors detected in /Users/qodir_rizqullah/Sites/ERP_RMI_SOFULL/vendor/phpunit/phpunit/src/Event/Events/TestRunner/ExtensionLoadedFromPharSubscriber.php
vendor/phpunit/phpunit/src/Event/Events/TestRunner/Finished.php,PASS,No syntax errors detected in /Users/qodir_rizqullah/Sites/ERP_RMI_SOFULL/vendor/phpunit/phpunit/src/Event/Events/TestRunner/Finished.php
vendor/phpunit/phpunit/src/Event/Events/TestRunner/FinishedSubscriber.php,PASS,No syntax errors detected in /Users/qodir_rizqullah/Sites/ERP_RMI_SOFULL/vendor/phpunit/phpunit/src/Event/Events/TestRunner/FinishedSubscriber.php
vendor/phpunit/phpunit/src/Event/Events/TestRunner/GarbageCollectionDisabled.php,PASS,No syntax errors detected in /Users/qodir_rizqullah/Sites/ERP_RMI_SOFULL/vendor/phpunit/phpunit/src/Event/Events/TestRunner/GarbageCollectionDisabled.php
vendor/phpunit/phpunit/src/Event/Events/TestRunner/GarbageCollectionDisabledSubscriber.php,PASS,No syntax errors detected in /Users/qodir_rizqullah/Sites/ERP_RMI_SOFULL/vendor/phpunit/phpunit/src/Event/Events/TestRunner/GarbageCollectionDisabledSubscriber.php
vendor/phpunit/phpunit/src/Event/Events/TestRunner/GarbageCollectionEnabled.php,PASS,No syntax errors detected in /Users/qodir_rizqullah/Sites/ERP_RMI_SOFULL/vendor/phpunit/phpunit/src/Event/Events/TestRunner/GarbageCollectionEnabled.php
vendor/phpunit/phpunit/src/Event/Events/TestRunner/GarbageCollectionEnabledSubscriber.php,PASS,No syntax errors detected in /Users/qodir_rizqullah/Sites/ERP_RMI_SOFULL/vendor/phpunit/phpunit/src/Event/Events/TestRunner/GarbageCollectionEnabledSubscriber.php
vendor/phpunit/phpunit/src/Event/Events/TestRunner/GarbageCollectionTriggered.php,PASS,No syntax errors detected in /Users/qodir_rizqullah/Sites/ERP_RMI_SOFULL/vendor/phpunit/phpunit/src/Event/Events/TestRunner/GarbageCollectionTriggered.php
vendor/phpunit/phpunit/src/Event/Events/TestRunner/GarbageCollectionTriggeredSubscriber.php,PASS,No syntax errors detected in /Users/qodir_rizqullah/Sites/ERP_RMI_SOFULL/vendor/phpunit/phpunit/src/Event/Events/TestRunner/GarbageCollectionTriggeredSubscriber.php
vendor/phpunit/phpunit/src/Event/Events/TestRunner/Started.php,PASS,No syntax errors detected in /Users/qodir_rizqullah/Sites/ERP_RMI_SOFULL/vendor/phpunit/phpunit/src/Event/Events/TestRunner/Started.php
vendor/phpunit/phpunit/src/Event/Events/TestRunner/StartedSubscriber.php,PASS,No syntax errors detected in /Users/qodir_rizqullah/Sites/ERP_RMI_SOFULL/vendor/phpunit/phpunit/src/Event/Events/TestRunner/StartedSubscriber.php
vendor/phpunit/phpunit/src/Event/Events/TestRunner/WarningTriggered.php,PASS,No syntax errors detected in /Users/qodir_rizqullah/Sites/ERP_RMI_SOFULL/vendor/phpunit/phpunit/src/Event/Events/TestRunner/WarningTriggered.php
vendor/phpunit/phpunit/src/Event/Events/TestRunner/WarningTriggeredSubscriber.php,PASS,No syntax errors detected in /Users/qodir_rizqullah/Sites/ERP_RMI_SOFULL/vendor/phpunit/phpunit/src/Event/Events/TestRunner/WarningTriggeredSubscriber.php
vendor/phpunit/phpunit/src/Event/Events/TestSuite/Filtered.php,PASS,No syntax errors detected in /Users/qodir_rizqullah/Sites/ERP_RMI_SOFULL/vendor/phpunit/phpunit/src/Event/Events/TestSuite/Filtered.php
vendor/phpunit/phpunit/src/Event/Events/TestSuite/FilteredSubscriber.php,PASS,No syntax errors detected in /Users/qodir_rizqullah/Sites/ERP_RMI_SOFULL/vendor/phpunit/phpunit/src/Event/Events/TestSuite/FilteredSubscriber.php
vendor/phpunit/phpunit/src/Event/Events/TestSuite/Finished.php,PASS,No syntax errors detected in /Users/qodir_rizqullah/Sites/ERP_RMI_SOFULL/vendor/phpunit/phpunit/src/Event/Events/TestSuite/Finished.php
vendor/phpunit/phpunit/src/Event/Events/TestSuite/FinishedSubscriber.php,PASS,No syntax errors detected in /Users/qodir_rizqullah/Sites/ERP_RMI_SOFULL/vendor/phpunit/phpunit/src/Event/Events/TestSuite/FinishedSubscriber.php
vendor/phpunit/phpunit/src/Event/Events/TestSuite/Loaded.php,PASS,No syntax errors detected in /Users/qodir_rizqullah/Sites/ERP_RMI_SOFULL/vendor/phpunit/phpunit/src/Event/Events/TestSuite/Loaded.php
vendor/phpunit/phpunit/src/Event/Events/TestSuite/LoadedSubscriber.php,PASS,No syntax errors detected in /Users/qodir_rizqullah/Sites/ERP_RMI_SOFULL/vendor/phpunit/phpunit/src/Event/Events/TestSuite/LoadedSubscriber.php
vendor/phpunit/phpunit/src/Event/Events/TestSuite/Skipped.php,PASS,No syntax errors detected in /Users/qodir_rizqullah/Sites/ERP_RMI_SOFULL/vendor/phpunit/phpunit/src/Event/Events/TestSuite/Skipped.php
vendor/phpunit/phpunit/src/Event/Events/TestSuite/SkippedSubscriber.php,PASS,No syntax errors detected in /Users/qodir_rizqullah/Sites/ERP_RMI_SOFULL/vendor/phpunit/phpunit/src/Event/Events/TestSuite/SkippedSubscriber.php
vendor/phpunit/phpunit/src/Event/Events/TestSuite/Sorted.php,PASS,No syntax errors detected in /Users/qodir_rizqullah/Sites/ERP_RMI_SOFULL/vendor/phpunit/phpunit/src/Event/Events/TestSuite/Sorted.php
vendor/phpunit/phpunit/src/Event/Events/TestSuite/SortedSubscriber.php,PASS,No syntax errors detected in /Users/qodir_rizqullah/Sites/ERP_RMI_SOFULL/vendor/phpunit/phpunit/src/Event/Events/TestSuite/SortedSubscriber.php
vendor/phpunit/phpunit/src/Event/Events/TestSuite/Started.php,PASS,No syntax errors detected in /Users/qodir_rizqullah/Sites/ERP_RMI_SOFULL/vendor/phpunit/phpunit/src/Event/Events/TestSuite/Started.php
vendor/phpunit/phpunit/src/Event/Events/TestSuite/StartedSubscriber.php,PASS,No syntax errors detected in /Users/qodir_rizqullah/Sites/ERP_RMI_SOFULL/vendor/phpunit/phpunit/src/Event/Events/TestSuite/StartedSubscriber.php
vendor/phpunit/phpunit/src/Event/Exception/EventAlreadyAssignedException.php,PASS,No syntax errors detected in /Users/qodir_rizqullah/Sites/ERP_RMI_SOFULL/vendor/phpunit/phpunit/src/Event/Exception/EventAlreadyAssignedException.php
vendor/phpunit/phpunit/src/Event/Exception/EventFacadeIsSealedException.php,PASS,No syntax errors detected in /Users/qodir_rizqullah/Sites/ERP_RMI_SOFULL/vendor/phpunit/phpunit/src/Event/Exception/EventFacadeIsSealedException.php
vendor/phpunit/phpunit/src/Event/Exception/Exception.php,PASS,No syntax errors detected in /Users/qodir_rizqullah/Sites/ERP_RMI_SOFULL/vendor/phpunit/phpunit/src/Event/Exception/Exception.php
vendor/phpunit/phpunit/src/Event/Exception/InvalidArgumentException.php,PASS,No syntax errors detected in /Users/qodir_rizqullah/Sites/ERP_RMI_SOFULL/vendor/phpunit/phpunit/src/Event/Exception/InvalidArgumentException.php
vendor/phpunit/phpunit/src/Event/Exception/InvalidEventException.php,PASS,No syntax errors detected in /Users/qodir_rizqullah/Sites/ERP_RMI_SOFULL/vendor/phpunit/phpunit/src/Event/Exception/InvalidEventException.php
vendor/phpunit/phpunit/src/Event/Exception/InvalidSubscriberException.php,PASS,No syntax errors detected in /Users/qodir_rizqullah/Sites/ERP_RMI_SOFULL/vendor/phpunit/phpunit/src/Event/Exception/InvalidSubscriberException.php
vendor/phpunit/phpunit/src/Event/Exception/MapError.php,PASS,No syntax errors detected in /Users/qodir_rizqullah/Sites/ERP_RMI_SOFULL/vendor/phpunit/phpunit/src/Event/Exception/MapError.php
vendor/phpunit/phpunit/src/Event/Exception/NoComparisonFailureException.php,PASS,No syntax errors detected in /Users/qodir_rizqullah/Sites/ERP_RMI_SOFULL/vendor/phpunit/phpunit/src/Event/Exception/NoComparisonFailureException.php
vendor/phpunit/phpunit/src/Event/Exception/NoDataSetFromDataProviderException.php,PASS,No syntax errors detected in /Users/qodir_rizqullah/Sites/ERP_RMI_SOFULL/vendor/phpunit/phpunit/src/Event/Exception/NoDataSetFromDataProviderException.php
vendor/phpunit/phpunit/src/Event/Exception/NoPreviousThrowableException.php,PASS,No syntax errors detected in /Users/qodir_rizqullah/Sites/ERP_RMI_SOFULL/vendor/phpunit/phpunit/src/Event/Exception/NoPreviousThrowableException.php
vendor/phpunit/phpunit/src/Event/Exception/NoTestCaseObjectOnCallStackException.php,PASS,No syntax errors detected in /Users/qodir_rizqullah/Sites/ERP_RMI_SOFULL/vendor/phpunit/phpunit/src/Event/Exception/NoTestCaseObjectOnCallStackException.php
vendor/phpunit/phpunit/src/Event/Exception/RuntimeException.php,PASS,No syntax errors detected in /Users/qodir_rizqullah/Sites/ERP_RMI_SOFULL/vendor/phpunit/phpunit/src/Event/Exception/RuntimeException.php
vendor/phpunit/phpunit/src/Event/Exception/SubscriberTypeAlreadyRegisteredException.php,PASS,No syntax errors detected in /Users/qodir_rizqullah/Sites/ERP_RMI_SOFULL/vendor/phpunit/phpunit/src/Event/Exception/SubscriberTypeAlreadyRegisteredException.php
vendor/phpunit/phpunit/src/Event/Exception/UnknownEventException.php,PASS,No syntax errors detected in /Users/qodir_rizqullah/Sites/ERP_RMI_SOFULL/vendor/phpunit/phpunit/src/Event/Exception/UnknownEventException.php
vendor/phpunit/phpunit/src/Event/Exception/UnknownEventTypeException.php,PASS,No syntax errors detected in /Users/qodir_rizqullah/Sites/ERP_RMI_SOFULL/vendor/phpunit/phpunit/src/Event/Exception/UnknownEventTypeException.php
vendor/phpunit/phpunit/src/Event/Exception/UnknownSubscriberException.php,PASS,No syntax errors detected in /Users/qodir_rizqullah/Sites/ERP_RMI_SOFULL/vendor/phpunit/phpunit/src/Event/Exception/UnknownSubscriberException.php
vendor/phpunit/phpunit/src/Event/Exception/UnknownSubscriberTypeException.php,PASS,No syntax errors detected in /Users/qodir_rizqullah/Sites/ERP_RMI_SOFULL/vendor/phpunit/phpunit/src/Event/Exception/UnknownSubscriberTypeException.php
vendor/phpunit/phpunit/src/Event/Facade.php,PASS,No syntax errors detected in /Users/qodir_rizqullah/Sites/ERP_RMI_SOFULL/vendor/phpunit/phpunit/src/Event/Facade.php
vendor/phpunit/phpunit/src/Event/Subscriber.php,PASS,No syntax errors detected in /Users/qodir_rizqullah/Sites/ERP_RMI_SOFULL/vendor/phpunit/phpunit/src/Event/Subscriber.php
vendor/phpunit/phpunit/src/Event/Tracer.php,PASS,No syntax errors detected in /Users/qodir_rizqullah/Sites/ERP_RMI_SOFULL/vendor/phpunit/phpunit/src/Event/Tracer.php
vendor/phpunit/phpunit/src/Event/TypeMap.php,PASS,No syntax errors detected in /Users/qodir_rizqullah/Sites/ERP_RMI_SOFULL/vendor/phpunit/phpunit/src/Event/TypeMap.php
vendor/phpunit/phpunit/src/Event/Value/ClassMethod.php,PASS,No syntax errors detected in /Users/qodir_rizqullah/Sites/ERP_RMI_SOFULL/vendor/phpunit/phpunit/src/Event/Value/ClassMethod.php
vendor/phpunit/phpunit/src/Event/Value/ComparisonFailure.php,PASS,No syntax errors detected in /Users/qodir_rizqullah/Sites/ERP_RMI_SOFULL/vendor/phpunit/phpunit/src/Event/Value/ComparisonFailure.php
vendor/phpunit/phpunit/src/Event/Value/ComparisonFailureBuilder.php,PASS,No syntax errors detected in /Users/qodir_rizqullah/Sites/ERP_RMI_SOFULL/vendor/phpunit/phpunit/src/Event/Value/ComparisonFailureBuilder.php
vendor/phpunit/phpunit/src/Event/Value/Runtime/OperatingSystem.php,PASS,No syntax errors detected in /Users/qodir_rizqullah/Sites/ERP_RMI_SOFULL/vendor/phpunit/phpunit/src/Event/Value/Runtime/OperatingSystem.php
vendor/phpunit/phpunit/src/Event/Value/Runtime/PHP.php,PASS,No syntax errors detected in /Users/qodir_rizqullah/Sites/ERP_RMI_SOFULL/vendor/phpunit/phpunit/src/Event/Value/Runtime/PHP.php
vendor/phpunit/phpunit/src/Event/Value/Runtime/PHPUnit.php,PASS,No syntax errors detected in /Users/qodir_rizqullah/Sites/ERP_RMI_SOFULL/vendor/phpunit/phpunit/src/Event/Value/Runtime/PHPUnit.php
vendor/phpunit/phpunit/src/Event/Value/Runtime/Runtime.php,PASS,No syntax errors detected in /Users/qodir_rizqullah/Sites/ERP_RMI_SOFULL/vendor/phpunit/phpunit/src/Event/Value/Runtime/Runtime.php
vendor/phpunit/phpunit/src/Event/Value/Telemetry/Duration.php,PASS,No syntax errors detected in /Users/qodir_rizqullah/Sites/ERP_RMI_SOFULL/vendor/phpunit/phpunit/src/Event/Value/Telemetry/Duration.php
vendor/phpunit/phpunit/src/Event/Value/Telemetry/GarbageCollectorStatus.php,PASS,No syntax errors detected in /Users/qodir_rizqullah/Sites/ERP_RMI_SOFULL/vendor/phpunit/phpunit/src/Event/Value/Telemetry/GarbageCollectorStatus.php
vendor/phpunit/phpunit/src/Event/Value/Telemetry/GarbageCollectorStatusProvider.php,PASS,No syntax errors detected in /Users/qodir_rizqullah/Sites/ERP_RMI_SOFULL/vendor/phpunit/phpunit/src/Event/Value/Telemetry/GarbageCollectorStatusProvider.php
vendor/phpunit/phpunit/src/Event/Value/Telemetry/HRTime.php,PASS,No syntax errors detected in /Users/qodir_rizqullah/Sites/ERP_RMI_SOFULL/vendor/phpunit/phpunit/src/Event/Value/Telemetry/HRTime.php
vendor/phpunit/phpunit/src/Event/Value/Telemetry/Info.php,PASS,No syntax errors detected in /Users/qodir_rizqullah/Sites/ERP_RMI_SOFULL/vendor/phpunit/phpunit/src/Event/Value/Telemetry/Info.php
vendor/phpunit/phpunit/src/Event/Value/Telemetry/MemoryMeter.php,PASS,No syntax errors detected in /Users/qodir_rizqullah/Sites/ERP_RMI_SOFULL/vendor/phpunit/phpunit/src/Event/Value/Telemetry/MemoryMeter.php
vendor/phpunit/phpunit/src/Event/Value/Telemetry/MemoryUsage.php,PASS,No syntax errors detected in /Users/qodir_rizqullah/Sites/ERP_RMI_SOFULL/vendor/phpunit/phpunit/src/Event/Value/Telemetry/MemoryUsage.php
vendor/phpunit/phpunit/src/Event/Value/Telemetry/Php81GarbageCollectorStatusProvider.php,PASS,No syntax errors detected in /Users/qodir_rizqullah/Sites/ERP_RMI_SOFULL/vendor/phpunit/phpunit/src/Event/Value/Telemetry/Php81GarbageCollectorStatusProvider.php
vendor/phpunit/phpunit/src/Event/Value/Telemetry/Php83GarbageCollectorStatusProvider.php,PASS,No syntax errors detected in /Users/qodir_rizqullah/Sites/ERP_RMI_SOFULL/vendor/phpunit/phpunit/src/Event/Value/Telemetry/Php83GarbageCollectorStatusProvider.php
vendor/phpunit/phpunit/src/Event/Value/Telemetry/Snapshot.php,PASS,No syntax errors detected in /Users/qodir_rizqullah/Sites/ERP_RMI_SOFULL/vendor/phpunit/phpunit/src/Event/Value/Telemetry/Snapshot.php
vendor/phpunit/phpunit/src/Event/Value/Telemetry/StopWatch.php,PASS,No syntax errors detected in /Users/qodir_rizqullah/Sites/ERP_RMI_SOFULL/vendor/phpunit/phpunit/src/Event/Value/Telemetry/StopWatch.php
vendor/phpunit/phpunit/src/Event/Value/Telemetry/System.php,PASS,No syntax errors detected in /Users/qodir_rizqullah/Sites/ERP_RMI_SOFULL/vendor/phpunit/phpunit/src/Event/Value/Telemetry/System.php
vendor/phpunit/phpunit/src/Event/Value/Telemetry/SystemMemoryMeter.php,PASS,No syntax errors detected in /Users/qodir_rizqullah/Sites/ERP_RMI_SOFULL/vendor/phpunit/phpunit/src/Event/Value/Telemetry/SystemMemoryMeter.php
vendor/phpunit/phpunit/src/Event/Value/Telemetry/SystemStopWatch.php,PASS,No syntax errors detected in /Users/qodir_rizqullah/Sites/ERP_RMI_SOFULL/vendor/phpunit/phpunit/src/Event/Value/Telemetry/SystemStopWatch.php
vendor/phpunit/phpunit/src/Event/Value/Telemetry/SystemStopWatchWithOffset.php,PASS,No syntax errors detected in /Users/qodir_rizqullah/Sites/ERP_RMI_SOFULL/vendor/phpunit/phpunit/src/Event/Value/Telemetry/SystemStopWatchWithOffset.php
vendor/phpunit/phpunit/src/Event/Value/Test/Issue/DirectTrigger.php,PASS,No syntax errors detected in /Users/qodir_rizqullah/Sites/ERP_RMI_SOFULL/vendor/phpunit/phpunit/src/Event/Value/Test/Issue/DirectTrigger.php
vendor/phpunit/phpunit/src/Event/Value/Test/Issue/IndirectTrigger.php,PASS,No syntax errors detected in /Users/qodir_rizqullah/Sites/ERP_RMI_SOFULL/vendor/phpunit/phpunit/src/Event/Value/Test/Issue/IndirectTrigger.php
vendor/phpunit/phpunit/src/Event/Value/Test/Issue/IssueTrigger.php,PASS,No syntax errors detected in /Users/qodir_rizqullah/Sites/ERP_RMI_SOFULL/vendor/phpunit/phpunit/src/Event/Value/Test/Issue/IssueTrigger.php
vendor/phpunit/phpunit/src/Event/Value/Test/Issue/SelfTrigger.php,PASS,No syntax errors detected in /Users/qodir_rizqullah/Sites/ERP_RMI_SOFULL/vendor/phpunit/phpunit/src/Event/Value/Test/Issue/SelfTrigger.php
vendor/phpunit/phpunit/src/Event/Value/Test/Issue/TestTrigger.php,PASS,No syntax errors detected in /Users/qodir_rizqullah/Sites/ERP_RMI_SOFULL/vendor/phpunit/phpunit/src/Event/Value/Test/Issue/TestTrigger.php
vendor/phpunit/phpunit/src/Event/Value/Test/Issue/UnknownTrigger.php,PASS,No syntax errors detected in /Users/qodir_rizqullah/Sites/ERP_RMI_SOFULL/vendor/phpunit/phpunit/src/Event/Value/Test/Issue/UnknownTrigger.php
vendor/phpunit/phpunit/src/Event/Value/Test/Phpt.php,PASS,No syntax errors detected in /Users/qodir_rizqullah/Sites/ERP_RMI_SOFULL/vendor/phpunit/phpunit/src/Event/Value/Test/Phpt.php
vendor/phpunit/phpunit/src/Event/Value/Test/Test.php,PASS,No syntax errors detected in /Users/qodir_rizqullah/Sites/ERP_RMI_SOFULL/vendor/phpunit/phpunit/src/Event/Value/Test/Test.php
vendor/phpunit/phpunit/src/Event/Value/Test/TestCollection.php,PASS,No syntax errors detected in /Users/qodir_rizqullah/Sites/ERP_RMI_SOFULL/vendor/phpunit/phpunit/src/Event/Value/Test/TestCollection.php
vendor/phpunit/phpunit/src/Event/Value/Test/TestCollectionIterator.php,PASS,No syntax errors detected in /Users/qodir_rizqullah/Sites/ERP_RMI_SOFULL/vendor/phpunit/phpunit/src/Event/Value/Test/TestCollectionIterator.php
vendor/phpunit/phpunit/src/Event/Value/Test/TestData/DataFromDataProvider.php,PASS,No syntax errors detected in /Users/qodir_rizqullah/Sites/ERP_RMI_SOFULL/vendor/phpunit/phpunit/src/Event/Value/Test/TestData/DataFromDataProvider.php
vendor/phpunit/phpunit/src/Event/Value/Test/TestData/DataFromTestDependency.php,PASS,No syntax errors detected in /Users/qodir_rizqullah/Sites/ERP_RMI_SOFULL/vendor/phpunit/phpunit/src/Event/Value/Test/TestData/DataFromTestDependency.php
vendor/phpunit/phpunit/src/Event/Value/Test/TestData/TestData.php,PASS,No syntax errors detected in /Users/qodir_rizqullah/Sites/ERP_RMI_SOFULL/vendor/phpunit/phpunit/src/Event/Value/Test/TestData/TestData.php
vendor/phpunit/phpunit/src/Event/Value/Test/TestData/TestDataCollection.php,PASS,No syntax errors detected in /Users/qodir_rizqullah/Sites/ERP_RMI_SOFULL/vendor/phpunit/phpunit/src/Event/Value/Test/TestData/TestDataCollection.php
vendor/phpunit/phpunit/src/Event/Value/Test/TestData/TestDataCollectionIterator.php,PASS,No syntax errors detected in /Users/qodir_rizqullah/Sites/ERP_RMI_SOFULL/vendor/phpunit/phpunit/src/Event/Value/Test/TestData/TestDataCollectionIterator.php
vendor/phpunit/phpunit/src/Event/Value/Test/TestDox.php,PASS,No syntax errors detected in /Users/qodir_rizqullah/Sites/ERP_RMI_SOFULL/vendor/phpunit/phpunit/src/Event/Value/Test/TestDox.php
vendor/phpunit/phpunit/src/Event/Value/Test/TestDoxBuilder.php,PASS,No syntax errors detected in /Users/qodir_rizqullah/Sites/ERP_RMI_SOFULL/vendor/phpunit/phpunit/src/Event/Value/Test/TestDoxBuilder.php
vendor/phpunit/phpunit/src/Event/Value/Test/TestMethod.php,PASS,No syntax errors detected in /Users/qodir_rizqullah/Sites/ERP_RMI_SOFULL/vendor/phpunit/phpunit/src/Event/Value/Test/TestMethod.php
vendor/phpunit/phpunit/src/Event/Value/Test/TestMethodBuilder.php,PASS,No syntax errors detected in /Users/qodir_rizqullah/Sites/ERP_RMI_SOFULL/vendor/phpunit/phpunit/src/Event/Value/Test/TestMethodBuilder.php
vendor/phpunit/phpunit/src/Event/Value/TestSuite/TestSuite.php,PASS,No syntax errors detected in /Users/qodir_rizqullah/Sites/ERP_RMI_SOFULL/vendor/phpunit/phpunit/src/Event/Value/TestSuite/TestSuite.php
vendor/phpunit/phpunit/src/Event/Value/TestSuite/TestSuiteBuilder.php,PASS,No syntax errors detected in /Users/qodir_rizqullah/Sites/ERP_RMI_SOFULL/vendor/phpunit/phpunit/src/Event/Value/TestSuite/TestSuiteBuilder.php
vendor/phpunit/phpunit/src/Event/Value/TestSuite/TestSuiteForTestClass.php,PASS,No syntax errors detected in /Users/qodir_rizqullah/Sites/ERP_RMI_SOFULL/vendor/phpunit/phpunit/src/Event/Value/TestSuite/TestSuiteForTestClass.php
vendor/phpunit/phpunit/src/Event/Value/TestSuite/TestSuiteForTestMethodWithDataProvider.php,PASS,No syntax errors detected in /Users/qodir_rizqullah/Sites/ERP_RMI_SOFULL/vendor/phpunit/phpunit/src/Event/Value/TestSuite/TestSuiteForTestMethodWithDataProvider.php
vendor/phpunit/phpunit/src/Event/Value/TestSuite/TestSuiteWithName.php,PASS,No syntax errors detected in /Users/qodir_rizqullah/Sites/ERP_RMI_SOFULL/vendor/phpunit/phpunit/src/Event/Value/TestSuite/TestSuiteWithName.php
vendor/phpunit/phpunit/src/Event/Value/Throwable.php,PASS,No syntax errors detected in /Users/qodir_rizqullah/Sites/ERP_RMI_SOFULL/vendor/phpunit/phpunit/src/Event/Value/Throwable.php
vendor/phpunit/phpunit/src/Event/Value/ThrowableBuilder.php,PASS,No syntax errors detected in /Users/qodir_rizqullah/Sites/ERP_RMI_SOFULL/vendor/phpunit/phpunit/src/Event/Value/ThrowableBuilder.php
vendor/phpunit/phpunit/src/Exception.php,PASS,No syntax errors detected in /Users/qodir_rizqullah/Sites/ERP_RMI_SOFULL/vendor/phpunit/phpunit/src/Exception.php
vendor/phpunit/phpunit/src/Framework/Assert.php,PASS,No syntax errors detected in /Users/qodir_rizqullah/Sites/ERP_RMI_SOFULL/vendor/phpunit/phpunit/src/Framework/Assert.php
vendor/phpunit/phpunit/src/Framework/Assert/Functions.php,PASS,No syntax errors detected in /Users/qodir_rizqullah/Sites/ERP_RMI_SOFULL/vendor/phpunit/phpunit/src/Framework/Assert/Functions.php
vendor/phpunit/phpunit/src/Framework/Attributes/After.php,PASS,No syntax errors detected in /Users/qodir_rizqullah/Sites/ERP_RMI_SOFULL/vendor/phpunit/phpunit/src/Framework/Attributes/After.php
vendor/phpunit/phpunit/src/Framework/Attributes/AfterClass.php,PASS,No syntax errors detected in /Users/qodir_rizqullah/Sites/ERP_RMI_SOFULL/vendor/phpunit/phpunit/src/Framework/Attributes/AfterClass.php
vendor/phpunit/phpunit/src/Framework/Attributes/BackupGlobals.php,PASS,No syntax errors detected in /Users/qodir_rizqullah/Sites/ERP_RMI_SOFULL/vendor/phpunit/phpunit/src/Framework/Attributes/BackupGlobals.php
vendor/phpunit/phpunit/src/Framework/Attributes/BackupStaticProperties.php,PASS,No syntax errors detected in /Users/qodir_rizqullah/Sites/ERP_RMI_SOFULL/vendor/phpunit/phpunit/src/Framework/Attributes/BackupStaticProperties.php
vendor/phpunit/phpunit/src/Framework/Attributes/Before.php,PASS,No syntax errors detected in /Users/qodir_rizqullah/Sites/ERP_RMI_SOFULL/vendor/phpunit/phpunit/src/Framework/Attributes/Before.php
vendor/phpunit/phpunit/src/Framework/Attributes/BeforeClass.php,PASS,No syntax errors detected in /Users/qodir_rizqullah/Sites/ERP_RMI_SOFULL/vendor/phpunit/phpunit/src/Framework/Attributes/BeforeClass.php
vendor/phpunit/phpunit/src/Framework/Attributes/CoversClass.php,PASS,No syntax errors detected in /Users/qodir_rizqullah/Sites/ERP_RMI_SOFULL/vendor/phpunit/phpunit/src/Framework/Attributes/CoversClass.php
vendor/phpunit/phpunit/src/Framework/Attributes/CoversFunction.php,PASS,No syntax errors detected in /Users/qodir_rizqullah/Sites/ERP_RMI_SOFULL/vendor/phpunit/phpunit/src/Framework/Attributes/CoversFunction.php
vendor/phpunit/phpunit/src/Framework/Attributes/CoversMethod.php,PASS,No syntax errors detected in /Users/qodir_rizqullah/Sites/ERP_RMI_SOFULL/vendor/phpunit/phpunit/src/Framework/Attributes/CoversMethod.php
vendor/phpunit/phpunit/src/Framework/Attributes/CoversNothing.php,PASS,No syntax errors detected in /Users/qodir_rizqullah/Sites/ERP_RMI_SOFULL/vendor/phpunit/phpunit/src/Framework/Attributes/CoversNothing.php
vendor/phpunit/phpunit/src/Framework/Attributes/CoversTrait.php,PASS,No syntax errors detected in /Users/qodir_rizqullah/Sites/ERP_RMI_SOFULL/vendor/phpunit/phpunit/src/Framework/Attributes/CoversTrait.php
vendor/phpunit/phpunit/src/Framework/Attributes/DataProvider.php,PASS,No syntax errors detected in /Users/qodir_rizqullah/Sites/ERP_RMI_SOFULL/vendor/phpunit/phpunit/src/Framework/Attributes/DataProvider.php
vendor/phpunit/phpunit/src/Framework/Attributes/DataProviderExternal.php,PASS,No syntax errors detected in /Users/qodir_rizqullah/Sites/ERP_RMI_SOFULL/vendor/phpunit/phpunit/src/Framework/Attributes/DataProviderExternal.php
vendor/phpunit/phpunit/src/Framework/Attributes/Depends.php,PASS,No syntax errors detected in /Users/qodir_rizqullah/Sites/ERP_RMI_SOFULL/vendor/phpunit/phpunit/src/Framework/Attributes/Depends.php
vendor/phpunit/phpunit/src/Framework/Attributes/DependsExternal.php,PASS,No syntax errors detected in /Users/qodir_rizqullah/Sites/ERP_RMI_SOFULL/vendor/phpunit/phpunit/src/Framework/Attributes/DependsExternal.php
vendor/phpunit/phpunit/src/Framework/Attributes/DependsExternalUsingDeepClone.php,PASS,No syntax errors detected in /Users/qodir_rizqullah/Sites/ERP_RMI_SOFULL/vendor/phpunit/phpunit/src/Framework/Attributes/DependsExternalUsingDeepClone.php
vendor/phpunit/phpunit/src/Framework/Attributes/DependsExternalUsingShallowClone.php,PASS,No syntax errors detected in /Users/qodir_rizqullah/Sites/ERP_RMI_SOFULL/vendor/phpunit/phpunit/src/Framework/Attributes/DependsExternalUsingShallowClone.php
vendor/phpunit/phpunit/src/Framework/Attributes/DependsOnClass.php,PASS,No syntax errors detected in /Users/qodir_rizqullah/Sites/ERP_RMI_SOFULL/vendor/phpunit/phpunit/src/Framework/Attributes/DependsOnClass.php
vendor/phpunit/phpunit/src/Framework/Attributes/DependsOnClassUsingDeepClone.php,PASS,No syntax errors detected in /Users/qodir_rizqullah/Sites/ERP_RMI_SOFULL/vendor/phpunit/phpunit/src/Framework/Attributes/DependsOnClassUsingDeepClone.php
vendor/phpunit/phpunit/src/Framework/Attributes/DependsOnClassUsingShallowClone.php,PASS,No syntax errors detected in /Users/qodir_rizqullah/Sites/ERP_RMI_SOFULL/vendor/phpunit/phpunit/src/Framework/Attributes/DependsOnClassUsingShallowClone.php
vendor/phpunit/phpunit/src/Framework/Attributes/DependsUsingDeepClone.php,PASS,No syntax errors detected in /Users/qodir_rizqullah/Sites/ERP_RMI_SOFULL/vendor/phpunit/phpunit/src/Framework/Attributes/DependsUsingDeepClone.php
vendor/phpunit/phpunit/src/Framework/Attributes/DependsUsingShallowClone.php,PASS,No syntax errors detected in /Users/qodir_rizqullah/Sites/ERP_RMI_SOFULL/vendor/phpunit/phpunit/src/Framework/Attributes/DependsUsingShallowClone.php
vendor/phpunit/phpunit/src/Framework/Attributes/DisableReturnValueGenerationForTestDoubles.php,PASS,No syntax errors detected in /Users/qodir_rizqullah/Sites/ERP_RMI_SOFULL/vendor/phpunit/phpunit/src/Framework/Attributes/DisableReturnValueGenerationForTestDoubles.php
vendor/phpunit/phpunit/src/Framework/Attributes/DoesNotPerformAssertions.php,PASS,No syntax errors detected in /Users/qodir_rizqullah/Sites/ERP_RMI_SOFULL/vendor/phpunit/phpunit/src/Framework/Attributes/DoesNotPerformAssertions.php
vendor/phpunit/phpunit/src/Framework/Attributes/ExcludeGlobalVariableFromBackup.php,PASS,No syntax errors detected in /Users/qodir_rizqullah/Sites/ERP_RMI_SOFULL/vendor/phpunit/phpunit/src/Framework/Attributes/ExcludeGlobalVariableFromBackup.php
vendor/phpunit/phpunit/src/Framework/Attributes/ExcludeStaticPropertyFromBackup.php,PASS,No syntax errors detected in /Users/qodir_rizqullah/Sites/ERP_RMI_SOFULL/vendor/phpunit/phpunit/src/Framework/Attributes/ExcludeStaticPropertyFromBackup.php
vendor/phpunit/phpunit/src/Framework/Attributes/Group.php,PASS,No syntax errors detected in /Users/qodir_rizqullah/Sites/ERP_RMI_SOFULL/vendor/phpunit/phpunit/src/Framework/Attributes/Group.php
vendor/phpunit/phpunit/src/Framework/Attributes/IgnoreDeprecations.php,PASS,No syntax errors detected in /Users/qodir_rizqullah/Sites/ERP_RMI_SOFULL/vendor/phpunit/phpunit/src/Framework/Attributes/IgnoreDeprecations.php
vendor/phpunit/phpunit/src/Framework/Attributes/IgnorePhpunitDeprecations.php,PASS,No syntax errors detected in /Users/qodir_rizqullah/Sites/ERP_RMI_SOFULL/vendor/phpunit/phpunit/src/Framework/Attributes/IgnorePhpunitDeprecations.php
vendor/phpunit/phpunit/src/Framework/Attributes/Large.php,PASS,No syntax errors detected in /Users/qodir_rizqullah/Sites/ERP_RMI_SOFULL/vendor/phpunit/phpunit/src/Framework/Attributes/Large.php
vendor/phpunit/phpunit/src/Framework/Attributes/Medium.php,PASS,No syntax errors detected in /Users/qodir_rizqullah/Sites/ERP_RMI_SOFULL/vendor/phpunit/phpunit/src/Framework/Attributes/Medium.php
vendor/phpunit/phpunit/src/Framework/Attributes/PostCondition.php,PASS,No syntax errors detected in /Users/qodir_rizqullah/Sites/ERP_RMI_SOFULL/vendor/phpunit/phpunit/src/Framework/Attributes/PostCondition.php
vendor/phpunit/phpunit/src/Framework/Attributes/PreCondition.php,PASS,No syntax errors detected in /Users/qodir_rizqullah/Sites/ERP_RMI_SOFULL/vendor/phpunit/phpunit/src/Framework/Attributes/PreCondition.php
vendor/phpunit/phpunit/src/Framework/Attributes/PreserveGlobalState.php,PASS,No syntax errors detected in /Users/qodir_rizqullah/Sites/ERP_RMI_SOFULL/vendor/phpunit/phpunit/src/Framework/Attributes/PreserveGlobalState.php
vendor/phpunit/phpunit/src/Framework/Attributes/RequiresFunction.php,PASS,No syntax errors detected in /Users/qodir_rizqullah/Sites/ERP_RMI_SOFULL/vendor/phpunit/phpunit/src/Framework/Attributes/RequiresFunction.php
vendor/phpunit/phpunit/src/Framework/Attributes/RequiresMethod.php,PASS,No syntax errors detected in /Users/qodir_rizqullah/Sites/ERP_RMI_SOFULL/vendor/phpunit/phpunit/src/Framework/Attributes/RequiresMethod.php
vendor/phpunit/phpunit/src/Framework/Attributes/RequiresOperatingSystem.php,PASS,No syntax errors detected in /Users/qodir_rizqullah/Sites/ERP_RMI_SOFULL/vendor/phpunit/phpunit/src/Framework/Attributes/RequiresOperatingSystem.php
vendor/phpunit/phpunit/src/Framework/Attributes/RequiresOperatingSystemFamily.php,PASS,No syntax errors detected in /Users/qodir_rizqullah/Sites/ERP_RMI_SOFULL/vendor/phpunit/phpunit/src/Framework/Attributes/RequiresOperatingSystemFamily.php
vendor/phpunit/phpunit/src/Framework/Attributes/RequiresPhp.php,PASS,No syntax errors detected in /Users/qodir_rizqullah/Sites/ERP_RMI_SOFULL/vendor/phpunit/phpunit/src/Framework/Attributes/RequiresPhp.php
vendor/phpunit/phpunit/src/Framework/Attributes/RequiresPhpExtension.php,PASS,No syntax errors detected in /Users/qodir_rizqullah/Sites/ERP_RMI_SOFULL/vendor/phpunit/phpunit/src/Framework/Attributes/RequiresPhpExtension.php
vendor/phpunit/phpunit/src/Framework/Attributes/RequiresPhpunit.php,PASS,No syntax errors detected in /Users/qodir_rizqullah/Sites/ERP_RMI_SOFULL/vendor/phpunit/phpunit/src/Framework/Attributes/RequiresPhpunit.php
vendor/phpunit/phpunit/src/Framework/Attributes/RequiresPhpunitExtension.php,PASS,No syntax errors detected in /Users/qodir_rizqullah/Sites/ERP_RMI_SOFULL/vendor/phpunit/phpunit/src/Framework/Attributes/RequiresPhpunitExtension.php
vendor/phpunit/phpunit/src/Framework/Attributes/RequiresSetting.php,PASS,No syntax errors detected in /Users/qodir_rizqullah/Sites/ERP_RMI_SOFULL/vendor/phpunit/phpunit/src/Framework/Attributes/RequiresSetting.php
vendor/phpunit/phpunit/src/Framework/Attributes/RunClassInSeparateProcess.php,PASS,No syntax errors detected in /Users/qodir_rizqullah/Sites/ERP_RMI_SOFULL/vendor/phpunit/phpunit/src/Framework/Attributes/RunClassInSeparateProcess.php
vendor/phpunit/phpunit/src/Framework/Attributes/RunInSeparateProcess.php,PASS,No syntax errors detected in /Users/qodir_rizqullah/Sites/ERP_RMI_SOFULL/vendor/phpunit/phpunit/src/Framework/Attributes/RunInSeparateProcess.php
vendor/phpunit/phpunit/src/Framework/Attributes/RunTestsInSeparateProcesses.php,PASS,No syntax errors detected in /Users/qodir_rizqullah/Sites/ERP_RMI_SOFULL/vendor/phpunit/phpunit/src/Framework/Attributes/RunTestsInSeparateProcesses.php
vendor/phpunit/phpunit/src/Framework/Attributes/Small.php,PASS,No syntax errors detected in /Users/qodir_rizqullah/Sites/ERP_RMI_SOFULL/vendor/phpunit/phpunit/src/Framework/Attributes/Small.php
vendor/phpunit/phpunit/src/Framework/Attributes/Test.php,PASS,No syntax errors detected in /Users/qodir_rizqullah/Sites/ERP_RMI_SOFULL/vendor/phpunit/phpunit/src/Framework/Attributes/Test.php
vendor/phpunit/phpunit/src/Framework/Attributes/TestDox.php,PASS,No syntax errors detected in /Users/qodir_rizqullah/Sites/ERP_RMI_SOFULL/vendor/phpunit/phpunit/src/Framework/Attributes/TestDox.php
vendor/phpunit/phpunit/src/Framework/Attributes/TestWith.php,PASS,No syntax errors detected in /Users/qodir_rizqullah/Sites/ERP_RMI_SOFULL/vendor/phpunit/phpunit/src/Framework/Attributes/TestWith.php
vendor/phpunit/phpunit/src/Framework/Attributes/TestWithJson.php,PASS,No syntax errors detected in /Users/qodir_rizqullah/Sites/ERP_RMI_SOFULL/vendor/phpunit/phpunit/src/Framework/Attributes/TestWithJson.php
vendor/phpunit/phpunit/src/Framework/Attributes/Ticket.php,PASS,No syntax errors detected in /Users/qodir_rizqullah/Sites/ERP_RMI_SOFULL/vendor/phpunit/phpunit/src/Framework/Attributes/Ticket.php
vendor/phpunit/phpunit/src/Framework/Attributes/UsesClass.php,PASS,No syntax errors detected in /Users/qodir_rizqullah/Sites/ERP_RMI_SOFULL/vendor/phpunit/phpunit/src/Framework/Attributes/UsesClass.php
vendor/phpunit/phpunit/src/Framework/Attributes/UsesFunction.php,PASS,No syntax errors detected in /Users/qodir_rizqullah/Sites/ERP_RMI_SOFULL/vendor/phpunit/phpunit/src/Framework/Attributes/UsesFunction.php
vendor/phpunit/phpunit/src/Framework/Attributes/UsesMethod.php,PASS,No syntax errors detected in /Users/qodir_rizqullah/Sites/ERP_RMI_SOFULL/vendor/phpunit/phpunit/src/Framework/Attributes/UsesMethod.php
vendor/phpunit/phpunit/src/Framework/Attributes/UsesTrait.php,PASS,No syntax errors detected in /Users/qodir_rizqullah/Sites/ERP_RMI_SOFULL/vendor/phpunit/phpunit/src/Framework/Attributes/UsesTrait.php
vendor/phpunit/phpunit/src/Framework/Attributes/WithoutErrorHandler.php,PASS,No syntax errors detected in /Users/qodir_rizqullah/Sites/ERP_RMI_SOFULL/vendor/phpunit/phpunit/src/Framework/Attributes/WithoutErrorHandler.php
vendor/phpunit/phpunit/src/Framework/Constraint/Boolean/IsFalse.php,PASS,No syntax errors detected in /Users/qodir_rizqullah/Sites/ERP_RMI_SOFULL/vendor/phpunit/phpunit/src/Framework/Constraint/Boolean/IsFalse.php
vendor/phpunit/phpunit/src/Framework/Constraint/Boolean/IsTrue.php,PASS,No syntax errors detected in /Users/qodir_rizqullah/Sites/ERP_RMI_SOFULL/vendor/phpunit/phpunit/src/Framework/Constraint/Boolean/IsTrue.php
vendor/phpunit/phpunit/src/Framework/Constraint/Callback.php,PASS,No syntax errors detected in /Users/qodir_rizqullah/Sites/ERP_RMI_SOFULL/vendor/phpunit/phpunit/src/Framework/Constraint/Callback.php
vendor/phpunit/phpunit/src/Framework/Constraint/Cardinality/Count.php,PASS,No syntax errors detected in /Users/qodir_rizqullah/Sites/ERP_RMI_SOFULL/vendor/phpunit/phpunit/src/Framework/Constraint/Cardinality/Count.php
vendor/phpunit/phpunit/src/Framework/Constraint/Cardinality/GreaterThan.php,PASS,No syntax errors detected in /Users/qodir_rizqullah/Sites/ERP_RMI_SOFULL/vendor/phpunit/phpunit/src/Framework/Constraint/Cardinality/GreaterThan.php
vendor/phpunit/phpunit/src/Framework/Constraint/Cardinality/IsEmpty.php,PASS,No syntax errors detected in /Users/qodir_rizqullah/Sites/ERP_RMI_SOFULL/vendor/phpunit/phpunit/src/Framework/Constraint/Cardinality/IsEmpty.php
vendor/phpunit/phpunit/src/Framework/Constraint/Cardinality/LessThan.php,PASS,No syntax errors detected in /Users/qodir_rizqullah/Sites/ERP_RMI_SOFULL/vendor/phpunit/phpunit/src/Framework/Constraint/Cardinality/LessThan.php
vendor/phpunit/phpunit/src/Framework/Constraint/Cardinality/SameSize.php,PASS,No syntax errors detected in /Users/qodir_rizqullah/Sites/ERP_RMI_SOFULL/vendor/phpunit/phpunit/src/Framework/Constraint/Cardinality/SameSize.php
vendor/phpunit/phpunit/src/Framework/Constraint/Constraint.php,PASS,No syntax errors detected in /Users/qodir_rizqullah/Sites/ERP_RMI_SOFULL/vendor/phpunit/phpunit/src/Framework/Constraint/Constraint.php
vendor/phpunit/phpunit/src/Framework/Constraint/Equality/IsEqual.php,PASS,No syntax errors detected in /Users/qodir_rizqullah/Sites/ERP_RMI_SOFULL/vendor/phpunit/phpunit/src/Framework/Constraint/Equality/IsEqual.php
vendor/phpunit/phpunit/src/Framework/Constraint/Equality/IsEqualCanonicalizing.php,PASS,No syntax errors detected in /Users/qodir_rizqullah/Sites/ERP_RMI_SOFULL/vendor/phpunit/phpunit/src/Framework/Constraint/Equality/IsEqualCanonicalizing.php
vendor/phpunit/phpunit/src/Framework/Constraint/Equality/IsEqualIgnoringCase.php,PASS,No syntax errors detected in /Users/qodir_rizqullah/Sites/ERP_RMI_SOFULL/vendor/phpunit/phpunit/src/Framework/Constraint/Equality/IsEqualIgnoringCase.php
vendor/phpunit/phpunit/src/Framework/Constraint/Equality/IsEqualWithDelta.php,PASS,No syntax errors detected in /Users/qodir_rizqullah/Sites/ERP_RMI_SOFULL/vendor/phpunit/phpunit/src/Framework/Constraint/Equality/IsEqualWithDelta.php
vendor/phpunit/phpunit/src/Framework/Constraint/Exception/Exception.php,PASS,No syntax errors detected in /Users/qodir_rizqullah/Sites/ERP_RMI_SOFULL/vendor/phpunit/phpunit/src/Framework/Constraint/Exception/Exception.php
vendor/phpunit/phpunit/src/Framework/Constraint/Exception/ExceptionCode.php,PASS,No syntax errors detected in /Users/qodir_rizqullah/Sites/ERP_RMI_SOFULL/vendor/phpunit/phpunit/src/Framework/Constraint/Exception/ExceptionCode.php
vendor/phpunit/phpunit/src/Framework/Constraint/Exception/ExceptionMessageIsOrContains.php,PASS,No syntax errors detected in /Users/qodir_rizqullah/Sites/ERP_RMI_SOFULL/vendor/phpunit/phpunit/src/Framework/Constraint/Exception/ExceptionMessageIsOrContains.php
vendor/phpunit/phpunit/src/Framework/Constraint/Exception/ExceptionMessageMatchesRegularExpression.php,PASS,No syntax errors detected in /Users/qodir_rizqullah/Sites/ERP_RMI_SOFULL/vendor/phpunit/phpunit/src/Framework/Constraint/Exception/ExceptionMessageMatchesRegularExpression.php
vendor/phpunit/phpunit/src/Framework/Constraint/Filesystem/DirectoryExists.php,PASS,No syntax errors detected in /Users/qodir_rizqullah/Sites/ERP_RMI_SOFULL/vendor/phpunit/phpunit/src/Framework/Constraint/Filesystem/DirectoryExists.php
vendor/phpunit/phpunit/src/Framework/Constraint/Filesystem/FileExists.php,PASS,No syntax errors detected in /Users/qodir_rizqullah/Sites/ERP_RMI_SOFULL/vendor/phpunit/phpunit/src/Framework/Constraint/Filesystem/FileExists.php
vendor/phpunit/phpunit/src/Framework/Constraint/Filesystem/IsReadable.php,PASS,No syntax errors detected in /Users/qodir_rizqullah/Sites/ERP_RMI_SOFULL/vendor/phpunit/phpunit/src/Framework/Constraint/Filesystem/IsReadable.php
vendor/phpunit/phpunit/src/Framework/Constraint/Filesystem/IsWritable.php,PASS,No syntax errors detected in /Users/qodir_rizqullah/Sites/ERP_RMI_SOFULL/vendor/phpunit/phpunit/src/Framework/Constraint/Filesystem/IsWritable.php
vendor/phpunit/phpunit/src/Framework/Constraint/IsAnything.php,PASS,No syntax errors detected in /Users/qodir_rizqullah/Sites/ERP_RMI_SOFULL/vendor/phpunit/phpunit/src/Framework/Constraint/IsAnything.php
vendor/phpunit/phpunit/src/Framework/Constraint/IsIdentical.php,PASS,No syntax errors detected in /Users/qodir_rizqullah/Sites/ERP_RMI_SOFULL/vendor/phpunit/phpunit/src/Framework/Constraint/IsIdentical.php
vendor/phpunit/phpunit/src/Framework/Constraint/JsonMatches.php,PASS,No syntax errors detected in /Users/qodir_rizqullah/Sites/ERP_RMI_SOFULL/vendor/phpunit/phpunit/src/Framework/Constraint/JsonMatches.php
vendor/phpunit/phpunit/src/Framework/Constraint/Math/IsFinite.php,PASS,No syntax errors detected in /Users/qodir_rizqullah/Sites/ERP_RMI_SOFULL/vendor/phpunit/phpunit/src/Framework/Constraint/Math/IsFinite.php
vendor/phpunit/phpunit/src/Framework/Constraint/Math/IsInfinite.php,PASS,No syntax errors detected in /Users/qodir_rizqullah/Sites/ERP_RMI_SOFULL/vendor/phpunit/phpunit/src/Framework/Constraint/Math/IsInfinite.php
vendor/phpunit/phpunit/src/Framework/Constraint/Math/IsNan.php,PASS,No syntax errors detected in /Users/qodir_rizqullah/Sites/ERP_RMI_SOFULL/vendor/phpunit/phpunit/src/Framework/Constraint/Math/IsNan.php
vendor/phpunit/phpunit/src/Framework/Constraint/Object/ObjectEquals.php,PASS,No syntax errors detected in /Users/qodir_rizqullah/Sites/ERP_RMI_SOFULL/vendor/phpunit/phpunit/src/Framework/Constraint/Object/ObjectEquals.php
vendor/phpunit/phpunit/src/Framework/Constraint/Object/ObjectHasProperty.php,PASS,No syntax errors detected in /Users/qodir_rizqullah/Sites/ERP_RMI_SOFULL/vendor/phpunit/phpunit/src/Framework/Constraint/Object/ObjectHasProperty.php
vendor/phpunit/phpunit/src/Framework/Constraint/Operator/BinaryOperator.php,PASS,No syntax errors detected in /Users/qodir_rizqullah/Sites/ERP_RMI_SOFULL/vendor/phpunit/phpunit/src/Framework/Constraint/Operator/BinaryOperator.php
vendor/phpunit/phpunit/src/Framework/Constraint/Operator/LogicalAnd.php,PASS,No syntax errors detected in /Users/qodir_rizqullah/Sites/ERP_RMI_SOFULL/vendor/phpunit/phpunit/src/Framework/Constraint/Operator/LogicalAnd.php
vendor/phpunit/phpunit/src/Framework/Constraint/Operator/LogicalNot.php,PASS,No syntax errors detected in /Users/qodir_rizqullah/Sites/ERP_RMI_SOFULL/vendor/phpunit/phpunit/src/Framework/Constraint/Operator/LogicalNot.php
vendor/phpunit/phpunit/src/Framework/Constraint/Operator/LogicalOr.php,PASS,No syntax errors detected in /Users/qodir_rizqullah/Sites/ERP_RMI_SOFULL/vendor/phpunit/phpunit/src/Framework/Constraint/Operator/LogicalOr.php
vendor/phpunit/phpunit/src/Framework/Constraint/Operator/LogicalXor.php,PASS,No syntax errors detected in /Users/qodir_rizqullah/Sites/ERP_RMI_SOFULL/vendor/phpunit/phpunit/src/Framework/Constraint/Operator/LogicalXor.php
vendor/phpunit/phpunit/src/Framework/Constraint/Operator/Operator.php,PASS,No syntax errors detected in /Users/qodir_rizqullah/Sites/ERP_RMI_SOFULL/vendor/phpunit/phpunit/src/Framework/Constraint/Operator/Operator.php
vendor/phpunit/phpunit/src/Framework/Constraint/Operator/UnaryOperator.php,PASS,No syntax errors detected in /Users/qodir_rizqullah/Sites/ERP_RMI_SOFULL/vendor/phpunit/phpunit/src/Framework/Constraint/Operator/UnaryOperator.php
vendor/phpunit/phpunit/src/Framework/Constraint/String/IsJson.php,PASS,No syntax errors detected in /Users/qodir_rizqullah/Sites/ERP_RMI_SOFULL/vendor/phpunit/phpunit/src/Framework/Constraint/String/IsJson.php
vendor/phpunit/phpunit/src/Framework/Constraint/String/RegularExpression.php,PASS,No syntax errors detected in /Users/qodir_rizqullah/Sites/ERP_RMI_SOFULL/vendor/phpunit/phpunit/src/Framework/Constraint/String/RegularExpression.php
vendor/phpunit/phpunit/src/Framework/Constraint/String/StringContains.php,PASS,No syntax errors detected in /Users/qodir_rizqullah/Sites/ERP_RMI_SOFULL/vendor/phpunit/phpunit/src/Framework/Constraint/String/StringContains.php
vendor/phpunit/phpunit/src/Framework/Constraint/String/StringEndsWith.php,PASS,No syntax errors detected in /Users/qodir_rizqullah/Sites/ERP_RMI_SOFULL/vendor/phpunit/phpunit/src/Framework/Constraint/String/StringEndsWith.php
vendor/phpunit/phpunit/src/Framework/Constraint/String/StringEqualsStringIgnoringLineEndings.php,PASS,No syntax errors detected in /Users/qodir_rizqullah/Sites/ERP_RMI_SOFULL/vendor/phpunit/phpunit/src/Framework/Constraint/String/StringEqualsStringIgnoringLineEndings.php
vendor/phpunit/phpunit/src/Framework/Constraint/String/StringMatchesFormatDescription.php,PASS,No syntax errors detected in /Users/qodir_rizqullah/Sites/ERP_RMI_SOFULL/vendor/phpunit/phpunit/src/Framework/Constraint/String/StringMatchesFormatDescription.php
vendor/phpunit/phpunit/src/Framework/Constraint/String/StringStartsWith.php,PASS,No syntax errors detected in /Users/qodir_rizqullah/Sites/ERP_RMI_SOFULL/vendor/phpunit/phpunit/src/Framework/Constraint/String/StringStartsWith.php
vendor/phpunit/phpunit/src/Framework/Constraint/Traversable/ArrayHasKey.php,PASS,No syntax errors detected in /Users/qodir_rizqullah/Sites/ERP_RMI_SOFULL/vendor/phpunit/phpunit/src/Framework/Constraint/Traversable/ArrayHasKey.php
vendor/phpunit/phpunit/src/Framework/Constraint/Traversable/IsList.php,PASS,No syntax errors detected in /Users/qodir_rizqullah/Sites/ERP_RMI_SOFULL/vendor/phpunit/phpunit/src/Framework/Constraint/Traversable/IsList.php
vendor/phpunit/phpunit/src/Framework/Constraint/Traversable/TraversableContains.php,PASS,No syntax errors detected in /Users/qodir_rizqullah/Sites/ERP_RMI_SOFULL/vendor/phpunit/phpunit/src/Framework/Constraint/Traversable/TraversableContains.php
vendor/phpunit/phpunit/src/Framework/Constraint/Traversable/TraversableContainsEqual.php,PASS,No syntax errors detected in /Users/qodir_rizqullah/Sites/ERP_RMI_SOFULL/vendor/phpunit/phpunit/src/Framework/Constraint/Traversable/TraversableContainsEqual.php
vendor/phpunit/phpunit/src/Framework/Constraint/Traversable/TraversableContainsIdentical.php,PASS,No syntax errors detected in /Users/qodir_rizqullah/Sites/ERP_RMI_SOFULL/vendor/phpunit/phpunit/src/Framework/Constraint/Traversable/TraversableContainsIdentical.php
vendor/phpunit/phpunit/src/Framework/Constraint/Traversable/TraversableContainsOnly.php,PASS,No syntax errors detected in /Users/qodir_rizqullah/Sites/ERP_RMI_SOFULL/vendor/phpunit/phpunit/src/Framework/Constraint/Traversable/TraversableContainsOnly.php
vendor/phpunit/phpunit/src/Framework/Constraint/Type/IsInstanceOf.php,PASS,No syntax errors detected in /Users/qodir_rizqullah/Sites/ERP_RMI_SOFULL/vendor/phpunit/phpunit/src/Framework/Constraint/Type/IsInstanceOf.php
vendor/phpunit/phpunit/src/Framework/Constraint/Type/IsNull.php,PASS,No syntax errors detected in /Users/qodir_rizqullah/Sites/ERP_RMI_SOFULL/vendor/phpunit/phpunit/src/Framework/Constraint/Type/IsNull.php
vendor/phpunit/phpunit/src/Framework/Constraint/Type/IsType.php,PASS,No syntax errors detected in /Users/qodir_rizqullah/Sites/ERP_RMI_SOFULL/vendor/phpunit/phpunit/src/Framework/Constraint/Type/IsType.php
vendor/phpunit/phpunit/src/Framework/DataProviderTestSuite.php,PASS,No syntax errors detected in /Users/qodir_rizqullah/Sites/ERP_RMI_SOFULL/vendor/phpunit/phpunit/src/Framework/DataProviderTestSuite.php
vendor/phpunit/phpunit/src/Framework/Exception/AssertionFailedError.php,PASS,No syntax errors detected in /Users/qodir_rizqullah/Sites/ERP_RMI_SOFULL/vendor/phpunit/phpunit/src/Framework/Exception/AssertionFailedError.php
vendor/phpunit/phpunit/src/Framework/Exception/CodeCoverageException.php,PASS,No syntax errors detected in /Users/qodir_rizqullah/Sites/ERP_RMI_SOFULL/vendor/phpunit/phpunit/src/Framework/Exception/CodeCoverageException.php
vendor/phpunit/phpunit/src/Framework/Exception/EmptyStringException.php,PASS,No syntax errors detected in /Users/qodir_rizqullah/Sites/ERP_RMI_SOFULL/vendor/phpunit/phpunit/src/Framework/Exception/EmptyStringException.php
vendor/phpunit/phpunit/src/Framework/Exception/Exception.php,PASS,No syntax errors detected in /Users/qodir_rizqullah/Sites/ERP_RMI_SOFULL/vendor/phpunit/phpunit/src/Framework/Exception/Exception.php
vendor/phpunit/phpunit/src/Framework/Exception/ExpectationFailedException.php,PASS,No syntax errors detected in /Users/qodir_rizqullah/Sites/ERP_RMI_SOFULL/vendor/phpunit/phpunit/src/Framework/Exception/ExpectationFailedException.php
vendor/phpunit/phpunit/src/Framework/Exception/GeneratorNotSupportedException.php,PASS,No syntax errors detected in /Users/qodir_rizqullah/Sites/ERP_RMI_SOFULL/vendor/phpunit/phpunit/src/Framework/Exception/GeneratorNotSupportedException.php
vendor/phpunit/phpunit/src/Framework/Exception/Incomplete/IncompleteTest.php,PASS,No syntax errors detected in /Users/qodir_rizqullah/Sites/ERP_RMI_SOFULL/vendor/phpunit/phpunit/src/Framework/Exception/Incomplete/IncompleteTest.php
vendor/phpunit/phpunit/src/Framework/Exception/Incomplete/IncompleteTestError.php,PASS,No syntax errors detected in /Users/qodir_rizqullah/Sites/ERP_RMI_SOFULL/vendor/phpunit/phpunit/src/Framework/Exception/Incomplete/IncompleteTestError.php
vendor/phpunit/phpunit/src/Framework/Exception/InvalidArgumentException.php,PASS,No syntax errors detected in /Users/qodir_rizqullah/Sites/ERP_RMI_SOFULL/vendor/phpunit/phpunit/src/Framework/Exception/InvalidArgumentException.php
vendor/phpunit/phpunit/src/Framework/Exception/InvalidCoversTargetException.php,PASS,No syntax errors detected in /Users/qodir_rizqullah/Sites/ERP_RMI_SOFULL/vendor/phpunit/phpunit/src/Framework/Exception/InvalidCoversTargetException.php
vendor/phpunit/phpunit/src/Framework/Exception/InvalidDataProviderException.php,PASS,No syntax errors detected in /Users/qodir_rizqullah/Sites/ERP_RMI_SOFULL/vendor/phpunit/phpunit/src/Framework/Exception/InvalidDataProviderException.php
vendor/phpunit/phpunit/src/Framework/Exception/InvalidDependencyException.php,PASS,No syntax errors detected in /Users/qodir_rizqullah/Sites/ERP_RMI_SOFULL/vendor/phpunit/phpunit/src/Framework/Exception/InvalidDependencyException.php
vendor/phpunit/phpunit/src/Framework/Exception/NoChildTestSuiteException.php,PASS,No syntax errors detected in /Users/qodir_rizqullah/Sites/ERP_RMI_SOFULL/vendor/phpunit/phpunit/src/Framework/Exception/NoChildTestSuiteException.php
vendor/phpunit/phpunit/src/Framework/Exception/ObjectEquals/ActualValueIsNotAnObjectException.php,PASS,No syntax errors detected in /Users/qodir_rizqullah/Sites/ERP_RMI_SOFULL/vendor/phpunit/phpunit/src/Framework/Exception/ObjectEquals/ActualValueIsNotAnObjectException.php
vendor/phpunit/phpunit/src/Framework/Exception/ObjectEquals/ComparisonMethodDoesNotAcceptParameterTypeException.php,PASS,No syntax errors detected in /Users/qodir_rizqullah/Sites/ERP_RMI_SOFULL/vendor/phpunit/phpunit/src/Framework/Exception/ObjectEquals/ComparisonMethodDoesNotAcceptParameterTypeException.php
vendor/phpunit/phpunit/src/Framework/Exception/ObjectEquals/ComparisonMethodDoesNotDeclareBoolReturnTypeException.php,PASS,No syntax errors detected in /Users/qodir_rizqullah/Sites/ERP_RMI_SOFULL/vendor/phpunit/phpunit/src/Framework/Exception/ObjectEquals/ComparisonMethodDoesNotDeclareBoolReturnTypeException.php
vendor/phpunit/phpunit/src/Framework/Exception/ObjectEquals/ComparisonMethodDoesNotDeclareExactlyOneParameterException.php,PASS,No syntax errors detected in /Users/qodir_rizqullah/Sites/ERP_RMI_SOFULL/vendor/phpunit/phpunit/src/Framework/Exception/ObjectEquals/ComparisonMethodDoesNotDeclareExactlyOneParameterException.php
vendor/phpunit/phpunit/src/Framework/Exception/ObjectEquals/ComparisonMethodDoesNotDeclareParameterTypeException.php,PASS,No syntax errors detected in /Users/qodir_rizqullah/Sites/ERP_RMI_SOFULL/vendor/phpunit/phpunit/src/Framework/Exception/ObjectEquals/ComparisonMethodDoesNotDeclareParameterTypeException.php
vendor/phpunit/phpunit/src/Framework/Exception/ObjectEquals/ComparisonMethodDoesNotExistException.php,PASS,No syntax errors detected in /Users/qodir_rizqullah/Sites/ERP_RMI_SOFULL/vendor/phpunit/phpunit/src/Framework/Exception/ObjectEquals/ComparisonMethodDoesNotExistException.php
vendor/phpunit/phpunit/src/Framework/Exception/PhptAssertionFailedError.php,PASS,No syntax errors detected in /Users/qodir_rizqullah/Sites/ERP_RMI_SOFULL/vendor/phpunit/phpunit/src/Framework/Exception/PhptAssertionFailedError.php
vendor/phpunit/phpunit/src/Framework/Exception/ProcessIsolationException.php,PASS,No syntax errors detected in /Users/qodir_rizqullah/Sites/ERP_RMI_SOFULL/vendor/phpunit/phpunit/src/Framework/Exception/ProcessIsolationException.php
vendor/phpunit/phpunit/src/Framework/Exception/Skipped/SkippedTest.php,PASS,No syntax errors detected in /Users/qodir_rizqullah/Sites/ERP_RMI_SOFULL/vendor/phpunit/phpunit/src/Framework/Exception/Skipped/SkippedTest.php
vendor/phpunit/phpunit/src/Framework/Exception/Skipped/SkippedTestSuiteError.php,PASS,No syntax errors detected in /Users/qodir_rizqullah/Sites/ERP_RMI_SOFULL/vendor/phpunit/phpunit/src/Framework/Exception/Skipped/SkippedTestSuiteError.php
vendor/phpunit/phpunit/src/Framework/Exception/Skipped/SkippedWithMessageException.php,PASS,No syntax errors detected in /Users/qodir_rizqullah/Sites/ERP_RMI_SOFULL/vendor/phpunit/phpunit/src/Framework/Exception/Skipped/SkippedWithMessageException.php
vendor/phpunit/phpunit/src/Framework/Exception/UnknownClassOrInterfaceException.php,PASS,No syntax errors detected in /Users/qodir_rizqullah/Sites/ERP_RMI_SOFULL/vendor/phpunit/phpunit/src/Framework/Exception/UnknownClassOrInterfaceException.php
vendor/phpunit/phpunit/src/Framework/Exception/UnknownTypeException.php,PASS,No syntax errors detected in /Users/qodir_rizqullah/Sites/ERP_RMI_SOFULL/vendor/phpunit/phpunit/src/Framework/Exception/UnknownTypeException.php
vendor/phpunit/phpunit/src/Framework/ExecutionOrderDependency.php,PASS,No syntax errors detected in /Users/qodir_rizqullah/Sites/ERP_RMI_SOFULL/vendor/phpunit/phpunit/src/Framework/ExecutionOrderDependency.php
vendor/phpunit/phpunit/src/Framework/MockObject/ConfigurableMethod.php,PASS,No syntax errors detected in /Users/qodir_rizqullah/Sites/ERP_RMI_SOFULL/vendor/phpunit/phpunit/src/Framework/MockObject/ConfigurableMethod.php
vendor/phpunit/phpunit/src/Framework/MockObject/Exception/BadMethodCallException.php,PASS,No syntax errors detected in /Users/qodir_rizqullah/Sites/ERP_RMI_SOFULL/vendor/phpunit/phpunit/src/Framework/MockObject/Exception/BadMethodCallException.php
vendor/phpunit/phpunit/src/Framework/MockObject/Exception/CannotCloneTestDoubleForReadonlyClassException.php,PASS,No syntax errors detected in /Users/qodir_rizqullah/Sites/ERP_RMI_SOFULL/vendor/phpunit/phpunit/src/Framework/MockObject/Exception/CannotCloneTestDoubleForReadonlyClassException.php
vendor/phpunit/phpunit/src/Framework/MockObject/Exception/CannotUseOnlyMethodsException.php,PASS,No syntax errors detected in /Users/qodir_rizqullah/Sites/ERP_RMI_SOFULL/vendor/phpunit/phpunit/src/Framework/MockObject/Exception/CannotUseOnlyMethodsException.php
vendor/phpunit/phpunit/src/Framework/MockObject/Exception/Exception.php,PASS,No syntax errors detected in /Users/qodir_rizqullah/Sites/ERP_RMI_SOFULL/vendor/phpunit/phpunit/src/Framework/MockObject/Exception/Exception.php
vendor/phpunit/phpunit/src/Framework/MockObject/Exception/IncompatibleReturnValueException.php,PASS,No syntax errors detected in /Users/qodir_rizqullah/Sites/ERP_RMI_SOFULL/vendor/phpunit/phpunit/src/Framework/MockObject/Exception/IncompatibleReturnValueException.php
vendor/phpunit/phpunit/src/Framework/MockObject/Exception/MatchBuilderNotFoundException.php,PASS,No syntax errors detected in /Users/qodir_rizqullah/Sites/ERP_RMI_SOFULL/vendor/phpunit/phpunit/src/Framework/MockObject/Exception/MatchBuilderNotFoundException.php
vendor/phpunit/phpunit/src/Framework/MockObject/Exception/MatcherAlreadyRegisteredException.php,PASS,No syntax errors detected in /Users/qodir_rizqullah/Sites/ERP_RMI_SOFULL/vendor/phpunit/phpunit/src/Framework/MockObject/Exception/MatcherAlreadyRegisteredException.php
vendor/phpunit/phpunit/src/Framework/MockObject/Exception/MethodCannotBeConfiguredException.php,PASS,No syntax errors detected in /Users/qodir_rizqullah/Sites/ERP_RMI_SOFULL/vendor/phpunit/phpunit/src/Framework/MockObject/Exception/MethodCannotBeConfiguredException.php
vendor/phpunit/phpunit/src/Framework/MockObject/Exception/MethodNameAlreadyConfiguredException.php,PASS,No syntax errors detected in /Users/qodir_rizqullah/Sites/ERP_RMI_SOFULL/vendor/phpunit/phpunit/src/Framework/MockObject/Exception/MethodNameAlreadyConfiguredException.php
vendor/phpunit/phpunit/src/Framework/MockObject/Exception/MethodNameNotConfiguredException.php,PASS,No syntax errors detected in /Users/qodir_rizqullah/Sites/ERP_RMI_SOFULL/vendor/phpunit/phpunit/src/Framework/MockObject/Exception/MethodNameNotConfiguredException.php
vendor/phpunit/phpunit/src/Framework/MockObject/Exception/MethodParametersAlreadyConfiguredException.php,PASS,No syntax errors detected in /Users/qodir_rizqullah/Sites/ERP_RMI_SOFULL/vendor/phpunit/phpunit/src/Framework/MockObject/Exception/MethodParametersAlreadyConfiguredException.php
vendor/phpunit/phpunit/src/Framework/MockObject/Exception/NeverReturningMethodException.php,PASS,No syntax errors detected in /Users/qodir_rizqullah/Sites/ERP_RMI_SOFULL/vendor/phpunit/phpunit/src/Framework/MockObject/Exception/NeverReturningMethodException.php
vendor/phpunit/phpunit/src/Framework/MockObject/Exception/NoMoreReturnValuesConfiguredException.php,PASS,No syntax errors detected in /Users/qodir_rizqullah/Sites/ERP_RMI_SOFULL/vendor/phpunit/phpunit/src/Framework/MockObject/Exception/NoMoreReturnValuesConfiguredException.php
vendor/phpunit/phpunit/src/Framework/MockObject/Exception/ReturnValueNotConfiguredException.php,PASS,No syntax errors detected in /Users/qodir_rizqullah/Sites/ERP_RMI_SOFULL/vendor/phpunit/phpunit/src/Framework/MockObject/Exception/ReturnValueNotConfiguredException.php
vendor/phpunit/phpunit/src/Framework/MockObject/Exception/RuntimeException.php,PASS,No syntax errors detected in /Users/qodir_rizqullah/Sites/ERP_RMI_SOFULL/vendor/phpunit/phpunit/src/Framework/MockObject/Exception/RuntimeException.php
vendor/phpunit/phpunit/src/Framework/MockObject/Generator/Exception/CannotUseAddMethodsException.php,PASS,No syntax errors detected in /Users/qodir_rizqullah/Sites/ERP_RMI_SOFULL/vendor/phpunit/phpunit/src/Framework/MockObject/Generator/Exception/CannotUseAddMethodsException.php
vendor/phpunit/phpunit/src/Framework/MockObject/Generator/Exception/ClassIsEnumerationException.php,PASS,No syntax errors detected in /Users/qodir_rizqullah/Sites/ERP_RMI_SOFULL/vendor/phpunit/phpunit/src/Framework/MockObject/Generator/Exception/ClassIsEnumerationException.php
vendor/phpunit/phpunit/src/Framework/MockObject/Generator/Exception/ClassIsFinalException.php,PASS,No syntax errors detected in /Users/qodir_rizqullah/Sites/ERP_RMI_SOFULL/vendor/phpunit/phpunit/src/Framework/MockObject/Generator/Exception/ClassIsFinalException.php
vendor/phpunit/phpunit/src/Framework/MockObject/Generator/Exception/DuplicateMethodException.php,PASS,No syntax errors detected in /Users/qodir_rizqullah/Sites/ERP_RMI_SOFULL/vendor/phpunit/phpunit/src/Framework/MockObject/Generator/Exception/DuplicateMethodException.php
vendor/phpunit/phpunit/src/Framework/MockObject/Generator/Exception/Exception.php,PASS,No syntax errors detected in /Users/qodir_rizqullah/Sites/ERP_RMI_SOFULL/vendor/phpunit/phpunit/src/Framework/MockObject/Generator/Exception/Exception.php
vendor/phpunit/phpunit/src/Framework/MockObject/Generator/Exception/InvalidMethodNameException.php,PASS,No syntax errors detected in /Users/qodir_rizqullah/Sites/ERP_RMI_SOFULL/vendor/phpunit/phpunit/src/Framework/MockObject/Generator/Exception/InvalidMethodNameException.php
vendor/phpunit/phpunit/src/Framework/MockObject/Generator/Exception/NameAlreadyInUseException.php,PASS,No syntax errors detected in /Users/qodir_rizqullah/Sites/ERP_RMI_SOFULL/vendor/phpunit/phpunit/src/Framework/MockObject/Generator/Exception/NameAlreadyInUseException.php
vendor/phpunit/phpunit/src/Framework/MockObject/Generator/Exception/OriginalConstructorInvocationRequiredException.php,PASS,No syntax errors detected in /Users/qodir_rizqullah/Sites/ERP_RMI_SOFULL/vendor/phpunit/phpunit/src/Framework/MockObject/Generator/Exception/OriginalConstructorInvocationRequiredException.php
vendor/phpunit/phpunit/src/Framework/MockObject/Generator/Exception/ReflectionException.php,PASS,No syntax errors detected in /Users/qodir_rizqullah/Sites/ERP_RMI_SOFULL/vendor/phpunit/phpunit/src/Framework/MockObject/Generator/Exception/ReflectionException.php
vendor/phpunit/phpunit/src/Framework/MockObject/Generator/Exception/RuntimeException.php,PASS,No syntax errors detected in /Users/qodir_rizqullah/Sites/ERP_RMI_SOFULL/vendor/phpunit/phpunit/src/Framework/MockObject/Generator/Exception/RuntimeException.php
vendor/phpunit/phpunit/src/Framework/MockObject/Generator/Exception/SoapExtensionNotAvailableException.php,PASS,No syntax errors detected in /Users/qodir_rizqullah/Sites/ERP_RMI_SOFULL/vendor/phpunit/phpunit/src/Framework/MockObject/Generator/Exception/SoapExtensionNotAvailableException.php
vendor/phpunit/phpunit/src/Framework/MockObject/Generator/Exception/UnknownClassException.php,PASS,No syntax errors detected in /Users/qodir_rizqullah/Sites/ERP_RMI_SOFULL/vendor/phpunit/phpunit/src/Framework/MockObject/Generator/Exception/UnknownClassException.php
vendor/phpunit/phpunit/src/Framework/MockObject/Generator/Exception/UnknownInterfaceException.php,PASS,No syntax errors detected in /Users/qodir_rizqullah/Sites/ERP_RMI_SOFULL/vendor/phpunit/phpunit/src/Framework/MockObject/Generator/Exception/UnknownInterfaceException.php
vendor/phpunit/phpunit/src/Framework/MockObject/Generator/Exception/UnknownTraitException.php,PASS,No syntax errors detected in /Users/qodir_rizqullah/Sites/ERP_RMI_SOFULL/vendor/phpunit/phpunit/src/Framework/MockObject/Generator/Exception/UnknownTraitException.php
vendor/phpunit/phpunit/src/Framework/MockObject/Generator/Exception/UnknownTypeException.php,PASS,No syntax errors detected in /Users/qodir_rizqullah/Sites/ERP_RMI_SOFULL/vendor/phpunit/phpunit/src/Framework/MockObject/Generator/Exception/UnknownTypeException.php
vendor/phpunit/phpunit/src/Framework/MockObject/Generator/Generator.php,PASS,No syntax errors detected in /Users/qodir_rizqullah/Sites/ERP_RMI_SOFULL/vendor/phpunit/phpunit/src/Framework/MockObject/Generator/Generator.php
vendor/phpunit/phpunit/src/Framework/MockObject/Generator/HookedProperty.php,PASS,No syntax errors detected in /Users/qodir_rizqullah/Sites/ERP_RMI_SOFULL/vendor/phpunit/phpunit/src/Framework/MockObject/Generator/HookedProperty.php
vendor/phpunit/phpunit/src/Framework/MockObject/Generator/HookedPropertyGenerator.php,PASS,No syntax errors detected in /Users/qodir_rizqullah/Sites/ERP_RMI_SOFULL/vendor/phpunit/phpunit/src/Framework/MockObject/Generator/HookedPropertyGenerator.php
vendor/phpunit/phpunit/src/Framework/MockObject/Generator/MockClass.php,PASS,No syntax errors detected in /Users/qodir_rizqullah/Sites/ERP_RMI_SOFULL/vendor/phpunit/phpunit/src/Framework/MockObject/Generator/MockClass.php
vendor/phpunit/phpunit/src/Framework/MockObject/Generator/MockMethod.php,PASS,No syntax errors detected in /Users/qodir_rizqullah/Sites/ERP_RMI_SOFULL/vendor/phpunit/phpunit/src/Framework/MockObject/Generator/MockMethod.php
vendor/phpunit/phpunit/src/Framework/MockObject/Generator/MockMethodSet.php,PASS,No syntax errors detected in /Users/qodir_rizqullah/Sites/ERP_RMI_SOFULL/vendor/phpunit/phpunit/src/Framework/MockObject/Generator/MockMethodSet.php
vendor/phpunit/phpunit/src/Framework/MockObject/Generator/MockTrait.php,PASS,No syntax errors detected in /Users/qodir_rizqullah/Sites/ERP_RMI_SOFULL/vendor/phpunit/phpunit/src/Framework/MockObject/Generator/MockTrait.php
vendor/phpunit/phpunit/src/Framework/MockObject/Generator/MockType.php,PASS,No syntax errors detected in /Users/qodir_rizqullah/Sites/ERP_RMI_SOFULL/vendor/phpunit/phpunit/src/Framework/MockObject/Generator/MockType.php
vendor/phpunit/phpunit/src/Framework/MockObject/Generator/TemplateLoader.php,PASS,No syntax errors detected in /Users/qodir_rizqullah/Sites/ERP_RMI_SOFULL/vendor/phpunit/phpunit/src/Framework/MockObject/Generator/TemplateLoader.php
vendor/phpunit/phpunit/src/Framework/MockObject/MockBuilder.php,PASS,No syntax errors detected in /Users/qodir_rizqullah/Sites/ERP_RMI_SOFULL/vendor/phpunit/phpunit/src/Framework/MockObject/MockBuilder.php
vendor/phpunit/phpunit/src/Framework/MockObject/Runtime/Api/DoubledCloneMethod.php,PASS,No syntax errors detected in /Users/qodir_rizqullah/Sites/ERP_RMI_SOFULL/vendor/phpunit/phpunit/src/Framework/MockObject/Runtime/Api/DoubledCloneMethod.php
vendor/phpunit/phpunit/src/Framework/MockObject/Runtime/Api/ErrorCloneMethod.php,PASS,No syntax errors detected in /Users/qodir_rizqullah/Sites/ERP_RMI_SOFULL/vendor/phpunit/phpunit/src/Framework/MockObject/Runtime/Api/ErrorCloneMethod.php
vendor/phpunit/phpunit/src/Framework/MockObject/Runtime/Api/GeneratedAsMockObject.php,PASS,No syntax errors detected in /Users/qodir_rizqullah/Sites/ERP_RMI_SOFULL/vendor/phpunit/phpunit/src/Framework/MockObject/Runtime/Api/GeneratedAsMockObject.php
vendor/phpunit/phpunit/src/Framework/MockObject/Runtime/Api/GeneratedAsTestStub.php,PASS,No syntax errors detected in /Users/qodir_rizqullah/Sites/ERP_RMI_SOFULL/vendor/phpunit/phpunit/src/Framework/MockObject/Runtime/Api/GeneratedAsTestStub.php
vendor/phpunit/phpunit/src/Framework/MockObject/Runtime/Api/Method.php,PASS,No syntax errors detected in /Users/qodir_rizqullah/Sites/ERP_RMI_SOFULL/vendor/phpunit/phpunit/src/Framework/MockObject/Runtime/Api/Method.php
vendor/phpunit/phpunit/src/Framework/MockObject/Runtime/Api/MockObjectApi.php,PASS,No syntax errors detected in /Users/qodir_rizqullah/Sites/ERP_RMI_SOFULL/vendor/phpunit/phpunit/src/Framework/MockObject/Runtime/Api/MockObjectApi.php
vendor/phpunit/phpunit/src/Framework/MockObject/Runtime/Api/MutableStubApi.php,PASS,No syntax errors detected in /Users/qodir_rizqullah/Sites/ERP_RMI_SOFULL/vendor/phpunit/phpunit/src/Framework/MockObject/Runtime/Api/MutableStubApi.php
vendor/phpunit/phpunit/src/Framework/MockObject/Runtime/Api/ProxiedCloneMethod.php,PASS,No syntax errors detected in /Users/qodir_rizqullah/Sites/ERP_RMI_SOFULL/vendor/phpunit/phpunit/src/Framework/MockObject/Runtime/Api/ProxiedCloneMethod.php
vendor/phpunit/phpunit/src/Framework/MockObject/Runtime/Api/StubApi.php,PASS,No syntax errors detected in /Users/qodir_rizqullah/Sites/ERP_RMI_SOFULL/vendor/phpunit/phpunit/src/Framework/MockObject/Runtime/Api/StubApi.php
vendor/phpunit/phpunit/src/Framework/MockObject/Runtime/Api/TestDoubleState.php,PASS,No syntax errors detected in /Users/qodir_rizqullah/Sites/ERP_RMI_SOFULL/vendor/phpunit/phpunit/src/Framework/MockObject/Runtime/Api/TestDoubleState.php
vendor/phpunit/phpunit/src/Framework/MockObject/Runtime/Builder/Identity.php,PASS,No syntax errors detected in /Users/qodir_rizqullah/Sites/ERP_RMI_SOFULL/vendor/phpunit/phpunit/src/Framework/MockObject/Runtime/Builder/Identity.php
vendor/phpunit/phpunit/src/Framework/MockObject/Runtime/Builder/InvocationMocker.php,PASS,No syntax errors detected in /Users/qodir_rizqullah/Sites/ERP_RMI_SOFULL/vendor/phpunit/phpunit/src/Framework/MockObject/Runtime/Builder/InvocationMocker.php
vendor/phpunit/phpunit/src/Framework/MockObject/Runtime/Builder/InvocationStubber.php,PASS,No syntax errors detected in /Users/qodir_rizqullah/Sites/ERP_RMI_SOFULL/vendor/phpunit/phpunit/src/Framework/MockObject/Runtime/Builder/InvocationStubber.php
vendor/phpunit/phpunit/src/Framework/MockObject/Runtime/Builder/MethodNameMatch.php,PASS,No syntax errors detected in /Users/qodir_rizqullah/Sites/ERP_RMI_SOFULL/vendor/phpunit/phpunit/src/Framework/MockObject/Runtime/Builder/MethodNameMatch.php
vendor/phpunit/phpunit/src/Framework/MockObject/Runtime/Builder/ParametersMatch.php,PASS,No syntax errors detected in /Users/qodir_rizqullah/Sites/ERP_RMI_SOFULL/vendor/phpunit/phpunit/src/Framework/MockObject/Runtime/Builder/ParametersMatch.php
vendor/phpunit/phpunit/src/Framework/MockObject/Runtime/Builder/Stub.php,PASS,No syntax errors detected in /Users/qodir_rizqullah/Sites/ERP_RMI_SOFULL/vendor/phpunit/phpunit/src/Framework/MockObject/Runtime/Builder/Stub.php
vendor/phpunit/phpunit/src/Framework/MockObject/Runtime/Interface/MockObject.php,PASS,No syntax errors detected in /Users/qodir_rizqullah/Sites/ERP_RMI_SOFULL/vendor/phpunit/phpunit/src/Framework/MockObject/Runtime/Interface/MockObject.php
vendor/phpunit/phpunit/src/Framework/MockObject/Runtime/Interface/MockObjectInternal.php,PASS,No syntax errors detected in /Users/qodir_rizqullah/Sites/ERP_RMI_SOFULL/vendor/phpunit/phpunit/src/Framework/MockObject/Runtime/Interface/MockObjectInternal.php
vendor/phpunit/phpunit/src/Framework/MockObject/Runtime/Interface/Stub.php,PASS,No syntax errors detected in /Users/qodir_rizqullah/Sites/ERP_RMI_SOFULL/vendor/phpunit/phpunit/src/Framework/MockObject/Runtime/Interface/Stub.php
vendor/phpunit/phpunit/src/Framework/MockObject/Runtime/Interface/StubInternal.php,PASS,No syntax errors detected in /Users/qodir_rizqullah/Sites/ERP_RMI_SOFULL/vendor/phpunit/phpunit/src/Framework/MockObject/Runtime/Interface/StubInternal.php
vendor/phpunit/phpunit/src/Framework/MockObject/Runtime/Invocation.php,PASS,No syntax errors detected in /Users/qodir_rizqullah/Sites/ERP_RMI_SOFULL/vendor/phpunit/phpunit/src/Framework/MockObject/Runtime/Invocation.php
vendor/phpunit/phpunit/src/Framework/MockObject/Runtime/InvocationHandler.php,PASS,No syntax errors detected in /Users/qodir_rizqullah/Sites/ERP_RMI_SOFULL/vendor/phpunit/phpunit/src/Framework/MockObject/Runtime/InvocationHandler.php
vendor/phpunit/phpunit/src/Framework/MockObject/Runtime/Matcher.php,PASS,No syntax errors detected in /Users/qodir_rizqullah/Sites/ERP_RMI_SOFULL/vendor/phpunit/phpunit/src/Framework/MockObject/Runtime/Matcher.php
vendor/phpunit/phpunit/src/Framework/MockObject/Runtime/MethodNameConstraint.php,PASS,No syntax errors detected in /Users/qodir_rizqullah/Sites/ERP_RMI_SOFULL/vendor/phpunit/phpunit/src/Framework/MockObject/Runtime/MethodNameConstraint.php
vendor/phpunit/phpunit/src/Framework/MockObject/Runtime/PropertyHook/PropertyGetHook.php,PASS,No syntax errors detected in /Users/qodir_rizqullah/Sites/ERP_RMI_SOFULL/vendor/phpunit/phpunit/src/Framework/MockObject/Runtime/PropertyHook/PropertyGetHook.php
vendor/phpunit/phpunit/src/Framework/MockObject/Runtime/PropertyHook/PropertyHook.php,PASS,No syntax errors detected in /Users/qodir_rizqullah/Sites/ERP_RMI_SOFULL/vendor/phpunit/phpunit/src/Framework/MockObject/Runtime/PropertyHook/PropertyHook.php
vendor/phpunit/phpunit/src/Framework/MockObject/Runtime/PropertyHook/PropertySetHook.php,PASS,No syntax errors detected in /Users/qodir_rizqullah/Sites/ERP_RMI_SOFULL/vendor/phpunit/phpunit/src/Framework/MockObject/Runtime/PropertyHook/PropertySetHook.php
vendor/phpunit/phpunit/src/Framework/MockObject/Runtime/ReturnValueGenerator.php,PASS,No syntax errors detected in /Users/qodir_rizqullah/Sites/ERP_RMI_SOFULL/vendor/phpunit/phpunit/src/Framework/MockObject/Runtime/ReturnValueGenerator.php
vendor/phpunit/phpunit/src/Framework/MockObject/Runtime/Rule/AnyInvokedCount.php,PASS,No syntax errors detected in /Users/qodir_rizqullah/Sites/ERP_RMI_SOFULL/vendor/phpunit/phpunit/src/Framework/MockObject/Runtime/Rule/AnyInvokedCount.php
vendor/phpunit/phpunit/src/Framework/MockObject/Runtime/Rule/AnyParameters.php,PASS,No syntax errors detected in /Users/qodir_rizqullah/Sites/ERP_RMI_SOFULL/vendor/phpunit/phpunit/src/Framework/MockObject/Runtime/Rule/AnyParameters.php
vendor/phpunit/phpunit/src/Framework/MockObject/Runtime/Rule/InvocationOrder.php,PASS,No syntax errors detected in /Users/qodir_rizqullah/Sites/ERP_RMI_SOFULL/vendor/phpunit/phpunit/src/Framework/MockObject/Runtime/Rule/InvocationOrder.php
vendor/phpunit/phpunit/src/Framework/MockObject/Runtime/Rule/InvokedAtLeastCount.php,PASS,No syntax errors detected in /Users/qodir_rizqullah/Sites/ERP_RMI_SOFULL/vendor/phpunit/phpunit/src/Framework/MockObject/Runtime/Rule/InvokedAtLeastCount.php
vendor/phpunit/phpunit/src/Framework/MockObject/Runtime/Rule/InvokedAtLeastOnce.php,PASS,No syntax errors detected in /Users/qodir_rizqullah/Sites/ERP_RMI_SOFULL/vendor/phpunit/phpunit/src/Framework/MockObject/Runtime/Rule/InvokedAtLeastOnce.php
vendor/phpunit/phpunit/src/Framework/MockObject/Runtime/Rule/InvokedAtMostCount.php,PASS,No syntax errors detected in /Users/qodir_rizqullah/Sites/ERP_RMI_SOFULL/vendor/phpunit/phpunit/src/Framework/MockObject/Runtime/Rule/InvokedAtMostCount.php
vendor/phpunit/phpunit/src/Framework/MockObject/Runtime/Rule/InvokedCount.php,PASS,No syntax errors detected in /Users/qodir_rizqullah/Sites/ERP_RMI_SOFULL/vendor/phpunit/phpunit/src/Framework/MockObject/Runtime/Rule/InvokedCount.php
vendor/phpunit/phpunit/src/Framework/MockObject/Runtime/Rule/MethodName.php,PASS,No syntax errors detected in /Users/qodir_rizqullah/Sites/ERP_RMI_SOFULL/vendor/phpunit/phpunit/src/Framework/MockObject/Runtime/Rule/MethodName.php
vendor/phpunit/phpunit/src/Framework/MockObject/Runtime/Rule/Parameters.php,PASS,No syntax errors detected in /Users/qodir_rizqullah/Sites/ERP_RMI_SOFULL/vendor/phpunit/phpunit/src/Framework/MockObject/Runtime/Rule/Parameters.php
vendor/phpunit/phpunit/src/Framework/MockObject/Runtime/Rule/ParametersRule.php,PASS,No syntax errors detected in /Users/qodir_rizqullah/Sites/ERP_RMI_SOFULL/vendor/phpunit/phpunit/src/Framework/MockObject/Runtime/Rule/ParametersRule.php
vendor/phpunit/phpunit/src/Framework/MockObject/Runtime/Stub/ConsecutiveCalls.php,PASS,No syntax errors detected in /Users/qodir_rizqullah/Sites/ERP_RMI_SOFULL/vendor/phpunit/phpunit/src/Framework/MockObject/Runtime/Stub/ConsecutiveCalls.php
vendor/phpunit/phpunit/src/Framework/MockObject/Runtime/Stub/Exception.php,PASS,No syntax errors detected in /Users/qodir_rizqullah/Sites/ERP_RMI_SOFULL/vendor/phpunit/phpunit/src/Framework/MockObject/Runtime/Stub/Exception.php
vendor/phpunit/phpunit/src/Framework/MockObject/Runtime/Stub/ReturnArgument.php,PASS,No syntax errors detected in /Users/qodir_rizqullah/Sites/ERP_RMI_SOFULL/vendor/phpunit/phpunit/src/Framework/MockObject/Runtime/Stub/ReturnArgument.php
vendor/phpunit/phpunit/src/Framework/MockObject/Runtime/Stub/ReturnCallback.php,PASS,No syntax errors detected in /Users/qodir_rizqullah/Sites/ERP_RMI_SOFULL/vendor/phpunit/phpunit/src/Framework/MockObject/Runtime/Stub/ReturnCallback.php
vendor/phpunit/phpunit/src/Framework/MockObject/Runtime/Stub/ReturnReference.php,PASS,No syntax errors detected in /Users/qodir_rizqullah/Sites/ERP_RMI_SOFULL/vendor/phpunit/phpunit/src/Framework/MockObject/Runtime/Stub/ReturnReference.php
vendor/phpunit/phpunit/src/Framework/MockObject/Runtime/Stub/ReturnSelf.php,PASS,No syntax errors detected in /Users/qodir_rizqullah/Sites/ERP_RMI_SOFULL/vendor/phpunit/phpunit/src/Framework/MockObject/Runtime/Stub/ReturnSelf.php
vendor/phpunit/phpunit/src/Framework/MockObject/Runtime/Stub/ReturnStub.php,PASS,No syntax errors detected in /Users/qodir_rizqullah/Sites/ERP_RMI_SOFULL/vendor/phpunit/phpunit/src/Framework/MockObject/Runtime/Stub/ReturnStub.php
vendor/phpunit/phpunit/src/Framework/MockObject/Runtime/Stub/ReturnValueMap.php,PASS,No syntax errors detected in /Users/qodir_rizqullah/Sites/ERP_RMI_SOFULL/vendor/phpunit/phpunit/src/Framework/MockObject/Runtime/Stub/ReturnValueMap.php
vendor/phpunit/phpunit/src/Framework/MockObject/Runtime/Stub/Stub.php,PASS,No syntax errors detected in /Users/qodir_rizqullah/Sites/ERP_RMI_SOFULL/vendor/phpunit/phpunit/src/Framework/MockObject/Runtime/Stub/Stub.php
vendor/phpunit/phpunit/src/Framework/NativeType.php,PASS,No syntax errors detected in /Users/qodir_rizqullah/Sites/ERP_RMI_SOFULL/vendor/phpunit/phpunit/src/Framework/NativeType.php
vendor/phpunit/phpunit/src/Framework/Reorderable.php,PASS,No syntax errors detected in /Users/qodir_rizqullah/Sites/ERP_RMI_SOFULL/vendor/phpunit/phpunit/src/Framework/Reorderable.php
vendor/phpunit/phpunit/src/Framework/SelfDescribing.php,PASS,No syntax errors detected in /Users/qodir_rizqullah/Sites/ERP_RMI_SOFULL/vendor/phpunit/phpunit/src/Framework/SelfDescribing.php
vendor/phpunit/phpunit/src/Framework/Test.php,PASS,No syntax errors detected in /Users/qodir_rizqullah/Sites/ERP_RMI_SOFULL/vendor/phpunit/phpunit/src/Framework/Test.php
vendor/phpunit/phpunit/src/Framework/TestBuilder.php,PASS,No syntax errors detected in /Users/qodir_rizqullah/Sites/ERP_RMI_SOFULL/vendor/phpunit/phpunit/src/Framework/TestBuilder.php
vendor/phpunit/phpunit/src/Framework/TestCase.php,PASS,No syntax errors detected in /Users/qodir_rizqullah/Sites/ERP_RMI_SOFULL/vendor/phpunit/phpunit/src/Framework/TestCase.php
vendor/phpunit/phpunit/src/Framework/TestRunner/ChildProcessResultProcessor.php,PASS,No syntax errors detected in /Users/qodir_rizqullah/Sites/ERP_RMI_SOFULL/vendor/phpunit/phpunit/src/Framework/TestRunner/ChildProcessResultProcessor.php
vendor/phpunit/phpunit/src/Framework/TestRunner/IsolatedTestRunner.php,PASS,No syntax errors detected in /Users/qodir_rizqullah/Sites/ERP_RMI_SOFULL/vendor/phpunit/phpunit/src/Framework/TestRunner/IsolatedTestRunner.php
vendor/phpunit/phpunit/src/Framework/TestRunner/IsolatedTestRunnerRegistry.php,PASS,No syntax errors detected in /Users/qodir_rizqullah/Sites/ERP_RMI_SOFULL/vendor/phpunit/phpunit/src/Framework/TestRunner/IsolatedTestRunnerRegistry.php
vendor/phpunit/phpunit/src/Framework/TestRunner/SeparateProcessTestRunner.php,PASS,No syntax errors detected in /Users/qodir_rizqullah/Sites/ERP_RMI_SOFULL/vendor/phpunit/phpunit/src/Framework/TestRunner/SeparateProcessTestRunner.php
vendor/phpunit/phpunit/src/Framework/TestRunner/TestRunner.php,PASS,No syntax errors detected in /Users/qodir_rizqullah/Sites/ERP_RMI_SOFULL/vendor/phpunit/phpunit/src/Framework/TestRunner/TestRunner.php
vendor/phpunit/phpunit/src/Framework/TestSize/Known.php,PASS,No syntax errors detected in /Users/qodir_rizqullah/Sites/ERP_RMI_SOFULL/vendor/phpunit/phpunit/src/Framework/TestSize/Known.php
vendor/phpunit/phpunit/src/Framework/TestSize/Large.php,PASS,No syntax errors detected in /Users/qodir_rizqullah/Sites/ERP_RMI_SOFULL/vendor/phpunit/phpunit/src/Framework/TestSize/Large.php
vendor/phpunit/phpunit/src/Framework/TestSize/Medium.php,PASS,No syntax errors detected in /Users/qodir_rizqullah/Sites/ERP_RMI_SOFULL/vendor/phpunit/phpunit/src/Framework/TestSize/Medium.php
vendor/phpunit/phpunit/src/Framework/TestSize/Small.php,PASS,No syntax errors detected in /Users/qodir_rizqullah/Sites/ERP_RMI_SOFULL/vendor/phpunit/phpunit/src/Framework/TestSize/Small.php
vendor/phpunit/phpunit/src/Framework/TestSize/TestSize.php,PASS,No syntax errors detected in /Users/qodir_rizqullah/Sites/ERP_RMI_SOFULL/vendor/phpunit/phpunit/src/Framework/TestSize/TestSize.php
vendor/phpunit/phpunit/src/Framework/TestSize/Unknown.php,PASS,No syntax errors detected in /Users/qodir_rizqullah/Sites/ERP_RMI_SOFULL/vendor/phpunit/phpunit/src/Framework/TestSize/Unknown.php
vendor/phpunit/phpunit/src/Framework/TestStatus/Deprecation.php,PASS,No syntax errors detected in /Users/qodir_rizqullah/Sites/ERP_RMI_SOFULL/vendor/phpunit/phpunit/src/Framework/TestStatus/Deprecation.php
vendor/phpunit/phpunit/src/Framework/TestStatus/Error.php,PASS,No syntax errors detected in /Users/qodir_rizqullah/Sites/ERP_RMI_SOFULL/vendor/phpunit/phpunit/src/Framework/TestStatus/Error.php
vendor/phpunit/phpunit/src/Framework/TestStatus/Failure.php,PASS,No syntax errors detected in /Users/qodir_rizqullah/Sites/ERP_RMI_SOFULL/vendor/phpunit/phpunit/src/Framework/TestStatus/Failure.php
vendor/phpunit/phpunit/src/Framework/TestStatus/Incomplete.php,PASS,No syntax errors detected in /Users/qodir_rizqullah/Sites/ERP_RMI_SOFULL/vendor/phpunit/phpunit/src/Framework/TestStatus/Incomplete.php
vendor/phpunit/phpunit/src/Framework/TestStatus/Known.php,PASS,No syntax errors detected in /Users/qodir_rizqullah/Sites/ERP_RMI_SOFULL/vendor/phpunit/phpunit/src/Framework/TestStatus/Known.php
vendor/phpunit/phpunit/src/Framework/TestStatus/Notice.php,PASS,No syntax errors detected in /Users/qodir_rizqullah/Sites/ERP_RMI_SOFULL/vendor/phpunit/phpunit/src/Framework/TestStatus/Notice.php
vendor/phpunit/phpunit/src/Framework/TestStatus/Risky.php,PASS,No syntax errors detected in /Users/qodir_rizqullah/Sites/ERP_RMI_SOFULL/vendor/phpunit/phpunit/src/Framework/TestStatus/Risky.php
vendor/phpunit/phpunit/src/Framework/TestStatus/Skipped.php,PASS,No syntax errors detected in /Users/qodir_rizqullah/Sites/ERP_RMI_SOFULL/vendor/phpunit/phpunit/src/Framework/TestStatus/Skipped.php
vendor/phpunit/phpunit/src/Framework/TestStatus/Success.php,PASS,No syntax errors detected in /Users/qodir_rizqullah/Sites/ERP_RMI_SOFULL/vendor/phpunit/phpunit/src/Framework/TestStatus/Success.php
vendor/phpunit/phpunit/src/Framework/TestStatus/TestStatus.php,PASS,No syntax errors detected in /Users/qodir_rizqullah/Sites/ERP_RMI_SOFULL/vendor/phpunit/phpunit/src/Framework/TestStatus/TestStatus.php
vendor/phpunit/phpunit/src/Framework/TestStatus/Unknown.php,PASS,No syntax errors detected in /Users/qodir_rizqullah/Sites/ERP_RMI_SOFULL/vendor/phpunit/phpunit/src/Framework/TestStatus/Unknown.php
vendor/phpunit/phpunit/src/Framework/TestStatus/Warning.php,PASS,No syntax errors detected in /Users/qodir_rizqullah/Sites/ERP_RMI_SOFULL/vendor/phpunit/phpunit/src/Framework/TestStatus/Warning.php
vendor/phpunit/phpunit/src/Framework/TestSuite.php,PASS,No syntax errors detected in /Users/qodir_rizqullah/Sites/ERP_RMI_SOFULL/vendor/phpunit/phpunit/src/Framework/TestSuite.php
vendor/phpunit/phpunit/src/Framework/TestSuiteIterator.php,PASS,No syntax errors detected in /Users/qodir_rizqullah/Sites/ERP_RMI_SOFULL/vendor/phpunit/phpunit/src/Framework/TestSuiteIterator.php
vendor/phpunit/phpunit/src/Logging/EventLogger.php,PASS,No syntax errors detected in /Users/qodir_rizqullah/Sites/ERP_RMI_SOFULL/vendor/phpunit/phpunit/src/Logging/EventLogger.php
vendor/phpunit/phpunit/src/Logging/JUnit/JunitXmlLogger.php,PASS,No syntax errors detected in /Users/qodir_rizqullah/Sites/ERP_RMI_SOFULL/vendor/phpunit/phpunit/src/Logging/JUnit/JunitXmlLogger.php
vendor/phpunit/phpunit/src/Logging/JUnit/Subscriber/Subscriber.php,PASS,No syntax errors detected in /Users/qodir_rizqullah/Sites/ERP_RMI_SOFULL/vendor/phpunit/phpunit/src/Logging/JUnit/Subscriber/Subscriber.php
vendor/phpunit/phpunit/src/Logging/JUnit/Subscriber/TestErroredSubscriber.php,PASS,No syntax errors detected in /Users/qodir_rizqullah/Sites/ERP_RMI_SOFULL/vendor/phpunit/phpunit/src/Logging/JUnit/Subscriber/TestErroredSubscriber.php
vendor/phpunit/phpunit/src/Logging/JUnit/Subscriber/TestFailedSubscriber.php,PASS,No syntax errors detected in /Users/qodir_rizqullah/Sites/ERP_RMI_SOFULL/vendor/phpunit/phpunit/src/Logging/JUnit/Subscriber/TestFailedSubscriber.php
vendor/phpunit/phpunit/src/Logging/JUnit/Subscriber/TestFinishedSubscriber.php,PASS,No syntax errors detected in /Users/qodir_rizqullah/Sites/ERP_RMI_SOFULL/vendor/phpunit/phpunit/src/Logging/JUnit/Subscriber/TestFinishedSubscriber.php
vendor/phpunit/phpunit/src/Logging/JUnit/Subscriber/TestMarkedIncompleteSubscriber.php,PASS,No syntax errors detected in /Users/qodir_rizqullah/Sites/ERP_RMI_SOFULL/vendor/phpunit/phpunit/src/Logging/JUnit/Subscriber/TestMarkedIncompleteSubscriber.php
vendor/phpunit/phpunit/src/Logging/JUnit/Subscriber/TestPreparationFailedSubscriber.php,PASS,No syntax errors detected in /Users/qodir_rizqullah/Sites/ERP_RMI_SOFULL/vendor/phpunit/phpunit/src/Logging/JUnit/Subscriber/TestPreparationFailedSubscriber.php
vendor/phpunit/phpunit/src/Logging/JUnit/Subscriber/TestPreparationStartedSubscriber.php,PASS,No syntax errors detected in /Users/qodir_rizqullah/Sites/ERP_RMI_SOFULL/vendor/phpunit/phpunit/src/Logging/JUnit/Subscriber/TestPreparationStartedSubscriber.php
vendor/phpunit/phpunit/src/Logging/JUnit/Subscriber/TestPreparedSubscriber.php,PASS,No syntax errors detected in /Users/qodir_rizqullah/Sites/ERP_RMI_SOFULL/vendor/phpunit/phpunit/src/Logging/JUnit/Subscriber/TestPreparedSubscriber.php
vendor/phpunit/phpunit/src/Logging/JUnit/Subscriber/TestPrintedUnexpectedOutputSubscriber.php,PASS,No syntax errors detected in /Users/qodir_rizqullah/Sites/ERP_RMI_SOFULL/vendor/phpunit/phpunit/src/Logging/JUnit/Subscriber/TestPrintedUnexpectedOutputSubscriber.php
vendor/phpunit/phpunit/src/Logging/JUnit/Subscriber/TestRunnerExecutionFinishedSubscriber.php,PASS,No syntax errors detected in /Users/qodir_rizqullah/Sites/ERP_RMI_SOFULL/vendor/phpunit/phpunit/src/Logging/JUnit/Subscriber/TestRunnerExecutionFinishedSubscriber.php
vendor/phpunit/phpunit/src/Logging/JUnit/Subscriber/TestSkippedSubscriber.php,PASS,No syntax errors detected in /Users/qodir_rizqullah/Sites/ERP_RMI_SOFULL/vendor/phpunit/phpunit/src/Logging/JUnit/Subscriber/TestSkippedSubscriber.php
vendor/phpunit/phpunit/src/Logging/JUnit/Subscriber/TestSuiteFinishedSubscriber.php,PASS,No syntax errors detected in /Users/qodir_rizqullah/Sites/ERP_RMI_SOFULL/vendor/phpunit/phpunit/src/Logging/JUnit/Subscriber/TestSuiteFinishedSubscriber.php
vendor/phpunit/phpunit/src/Logging/JUnit/Subscriber/TestSuiteStartedSubscriber.php,PASS,No syntax errors detected in /Users/qodir_rizqullah/Sites/ERP_RMI_SOFULL/vendor/phpunit/phpunit/src/Logging/JUnit/Subscriber/TestSuiteStartedSubscriber.php
vendor/phpunit/phpunit/src/Logging/TeamCity/Subscriber/Subscriber.php,PASS,No syntax errors detected in /Users/qodir_rizqullah/Sites/ERP_RMI_SOFULL/vendor/phpunit/phpunit/src/Logging/TeamCity/Subscriber/Subscriber.php
vendor/phpunit/phpunit/src/Logging/TeamCity/Subscriber/TestConsideredRiskySubscriber.php,PASS,No syntax errors detected in /Users/qodir_rizqullah/Sites/ERP_RMI_SOFULL/vendor/phpunit/phpunit/src/Logging/TeamCity/Subscriber/TestConsideredRiskySubscriber.php
vendor/phpunit/phpunit/src/Logging/TeamCity/Subscriber/TestErroredSubscriber.php,PASS,No syntax errors detected in /Users/qodir_rizqullah/Sites/ERP_RMI_SOFULL/vendor/phpunit/phpunit/src/Logging/TeamCity/Subscriber/TestErroredSubscriber.php
vendor/phpunit/phpunit/src/Logging/TeamCity/Subscriber/TestFailedSubscriber.php,PASS,No syntax errors detected in /Users/qodir_rizqullah/Sites/ERP_RMI_SOFULL/vendor/phpunit/phpunit/src/Logging/TeamCity/Subscriber/TestFailedSubscriber.php
vendor/phpunit/phpunit/src/Logging/TeamCity/Subscriber/TestFinishedSubscriber.php,PASS,No syntax errors detected in /Users/qodir_rizqullah/Sites/ERP_RMI_SOFULL/vendor/phpunit/phpunit/src/Logging/TeamCity/Subscriber/TestFinishedSubscriber.php
vendor/phpunit/phpunit/src/Logging/TeamCity/Subscriber/TestMarkedIncompleteSubscriber.php,PASS,No syntax errors detected in /Users/qodir_rizqullah/Sites/ERP_RMI_SOFULL/vendor/phpunit/phpunit/src/Logging/TeamCity/Subscriber/TestMarkedIncompleteSubscriber.php
vendor/phpunit/phpunit/src/Logging/TeamCity/Subscriber/TestPreparedSubscriber.php,PASS,No syntax errors detected in /Users/qodir_rizqullah/Sites/ERP_RMI_SOFULL/vendor/phpunit/phpunit/src/Logging/TeamCity/Subscriber/TestPreparedSubscriber.php
vendor/phpunit/phpunit/src/Logging/TeamCity/Subscriber/TestRunnerExecutionFinishedSubscriber.php,PASS,No syntax errors detected in /Users/qodir_rizqullah/Sites/ERP_RMI_SOFULL/vendor/phpunit/phpunit/src/Logging/TeamCity/Subscriber/TestRunnerExecutionFinishedSubscriber.php
vendor/phpunit/phpunit/src/Logging/TeamCity/Subscriber/TestSkippedSubscriber.php,PASS,No syntax errors detected in /Users/qodir_rizqullah/Sites/ERP_RMI_SOFULL/vendor/phpunit/phpunit/src/Logging/TeamCity/Subscriber/TestSkippedSubscriber.php
vendor/phpunit/phpunit/src/Logging/TeamCity/Subscriber/TestSuiteBeforeFirstTestMethodErroredSubscriber.php,PASS,No syntax errors detected in /Users/qodir_rizqullah/Sites/ERP_RMI_SOFULL/vendor/phpunit/phpunit/src/Logging/TeamCity/Subscriber/TestSuiteBeforeFirstTestMethodErroredSubscriber.php
vendor/phpunit/phpunit/src/Logging/TeamCity/Subscriber/TestSuiteFinishedSubscriber.php,PASS,No syntax errors detected in /Users/qodir_rizqullah/Sites/ERP_RMI_SOFULL/vendor/phpunit/phpunit/src/Logging/TeamCity/Subscriber/TestSuiteFinishedSubscriber.php
vendor/phpunit/phpunit/src/Logging/TeamCity/Subscriber/TestSuiteSkippedSubscriber.php,PASS,No syntax errors detected in /Users/qodir_rizqullah/Sites/ERP_RMI_SOFULL/vendor/phpunit/phpunit/src/Logging/TeamCity/Subscriber/TestSuiteSkippedSubscriber.php
vendor/phpunit/phpunit/src/Logging/TeamCity/Subscriber/TestSuiteStartedSubscriber.php,PASS,No syntax errors detected in /Users/qodir_rizqullah/Sites/ERP_RMI_SOFULL/vendor/phpunit/phpunit/src/Logging/TeamCity/Subscriber/TestSuiteStartedSubscriber.php
vendor/phpunit/phpunit/src/Logging/TeamCity/TeamCityLogger.php,PASS,No syntax errors detected in /Users/qodir_rizqullah/Sites/ERP_RMI_SOFULL/vendor/phpunit/phpunit/src/Logging/TeamCity/TeamCityLogger.php
vendor/phpunit/phpunit/src/Logging/TestDox/HtmlRenderer.php,PASS,No syntax errors detected in /Users/qodir_rizqullah/Sites/ERP_RMI_SOFULL/vendor/phpunit/phpunit/src/Logging/TestDox/HtmlRenderer.php
vendor/phpunit/phpunit/src/Logging/TestDox/NamePrettifier.php,PASS,No syntax errors detected in /Users/qodir_rizqullah/Sites/ERP_RMI_SOFULL/vendor/phpunit/phpunit/src/Logging/TestDox/NamePrettifier.php
vendor/phpunit/phpunit/src/Logging/TestDox/PlainTextRenderer.php,PASS,No syntax errors detected in /Users/qodir_rizqullah/Sites/ERP_RMI_SOFULL/vendor/phpunit/phpunit/src/Logging/TestDox/PlainTextRenderer.php
vendor/phpunit/phpunit/src/Logging/TestDox/TestResult/Subscriber/Subscriber.php,PASS,No syntax errors detected in /Users/qodir_rizqullah/Sites/ERP_RMI_SOFULL/vendor/phpunit/phpunit/src/Logging/TestDox/TestResult/Subscriber/Subscriber.php
vendor/phpunit/phpunit/src/Logging/TestDox/TestResult/Subscriber/TestConsideredRiskySubscriber.php,PASS,No syntax errors detected in /Users/qodir_rizqullah/Sites/ERP_RMI_SOFULL/vendor/phpunit/phpunit/src/Logging/TestDox/TestResult/Subscriber/TestConsideredRiskySubscriber.php
vendor/phpunit/phpunit/src/Logging/TestDox/TestResult/Subscriber/TestErroredSubscriber.php,PASS,No syntax errors detected in /Users/qodir_rizqullah/Sites/ERP_RMI_SOFULL/vendor/phpunit/phpunit/src/Logging/TestDox/TestResult/Subscriber/TestErroredSubscriber.php
vendor/phpunit/phpunit/src/Logging/TestDox/TestResult/Subscriber/TestFailedSubscriber.php,PASS,No syntax errors detected in /Users/qodir_rizqullah/Sites/ERP_RMI_SOFULL/vendor/phpunit/phpunit/src/Logging/TestDox/TestResult/Subscriber/TestFailedSubscriber.php
vendor/phpunit/phpunit/src/Logging/TestDox/TestResult/Subscriber/TestFinishedSubscriber.php,PASS,No syntax errors detected in /Users/qodir_rizqullah/Sites/ERP_RMI_SOFULL/vendor/phpunit/phpunit/src/Logging/TestDox/TestResult/Subscriber/TestFinishedSubscriber.php
vendor/phpunit/phpunit/src/Logging/TestDox/TestResult/Subscriber/TestMarkedIncompleteSubscriber.php,PASS,No syntax errors detected in /Users/qodir_rizqullah/Sites/ERP_RMI_SOFULL/vendor/phpunit/phpunit/src/Logging/TestDox/TestResult/Subscriber/TestMarkedIncompleteSubscriber.php
vendor/phpunit/phpunit/src/Logging/TestDox/TestResult/Subscriber/TestPassedSubscriber.php,PASS,No syntax errors detected in /Users/qodir_rizqullah/Sites/ERP_RMI_SOFULL/vendor/phpunit/phpunit/src/Logging/TestDox/TestResult/Subscriber/TestPassedSubscriber.php
vendor/phpunit/phpunit/src/Logging/TestDox/TestResult/Subscriber/TestPreparedSubscriber.php,PASS,No syntax errors detected in /Users/qodir_rizqullah/Sites/ERP_RMI_SOFULL/vendor/phpunit/phpunit/src/Logging/TestDox/TestResult/Subscriber/TestPreparedSubscriber.php
vendor/phpunit/phpunit/src/Logging/TestDox/TestResult/Subscriber/TestSkippedSubscriber.php,PASS,No syntax errors detected in /Users/qodir_rizqullah/Sites/ERP_RMI_SOFULL/vendor/phpunit/phpunit/src/Logging/TestDox/TestResult/Subscriber/TestSkippedSubscriber.php
vendor/phpunit/phpunit/src/Logging/TestDox/TestResult/Subscriber/TestTriggeredDeprecationSubscriber.php,PASS,No syntax errors detected in /Users/qodir_rizqullah/Sites/ERP_RMI_SOFULL/vendor/phpunit/phpunit/src/Logging/TestDox/TestResult/Subscriber/TestTriggeredDeprecationSubscriber.php
vendor/phpunit/phpunit/src/Logging/TestDox/TestResult/Subscriber/TestTriggeredNoticeSubscriber.php,PASS,No syntax errors detected in /Users/qodir_rizqullah/Sites/ERP_RMI_SOFULL/vendor/phpunit/phpunit/src/Logging/TestDox/TestResult/Subscriber/TestTriggeredNoticeSubscriber.php
vendor/phpunit/phpunit/src/Logging/TestDox/TestResult/Subscriber/TestTriggeredPhpDeprecationSubscriber.php,PASS,No syntax errors detected in /Users/qodir_rizqullah/Sites/ERP_RMI_SOFULL/vendor/phpunit/phpunit/src/Logging/TestDox/TestResult/Subscriber/TestTriggeredPhpDeprecationSubscriber.php
vendor/phpunit/phpunit/src/Logging/TestDox/TestResult/Subscriber/TestTriggeredPhpNoticeSubscriber.php,PASS,No syntax errors detected in /Users/qodir_rizqullah/Sites/ERP_RMI_SOFULL/vendor/phpunit/phpunit/src/Logging/TestDox/TestResult/Subscriber/TestTriggeredPhpNoticeSubscriber.php
vendor/phpunit/phpunit/src/Logging/TestDox/TestResult/Subscriber/TestTriggeredPhpWarningSubscriber.php,PASS,No syntax errors detected in /Users/qodir_rizqullah/Sites/ERP_RMI_SOFULL/vendor/phpunit/phpunit/src/Logging/TestDox/TestResult/Subscriber/TestTriggeredPhpWarningSubscriber.php
vendor/phpunit/phpunit/src/Logging/TestDox/TestResult/Subscriber/TestTriggeredPhpunitDeprecationSubscriber.php,PASS,No syntax errors detected in /Users/qodir_rizqullah/Sites/ERP_RMI_SOFULL/vendor/phpunit/phpunit/src/Logging/TestDox/TestResult/Subscriber/TestTriggeredPhpunitDeprecationSubscriber.php
vendor/phpunit/phpunit/src/Logging/TestDox/TestResult/Subscriber/TestTriggeredPhpunitErrorSubscriber.php,PASS,No syntax errors detected in /Users/qodir_rizqullah/Sites/ERP_RMI_SOFULL/vendor/phpunit/phpunit/src/Logging/TestDox/TestResult/Subscriber/TestTriggeredPhpunitErrorSubscriber.php
vendor/phpunit/phpunit/src/Logging/TestDox/TestResult/Subscriber/TestTriggeredPhpunitWarningSubscriber.php,PASS,No syntax errors detected in /Users/qodir_rizqullah/Sites/ERP_RMI_SOFULL/vendor/phpunit/phpunit/src/Logging/TestDox/TestResult/Subscriber/TestTriggeredPhpunitWarningSubscriber.php
vendor/phpunit/phpunit/src/Logging/TestDox/TestResult/Subscriber/TestTriggeredWarningSubscriber.php,PASS,No syntax errors detected in /Users/qodir_rizqullah/Sites/ERP_RMI_SOFULL/vendor/phpunit/phpunit/src/Logging/TestDox/TestResult/Subscriber/TestTriggeredWarningSubscriber.php
vendor/phpunit/phpunit/src/Logging/TestDox/TestResult/TestResult.php,PASS,No syntax errors detected in /Users/qodir_rizqullah/Sites/ERP_RMI_SOFULL/vendor/phpunit/phpunit/src/Logging/TestDox/TestResult/TestResult.php
vendor/phpunit/phpunit/src/Logging/TestDox/TestResult/TestResultCollection.php,PASS,No syntax errors detected in /Users/qodir_rizqullah/Sites/ERP_RMI_SOFULL/vendor/phpunit/phpunit/src/Logging/TestDox/TestResult/TestResultCollection.php
vendor/phpunit/phpunit/src/Logging/TestDox/TestResult/TestResultCollectionIterator.php,PASS,No syntax errors detected in /Users/qodir_rizqullah/Sites/ERP_RMI_SOFULL/vendor/phpunit/phpunit/src/Logging/TestDox/TestResult/TestResultCollectionIterator.php
vendor/phpunit/phpunit/src/Logging/TestDox/TestResult/TestResultCollector.php,PASS,No syntax errors detected in /Users/qodir_rizqullah/Sites/ERP_RMI_SOFULL/vendor/phpunit/phpunit/src/Logging/TestDox/TestResult/TestResultCollector.php
vendor/phpunit/phpunit/src/Metadata/After.php,PASS,No syntax errors detected in /Users/qodir_rizqullah/Sites/ERP_RMI_SOFULL/vendor/phpunit/phpunit/src/Metadata/After.php
vendor/phpunit/phpunit/src/Metadata/AfterClass.php,PASS,No syntax errors detected in /Users/qodir_rizqullah/Sites/ERP_RMI_SOFULL/vendor/phpunit/phpunit/src/Metadata/AfterClass.php
vendor/phpunit/phpunit/src/Metadata/Api/CodeCoverage.php,PASS,No syntax errors detected in /Users/qodir_rizqullah/Sites/ERP_RMI_SOFULL/vendor/phpunit/phpunit/src/Metadata/Api/CodeCoverage.php
vendor/phpunit/phpunit/src/Metadata/Api/DataProvider.php,PASS,No syntax errors detected in /Users/qodir_rizqullah/Sites/ERP_RMI_SOFULL/vendor/phpunit/phpunit/src/Metadata/Api/DataProvider.php
vendor/phpunit/phpunit/src/Metadata/Api/Dependencies.php,PASS,No syntax errors detected in /Users/qodir_rizqullah/Sites/ERP_RMI_SOFULL/vendor/phpunit/phpunit/src/Metadata/Api/Dependencies.php
vendor/phpunit/phpunit/src/Metadata/Api/Groups.php,PASS,No syntax errors detected in /Users/qodir_rizqullah/Sites/ERP_RMI_SOFULL/vendor/phpunit/phpunit/src/Metadata/Api/Groups.php
vendor/phpunit/phpunit/src/Metadata/Api/HookMethods.php,PASS,No syntax errors detected in /Users/qodir_rizqullah/Sites/ERP_RMI_SOFULL/vendor/phpunit/phpunit/src/Metadata/Api/HookMethods.php
vendor/phpunit/phpunit/src/Metadata/Api/Requirements.php,PASS,No syntax errors detected in /Users/qodir_rizqullah/Sites/ERP_RMI_SOFULL/vendor/phpunit/phpunit/src/Metadata/Api/Requirements.php
vendor/phpunit/phpunit/src/Metadata/BackupGlobals.php,PASS,No syntax errors detected in /Users/qodir_rizqullah/Sites/ERP_RMI_SOFULL/vendor/phpunit/phpunit/src/Metadata/BackupGlobals.php
vendor/phpunit/phpunit/src/Metadata/BackupStaticProperties.php,PASS,No syntax errors detected in /Users/qodir_rizqullah/Sites/ERP_RMI_SOFULL/vendor/phpunit/phpunit/src/Metadata/BackupStaticProperties.php
vendor/phpunit/phpunit/src/Metadata/Before.php,PASS,No syntax errors detected in /Users/qodir_rizqullah/Sites/ERP_RMI_SOFULL/vendor/phpunit/phpunit/src/Metadata/Before.php
vendor/phpunit/phpunit/src/Metadata/BeforeClass.php,PASS,No syntax errors detected in /Users/qodir_rizqullah/Sites/ERP_RMI_SOFULL/vendor/phpunit/phpunit/src/Metadata/BeforeClass.php
vendor/phpunit/phpunit/src/Metadata/Covers.php,PASS,No syntax errors detected in /Users/qodir_rizqullah/Sites/ERP_RMI_SOFULL/vendor/phpunit/phpunit/src/Metadata/Covers.php
vendor/phpunit/phpunit/src/Metadata/CoversClass.php,PASS,No syntax errors detected in /Users/qodir_rizqullah/Sites/ERP_RMI_SOFULL/vendor/phpunit/phpunit/src/Metadata/CoversClass.php
vendor/phpunit/phpunit/src/Metadata/CoversDefaultClass.php,PASS,No syntax errors detected in /Users/qodir_rizqullah/Sites/ERP_RMI_SOFULL/vendor/phpunit/phpunit/src/Metadata/CoversDefaultClass.php
vendor/phpunit/phpunit/src/Metadata/CoversFunction.php,PASS,No syntax errors detected in /Users/qodir_rizqullah/Sites/ERP_RMI_SOFULL/vendor/phpunit/phpunit/src/Metadata/CoversFunction.php
vendor/phpunit/phpunit/src/Metadata/CoversMethod.php,PASS,No syntax errors detected in /Users/qodir_rizqullah/Sites/ERP_RMI_SOFULL/vendor/phpunit/phpunit/src/Metadata/CoversMethod.php
vendor/phpunit/phpunit/src/Metadata/CoversNothing.php,PASS,No syntax errors detected in /Users/qodir_rizqullah/Sites/ERP_RMI_SOFULL/vendor/phpunit/phpunit/src/Metadata/CoversNothing.php
vendor/phpunit/phpunit/src/Metadata/CoversTrait.php,PASS,No syntax errors detected in /Users/qodir_rizqullah/Sites/ERP_RMI_SOFULL/vendor/phpunit/phpunit/src/Metadata/CoversTrait.php
vendor/phpunit/phpunit/src/Metadata/DataProvider.php,PASS,No syntax errors detected in /Users/qodir_rizqullah/Sites/ERP_RMI_SOFULL/vendor/phpunit/phpunit/src/Metadata/DataProvider.php
vendor/phpunit/phpunit/src/Metadata/DependsOnClass.php,PASS,No syntax errors detected in /Users/qodir_rizqullah/Sites/ERP_RMI_SOFULL/vendor/phpunit/phpunit/src/Metadata/DependsOnClass.php
vendor/phpunit/phpunit/src/Metadata/DependsOnMethod.php,PASS,No syntax errors detected in /Users/qodir_rizqullah/Sites/ERP_RMI_SOFULL/vendor/phpunit/phpunit/src/Metadata/DependsOnMethod.php
vendor/phpunit/phpunit/src/Metadata/DisableReturnValueGenerationForTestDoubles.php,PASS,No syntax errors detected in /Users/qodir_rizqullah/Sites/ERP_RMI_SOFULL/vendor/phpunit/phpunit/src/Metadata/DisableReturnValueGenerationForTestDoubles.php
vendor/phpunit/phpunit/src/Metadata/DoesNotPerformAssertions.php,PASS,No syntax errors detected in /Users/qodir_rizqullah/Sites/ERP_RMI_SOFULL/vendor/phpunit/phpunit/src/Metadata/DoesNotPerformAssertions.php
vendor/phpunit/phpunit/src/Metadata/Exception/AnnotationsAreNotSupportedForInternalClassesException.php,PASS,No syntax errors detected in /Users/qodir_rizqullah/Sites/ERP_RMI_SOFULL/vendor/phpunit/phpunit/src/Metadata/Exception/AnnotationsAreNotSupportedForInternalClassesException.php
vendor/phpunit/phpunit/src/Metadata/Exception/Exception.php,PASS,No syntax errors detected in /Users/qodir_rizqullah/Sites/ERP_RMI_SOFULL/vendor/phpunit/phpunit/src/Metadata/Exception/Exception.php
vendor/phpunit/phpunit/src/Metadata/Exception/InvalidAttributeException.php,PASS,No syntax errors detected in /Users/qodir_rizqullah/Sites/ERP_RMI_SOFULL/vendor/phpunit/phpunit/src/Metadata/Exception/InvalidAttributeException.php
vendor/phpunit/phpunit/src/Metadata/Exception/InvalidVersionRequirementException.php,PASS,No syntax errors detected in /Users/qodir_rizqullah/Sites/ERP_RMI_SOFULL/vendor/phpunit/phpunit/src/Metadata/Exception/InvalidVersionRequirementException.php
vendor/phpunit/phpunit/src/Metadata/Exception/NoVersionRequirementException.php,PASS,No syntax errors detected in /Users/qodir_rizqullah/Sites/ERP_RMI_SOFULL/vendor/phpunit/phpunit/src/Metadata/Exception/NoVersionRequirementException.php
vendor/phpunit/phpunit/src/Metadata/Exception/ReflectionException.php,PASS,No syntax errors detected in /Users/qodir_rizqullah/Sites/ERP_RMI_SOFULL/vendor/phpunit/phpunit/src/Metadata/Exception/ReflectionException.php
vendor/phpunit/phpunit/src/Metadata/ExcludeGlobalVariableFromBackup.php,PASS,No syntax errors detected in /Users/qodir_rizqullah/Sites/ERP_RMI_SOFULL/vendor/phpunit/phpunit/src/Metadata/ExcludeGlobalVariableFromBackup.php
vendor/phpunit/phpunit/src/Metadata/ExcludeStaticPropertyFromBackup.php,PASS,No syntax errors detected in /Users/qodir_rizqullah/Sites/ERP_RMI_SOFULL/vendor/phpunit/phpunit/src/Metadata/ExcludeStaticPropertyFromBackup.php
vendor/phpunit/phpunit/src/Metadata/Group.php,PASS,No syntax errors detected in /Users/qodir_rizqullah/Sites/ERP_RMI_SOFULL/vendor/phpunit/phpunit/src/Metadata/Group.php
vendor/phpunit/phpunit/src/Metadata/IgnoreDeprecations.php,PASS,No syntax errors detected in /Users/qodir_rizqullah/Sites/ERP_RMI_SOFULL/vendor/phpunit/phpunit/src/Metadata/IgnoreDeprecations.php
vendor/phpunit/phpunit/src/Metadata/IgnorePhpunitDeprecations.php,PASS,No syntax errors detected in /Users/qodir_rizqullah/Sites/ERP_RMI_SOFULL/vendor/phpunit/phpunit/src/Metadata/IgnorePhpunitDeprecations.php
vendor/phpunit/phpunit/src/Metadata/Metadata.php,PASS,No syntax errors detected in /Users/qodir_rizqullah/Sites/ERP_RMI_SOFULL/vendor/phpunit/phpunit/src/Metadata/Metadata.php
vendor/phpunit/phpunit/src/Metadata/MetadataCollection.php,PASS,No syntax errors detected in /Users/qodir_rizqullah/Sites/ERP_RMI_SOFULL/vendor/phpunit/phpunit/src/Metadata/MetadataCollection.php
vendor/phpunit/phpunit/src/Metadata/MetadataCollectionIterator.php,PASS,No syntax errors detected in /Users/qodir_rizqullah/Sites/ERP_RMI_SOFULL/vendor/phpunit/phpunit/src/Metadata/MetadataCollectionIterator.php
vendor/phpunit/phpunit/src/Metadata/Parser/Annotation/DocBlock.php,PASS,No syntax errors detected in /Users/qodir_rizqullah/Sites/ERP_RMI_SOFULL/vendor/phpunit/phpunit/src/Metadata/Parser/Annotation/DocBlock.php
vendor/phpunit/phpunit/src/Metadata/Parser/Annotation/Registry.php,PASS,No syntax errors detected in /Users/qodir_rizqullah/Sites/ERP_RMI_SOFULL/vendor/phpunit/phpunit/src/Metadata/Parser/Annotation/Registry.php
vendor/phpunit/phpunit/src/Metadata/Parser/AnnotationParser.php,PASS,No syntax errors detected in /Users/qodir_rizqullah/Sites/ERP_RMI_SOFULL/vendor/phpunit/phpunit/src/Metadata/Parser/AnnotationParser.php
vendor/phpunit/phpunit/src/Metadata/Parser/AttributeParser.php,PASS,No syntax errors detected in /Users/qodir_rizqullah/Sites/ERP_RMI_SOFULL/vendor/phpunit/phpunit/src/Metadata/Parser/AttributeParser.php
vendor/phpunit/phpunit/src/Metadata/Parser/CachingParser.php,PASS,No syntax errors detected in /Users/qodir_rizqullah/Sites/ERP_RMI_SOFULL/vendor/phpunit/phpunit/src/Metadata/Parser/CachingParser.php
vendor/phpunit/phpunit/src/Metadata/Parser/Parser.php,PASS,No syntax errors detected in /Users/qodir_rizqullah/Sites/ERP_RMI_SOFULL/vendor/phpunit/phpunit/src/Metadata/Parser/Parser.php
vendor/phpunit/phpunit/src/Metadata/Parser/ParserChain.php,PASS,No syntax errors detected in /Users/qodir_rizqullah/Sites/ERP_RMI_SOFULL/vendor/phpunit/phpunit/src/Metadata/Parser/ParserChain.php
vendor/phpunit/phpunit/src/Metadata/Parser/Registry.php,PASS,No syntax errors detected in /Users/qodir_rizqullah/Sites/ERP_RMI_SOFULL/vendor/phpunit/phpunit/src/Metadata/Parser/Registry.php
vendor/phpunit/phpunit/src/Metadata/PostCondition.php,PASS,No syntax errors detected in /Users/qodir_rizqullah/Sites/ERP_RMI_SOFULL/vendor/phpunit/phpunit/src/Metadata/PostCondition.php
vendor/phpunit/phpunit/src/Metadata/PreCondition.php,PASS,No syntax errors detected in /Users/qodir_rizqullah/Sites/ERP_RMI_SOFULL/vendor/phpunit/phpunit/src/Metadata/PreCondition.php
vendor/phpunit/phpunit/src/Metadata/PreserveGlobalState.php,PASS,No syntax errors detected in /Users/qodir_rizqullah/Sites/ERP_RMI_SOFULL/vendor/phpunit/phpunit/src/Metadata/PreserveGlobalState.php
vendor/phpunit/phpunit/src/Metadata/RequiresFunction.php,PASS,No syntax errors detected in /Users/qodir_rizqullah/Sites/ERP_RMI_SOFULL/vendor/phpunit/phpunit/src/Metadata/RequiresFunction.php
vendor/phpunit/phpunit/src/Metadata/RequiresMethod.php,PASS,No syntax errors detected in /Users/qodir_rizqullah/Sites/ERP_RMI_SOFULL/vendor/phpunit/phpunit/src/Metadata/RequiresMethod.php
vendor/phpunit/phpunit/src/Metadata/RequiresOperatingSystem.php,PASS,No syntax errors detected in /Users/qodir_rizqullah/Sites/ERP_RMI_SOFULL/vendor/phpunit/phpunit/src/Metadata/RequiresOperatingSystem.php
vendor/phpunit/phpunit/src/Metadata/RequiresOperatingSystemFamily.php,PASS,No syntax errors detected in /Users/qodir_rizqullah/Sites/ERP_RMI_SOFULL/vendor/phpunit/phpunit/src/Metadata/RequiresOperatingSystemFamily.php
vendor/phpunit/phpunit/src/Metadata/RequiresPhp.php,PASS,No syntax errors detected in /Users/qodir_rizqullah/Sites/ERP_RMI_SOFULL/vendor/phpunit/phpunit/src/Metadata/RequiresPhp.php
vendor/phpunit/phpunit/src/Metadata/RequiresPhpExtension.php,PASS,No syntax errors detected in /Users/qodir_rizqullah/Sites/ERP_RMI_SOFULL/vendor/phpunit/phpunit/src/Metadata/RequiresPhpExtension.php
vendor/phpunit/phpunit/src/Metadata/RequiresPhpunit.php,PASS,No syntax errors detected in /Users/qodir_rizqullah/Sites/ERP_RMI_SOFULL/vendor/phpunit/phpunit/src/Metadata/RequiresPhpunit.php
vendor/phpunit/phpunit/src/Metadata/RequiresPhpunitExtension.php,PASS,No syntax errors detected in /Users/qodir_rizqullah/Sites/ERP_RMI_SOFULL/vendor/phpunit/phpunit/src/Metadata/RequiresPhpunitExtension.php
vendor/phpunit/phpunit/src/Metadata/RequiresSetting.php,PASS,No syntax errors detected in /Users/qodir_rizqullah/Sites/ERP_RMI_SOFULL/vendor/phpunit/phpunit/src/Metadata/RequiresSetting.php
vendor/phpunit/phpunit/src/Metadata/RunClassInSeparateProcess.php,PASS,No syntax errors detected in /Users/qodir_rizqullah/Sites/ERP_RMI_SOFULL/vendor/phpunit/phpunit/src/Metadata/RunClassInSeparateProcess.php
vendor/phpunit/phpunit/src/Metadata/RunInSeparateProcess.php,PASS,No syntax errors detected in /Users/qodir_rizqullah/Sites/ERP_RMI_SOFULL/vendor/phpunit/phpunit/src/Metadata/RunInSeparateProcess.php
vendor/phpunit/phpunit/src/Metadata/RunTestsInSeparateProcesses.php,PASS,No syntax errors detected in /Users/qodir_rizqullah/Sites/ERP_RMI_SOFULL/vendor/phpunit/phpunit/src/Metadata/RunTestsInSeparateProcesses.php
vendor/phpunit/phpunit/src/Metadata/Test.php,PASS,No syntax errors detected in /Users/qodir_rizqullah/Sites/ERP_RMI_SOFULL/vendor/phpunit/phpunit/src/Metadata/Test.php
vendor/phpunit/phpunit/src/Metadata/TestDox.php,PASS,No syntax errors detected in /Users/qodir_rizqullah/Sites/ERP_RMI_SOFULL/vendor/phpunit/phpunit/src/Metadata/TestDox.php
vendor/phpunit/phpunit/src/Metadata/TestWith.php,PASS,No syntax errors detected in /Users/qodir_rizqullah/Sites/ERP_RMI_SOFULL/vendor/phpunit/phpunit/src/Metadata/TestWith.php
vendor/phpunit/phpunit/src/Metadata/Uses.php,PASS,No syntax errors detected in /Users/qodir_rizqullah/Sites/ERP_RMI_SOFULL/vendor/phpunit/phpunit/src/Metadata/Uses.php
vendor/phpunit/phpunit/src/Metadata/UsesClass.php,PASS,No syntax errors detected in /Users/qodir_rizqullah/Sites/ERP_RMI_SOFULL/vendor/phpunit/phpunit/src/Metadata/UsesClass.php
vendor/phpunit/phpunit/src/Metadata/UsesDefaultClass.php,PASS,No syntax errors detected in /Users/qodir_rizqullah/Sites/ERP_RMI_SOFULL/vendor/phpunit/phpunit/src/Metadata/UsesDefaultClass.php
vendor/phpunit/phpunit/src/Metadata/UsesFunction.php,PASS,No syntax errors detected in /Users/qodir_rizqullah/Sites/ERP_RMI_SOFULL/vendor/phpunit/phpunit/src/Metadata/UsesFunction.php
vendor/phpunit/phpunit/src/Metadata/UsesMethod.php,PASS,No syntax errors detected in /Users/qodir_rizqullah/Sites/ERP_RMI_SOFULL/vendor/phpunit/phpunit/src/Metadata/UsesMethod.php
vendor/phpunit/phpunit/src/Metadata/UsesTrait.php,PASS,No syntax errors detected in /Users/qodir_rizqullah/Sites/ERP_RMI_SOFULL/vendor/phpunit/phpunit/src/Metadata/UsesTrait.php
vendor/phpunit/phpunit/src/Metadata/Version/ComparisonRequirement.php,PASS,No syntax errors detected in /Users/qodir_rizqullah/Sites/ERP_RMI_SOFULL/vendor/phpunit/phpunit/src/Metadata/Version/ComparisonRequirement.php
vendor/phpunit/phpunit/src/Metadata/Version/ConstraintRequirement.php,PASS,No syntax errors detected in /Users/qodir_rizqullah/Sites/ERP_RMI_SOFULL/vendor/phpunit/phpunit/src/Metadata/Version/ConstraintRequirement.php
vendor/phpunit/phpunit/src/Metadata/Version/Requirement.php,PASS,No syntax errors detected in /Users/qodir_rizqullah/Sites/ERP_RMI_SOFULL/vendor/phpunit/phpunit/src/Metadata/Version/Requirement.php
vendor/phpunit/phpunit/src/Metadata/WithoutErrorHandler.php,PASS,No syntax errors detected in /Users/qodir_rizqullah/Sites/ERP_RMI_SOFULL/vendor/phpunit/phpunit/src/Metadata/WithoutErrorHandler.php
vendor/phpunit/phpunit/src/Runner/Baseline/Baseline.php,PASS,No syntax errors detected in /Users/qodir_rizqullah/Sites/ERP_RMI_SOFULL/vendor/phpunit/phpunit/src/Runner/Baseline/Baseline.php
vendor/phpunit/phpunit/src/Runner/Baseline/Exception/CannotLoadBaselineException.php,PASS,No syntax errors detected in /Users/qodir_rizqullah/Sites/ERP_RMI_SOFULL/vendor/phpunit/phpunit/src/Runner/Baseline/Exception/CannotLoadBaselineException.php
vendor/phpunit/phpunit/src/Runner/Baseline/Exception/CannotWriteBaselineException.php,PASS,No syntax errors detected in /Users/qodir_rizqullah/Sites/ERP_RMI_SOFULL/vendor/phpunit/phpunit/src/Runner/Baseline/Exception/CannotWriteBaselineException.php
vendor/phpunit/phpunit/src/Runner/Baseline/Exception/FileDoesNotHaveLineException.php,PASS,No syntax errors detected in /Users/qodir_rizqullah/Sites/ERP_RMI_SOFULL/vendor/phpunit/phpunit/src/Runner/Baseline/Exception/FileDoesNotHaveLineException.php
vendor/phpunit/phpunit/src/Runner/Baseline/Generator.php,PASS,No syntax errors detected in /Users/qodir_rizqullah/Sites/ERP_RMI_SOFULL/vendor/phpunit/phpunit/src/Runner/Baseline/Generator.php
vendor/phpunit/phpunit/src/Runner/Baseline/Issue.php,PASS,No syntax errors detected in /Users/qodir_rizqullah/Sites/ERP_RMI_SOFULL/vendor/phpunit/phpunit/src/Runner/Baseline/Issue.php
vendor/phpunit/phpunit/src/Runner/Baseline/Reader.php,PASS,No syntax errors detected in /Users/qodir_rizqullah/Sites/ERP_RMI_SOFULL/vendor/phpunit/phpunit/src/Runner/Baseline/Reader.php
vendor/phpunit/phpunit/src/Runner/Baseline/RelativePathCalculator.php,PASS,No syntax errors detected in /Users/qodir_rizqullah/Sites/ERP_RMI_SOFULL/vendor/phpunit/phpunit/src/Runner/Baseline/RelativePathCalculator.php
vendor/phpunit/phpunit/src/Runner/Baseline/Subscriber/Subscriber.php,PASS,No syntax errors detected in /Users/qodir_rizqullah/Sites/ERP_RMI_SOFULL/vendor/phpunit/phpunit/src/Runner/Baseline/Subscriber/Subscriber.php
vendor/phpunit/phpunit/src/Runner/Baseline/Subscriber/TestTriggeredDeprecationSubscriber.php,PASS,No syntax errors detected in /Users/qodir_rizqullah/Sites/ERP_RMI_SOFULL/vendor/phpunit/phpunit/src/Runner/Baseline/Subscriber/TestTriggeredDeprecationSubscriber.php
vendor/phpunit/phpunit/src/Runner/Baseline/Subscriber/TestTriggeredNoticeSubscriber.php,PASS,No syntax errors detected in /Users/qodir_rizqullah/Sites/ERP_RMI_SOFULL/vendor/phpunit/phpunit/src/Runner/Baseline/Subscriber/TestTriggeredNoticeSubscriber.php
vendor/phpunit/phpunit/src/Runner/Baseline/Subscriber/TestTriggeredPhpDeprecationSubscriber.php,PASS,No syntax errors detected in /Users/qodir_rizqullah/Sites/ERP_RMI_SOFULL/vendor/phpunit/phpunit/src/Runner/Baseline/Subscriber/TestTriggeredPhpDeprecationSubscriber.php
vendor/phpunit/phpunit/src/Runner/Baseline/Subscriber/TestTriggeredPhpNoticeSubscriber.php,PASS,No syntax errors detected in /Users/qodir_rizqullah/Sites/ERP_RMI_SOFULL/vendor/phpunit/phpunit/src/Runner/Baseline/Subscriber/TestTriggeredPhpNoticeSubscriber.php
vendor/phpunit/phpunit/src/Runner/Baseline/Subscriber/TestTriggeredPhpWarningSubscriber.php,PASS,No syntax errors detected in /Users/qodir_rizqullah/Sites/ERP_RMI_SOFULL/vendor/phpunit/phpunit/src/Runner/Baseline/Subscriber/TestTriggeredPhpWarningSubscriber.php
vendor/phpunit/phpunit/src/Runner/Baseline/Subscriber/TestTriggeredWarningSubscriber.php,PASS,No syntax errors detected in /Users/qodir_rizqullah/Sites/ERP_RMI_SOFULL/vendor/phpunit/phpunit/src/Runner/Baseline/Subscriber/TestTriggeredWarningSubscriber.php
vendor/phpunit/phpunit/src/Runner/Baseline/Writer.php,PASS,No syntax errors detected in /Users/qodir_rizqullah/Sites/ERP_RMI_SOFULL/vendor/phpunit/phpunit/src/Runner/Baseline/Writer.php
vendor/phpunit/phpunit/src/Runner/CodeCoverage.php,PASS,No syntax errors detected in /Users/qodir_rizqullah/Sites/ERP_RMI_SOFULL/vendor/phpunit/phpunit/src/Runner/CodeCoverage.php
vendor/phpunit/phpunit/src/Runner/DeprecationCollector/Collector.php,PASS,No syntax errors detected in /Users/qodir_rizqullah/Sites/ERP_RMI_SOFULL/vendor/phpunit/phpunit/src/Runner/DeprecationCollector/Collector.php
vendor/phpunit/phpunit/src/Runner/DeprecationCollector/Facade.php,PASS,No syntax errors detected in /Users/qodir_rizqullah/Sites/ERP_RMI_SOFULL/vendor/phpunit/phpunit/src/Runner/DeprecationCollector/Facade.php
vendor/phpunit/phpunit/src/Runner/DeprecationCollector/InIsolationCollector.php,PASS,No syntax errors detected in /Users/qodir_rizqullah/Sites/ERP_RMI_SOFULL/vendor/phpunit/phpunit/src/Runner/DeprecationCollector/InIsolationCollector.php
vendor/phpunit/phpunit/src/Runner/DeprecationCollector/Subscriber/Subscriber.php,PASS,No syntax errors detected in /Users/qodir_rizqullah/Sites/ERP_RMI_SOFULL/vendor/phpunit/phpunit/src/Runner/DeprecationCollector/Subscriber/Subscriber.php
vendor/phpunit/phpunit/src/Runner/DeprecationCollector/Subscriber/TestPreparedSubscriber.php,PASS,No syntax errors detected in /Users/qodir_rizqullah/Sites/ERP_RMI_SOFULL/vendor/phpunit/phpunit/src/Runner/DeprecationCollector/Subscriber/TestPreparedSubscriber.php
vendor/phpunit/phpunit/src/Runner/DeprecationCollector/Subscriber/TestTriggeredDeprecationSubscriber.php,PASS,No syntax errors detected in /Users/qodir_rizqullah/Sites/ERP_RMI_SOFULL/vendor/phpunit/phpunit/src/Runner/DeprecationCollector/Subscriber/TestTriggeredDeprecationSubscriber.php
vendor/phpunit/phpunit/src/Runner/ErrorHandler.php,PASS,No syntax errors detected in /Users/qodir_rizqullah/Sites/ERP_RMI_SOFULL/vendor/phpunit/phpunit/src/Runner/ErrorHandler.php
vendor/phpunit/phpunit/src/Runner/Exception/ClassCannotBeFoundException.php,PASS,No syntax errors detected in /Users/qodir_rizqullah/Sites/ERP_RMI_SOFULL/vendor/phpunit/phpunit/src/Runner/Exception/ClassCannotBeFoundException.php
vendor/phpunit/phpunit/src/Runner/Exception/ClassDoesNotExtendTestCaseException.php,PASS,No syntax errors detected in /Users/qodir_rizqullah/Sites/ERP_RMI_SOFULL/vendor/phpunit/phpunit/src/Runner/Exception/ClassDoesNotExtendTestCaseException.php
vendor/phpunit/phpunit/src/Runner/Exception/ClassIsAbstractException.php,PASS,No syntax errors detected in /Users/qodir_rizqullah/Sites/ERP_RMI_SOFULL/vendor/phpunit/phpunit/src/Runner/Exception/ClassIsAbstractException.php
vendor/phpunit/phpunit/src/Runner/Exception/CodeCoverageFileExistsException.php,PASS,No syntax errors detected in /Users/qodir_rizqullah/Sites/ERP_RMI_SOFULL/vendor/phpunit/phpunit/src/Runner/Exception/CodeCoverageFileExistsException.php
vendor/phpunit/phpunit/src/Runner/Exception/DirectoryDoesNotExistException.php,PASS,No syntax errors detected in /Users/qodir_rizqullah/Sites/ERP_RMI_SOFULL/vendor/phpunit/phpunit/src/Runner/Exception/DirectoryDoesNotExistException.php
vendor/phpunit/phpunit/src/Runner/Exception/ErrorException.php,PASS,No syntax errors detected in /Users/qodir_rizqullah/Sites/ERP_RMI_SOFULL/vendor/phpunit/phpunit/src/Runner/Exception/ErrorException.php
vendor/phpunit/phpunit/src/Runner/Exception/Exception.php,PASS,No syntax errors detected in /Users/qodir_rizqullah/Sites/ERP_RMI_SOFULL/vendor/phpunit/phpunit/src/Runner/Exception/Exception.php
vendor/phpunit/phpunit/src/Runner/Exception/FileDoesNotExistException.php,PASS,No syntax errors detected in /Users/qodir_rizqullah/Sites/ERP_RMI_SOFULL/vendor/phpunit/phpunit/src/Runner/Exception/FileDoesNotExistException.php
vendor/phpunit/phpunit/src/Runner/Exception/InvalidOrderException.php,PASS,No syntax errors detected in /Users/qodir_rizqullah/Sites/ERP_RMI_SOFULL/vendor/phpunit/phpunit/src/Runner/Exception/InvalidOrderException.php
vendor/phpunit/phpunit/src/Runner/Exception/InvalidPhptFileException.php,PASS,No syntax errors detected in /Users/qodir_rizqullah/Sites/ERP_RMI_SOFULL/vendor/phpunit/phpunit/src/Runner/Exception/InvalidPhptFileException.php
vendor/phpunit/phpunit/src/Runner/Exception/ParameterDoesNotExistException.php,PASS,No syntax errors detected in /Users/qodir_rizqullah/Sites/ERP_RMI_SOFULL/vendor/phpunit/phpunit/src/Runner/Exception/ParameterDoesNotExistException.php
vendor/phpunit/phpunit/src/Runner/Exception/PhptExternalFileCannotBeLoadedException.php,PASS,No syntax errors detected in /Users/qodir_rizqullah/Sites/ERP_RMI_SOFULL/vendor/phpunit/phpunit/src/Runner/Exception/PhptExternalFileCannotBeLoadedException.php
vendor/phpunit/phpunit/src/Runner/Exception/UnsupportedPhptSectionException.php,PASS,No syntax errors detected in /Users/qodir_rizqullah/Sites/ERP_RMI_SOFULL/vendor/phpunit/phpunit/src/Runner/Exception/UnsupportedPhptSectionException.php
vendor/phpunit/phpunit/src/Runner/Extension/Extension.php,PASS,No syntax errors detected in /Users/qodir_rizqullah/Sites/ERP_RMI_SOFULL/vendor/phpunit/phpunit/src/Runner/Extension/Extension.php
vendor/phpunit/phpunit/src/Runner/Extension/ExtensionBootstrapper.php,PASS,No syntax errors detected in /Users/qodir_rizqullah/Sites/ERP_RMI_SOFULL/vendor/phpunit/phpunit/src/Runner/Extension/ExtensionBootstrapper.php
vendor/phpunit/phpunit/src/Runner/Extension/Facade.php,PASS,No syntax errors detected in /Users/qodir_rizqullah/Sites/ERP_RMI_SOFULL/vendor/phpunit/phpunit/src/Runner/Extension/Facade.php
vendor/phpunit/phpunit/src/Runner/Extension/ParameterCollection.php,PASS,No syntax errors detected in /Users/qodir_rizqullah/Sites/ERP_RMI_SOFULL/vendor/phpunit/phpunit/src/Runner/Extension/ParameterCollection.php
vendor/phpunit/phpunit/src/Runner/Extension/PharLoader.php,PASS,No syntax errors detected in /Users/qodir_rizqullah/Sites/ERP_RMI_SOFULL/vendor/phpunit/phpunit/src/Runner/Extension/PharLoader.php
vendor/phpunit/phpunit/src/Runner/Filter/ExcludeGroupFilterIterator.php,PASS,No syntax errors detected in /Users/qodir_rizqullah/Sites/ERP_RMI_SOFULL/vendor/phpunit/phpunit/src/Runner/Filter/ExcludeGroupFilterIterator.php
vendor/phpunit/phpunit/src/Runner/Filter/ExcludeNameFilterIterator.php,PASS,No syntax errors detected in /Users/qodir_rizqullah/Sites/ERP_RMI_SOFULL/vendor/phpunit/phpunit/src/Runner/Filter/ExcludeNameFilterIterator.php
vendor/phpunit/phpunit/src/Runner/Filter/Factory.php,PASS,No syntax errors detected in /Users/qodir_rizqullah/Sites/ERP_RMI_SOFULL/vendor/phpunit/phpunit/src/Runner/Filter/Factory.php
vendor/phpunit/phpunit/src/Runner/Filter/GroupFilterIterator.php,PASS,No syntax errors detected in /Users/qodir_rizqullah/Sites/ERP_RMI_SOFULL/vendor/phpunit/phpunit/src/Runner/Filter/GroupFilterIterator.php
vendor/phpunit/phpunit/src/Runner/Filter/IncludeGroupFilterIterator.php,PASS,No syntax errors detected in /Users/qodir_rizqullah/Sites/ERP_RMI_SOFULL/vendor/phpunit/phpunit/src/Runner/Filter/IncludeGroupFilterIterator.php
vendor/phpunit/phpunit/src/Runner/Filter/IncludeNameFilterIterator.php,PASS,No syntax errors detected in /Users/qodir_rizqullah/Sites/ERP_RMI_SOFULL/vendor/phpunit/phpunit/src/Runner/Filter/IncludeNameFilterIterator.php
vendor/phpunit/phpunit/src/Runner/Filter/NameFilterIterator.php,PASS,No syntax errors detected in /Users/qodir_rizqullah/Sites/ERP_RMI_SOFULL/vendor/phpunit/phpunit/src/Runner/Filter/NameFilterIterator.php
vendor/phpunit/phpunit/src/Runner/Filter/TestIdFilterIterator.php,PASS,No syntax errors detected in /Users/qodir_rizqullah/Sites/ERP_RMI_SOFULL/vendor/phpunit/phpunit/src/Runner/Filter/TestIdFilterIterator.php
vendor/phpunit/phpunit/src/Runner/GarbageCollection/GarbageCollectionHandler.php,PASS,No syntax errors detected in /Users/qodir_rizqullah/Sites/ERP_RMI_SOFULL/vendor/phpunit/phpunit/src/Runner/GarbageCollection/GarbageCollectionHandler.php
vendor/phpunit/phpunit/src/Runner/GarbageCollection/Subscriber/ExecutionFinishedSubscriber.php,PASS,No syntax errors detected in /Users/qodir_rizqullah/Sites/ERP_RMI_SOFULL/vendor/phpunit/phpunit/src/Runner/GarbageCollection/Subscriber/ExecutionFinishedSubscriber.php
vendor/phpunit/phpunit/src/Runner/GarbageCollection/Subscriber/ExecutionStartedSubscriber.php,PASS,No syntax errors detected in /Users/qodir_rizqullah/Sites/ERP_RMI_SOFULL/vendor/phpunit/phpunit/src/Runner/GarbageCollection/Subscriber/ExecutionStartedSubscriber.php
vendor/phpunit/phpunit/src/Runner/GarbageCollection/Subscriber/Subscriber.php,PASS,No syntax errors detected in /Users/qodir_rizqullah/Sites/ERP_RMI_SOFULL/vendor/phpunit/phpunit/src/Runner/GarbageCollection/Subscriber/Subscriber.php
vendor/phpunit/phpunit/src/Runner/GarbageCollection/Subscriber/TestFinishedSubscriber.php,PASS,No syntax errors detected in /Users/qodir_rizqullah/Sites/ERP_RMI_SOFULL/vendor/phpunit/phpunit/src/Runner/GarbageCollection/Subscriber/TestFinishedSubscriber.php
vendor/phpunit/phpunit/src/Runner/HookMethod/HookMethod.php,PASS,No syntax errors detected in /Users/qodir_rizqullah/Sites/ERP_RMI_SOFULL/vendor/phpunit/phpunit/src/Runner/HookMethod/HookMethod.php
vendor/phpunit/phpunit/src/Runner/HookMethod/HookMethodCollection.php,PASS,No syntax errors detected in /Users/qodir_rizqullah/Sites/ERP_RMI_SOFULL/vendor/phpunit/phpunit/src/Runner/HookMethod/HookMethodCollection.php
vendor/phpunit/phpunit/src/Runner/IssueFilter.php,PASS,No syntax errors detected in /Users/qodir_rizqullah/Sites/ERP_RMI_SOFULL/vendor/phpunit/phpunit/src/Runner/IssueFilter.php
vendor/phpunit/phpunit/src/Runner/PHPT/PhptTestCase.php,PASS,No syntax errors detected in /Users/qodir_rizqullah/Sites/ERP_RMI_SOFULL/vendor/phpunit/phpunit/src/Runner/PHPT/PhptTestCase.php
vendor/phpunit/phpunit/src/Runner/ResultCache/DefaultResultCache.php,PASS,No syntax errors detected in /Users/qodir_rizqullah/Sites/ERP_RMI_SOFULL/vendor/phpunit/phpunit/src/Runner/ResultCache/DefaultResultCache.php
vendor/phpunit/phpunit/src/Runner/ResultCache/NullResultCache.php,PASS,No syntax errors detected in /Users/qodir_rizqullah/Sites/ERP_RMI_SOFULL/vendor/phpunit/phpunit/src/Runner/ResultCache/NullResultCache.php
vendor/phpunit/phpunit/src/Runner/ResultCache/ResultCache.php,PASS,No syntax errors detected in /Users/qodir_rizqullah/Sites/ERP_RMI_SOFULL/vendor/phpunit/phpunit/src/Runner/ResultCache/ResultCache.php
vendor/phpunit/phpunit/src/Runner/ResultCache/ResultCacheHandler.php,PASS,No syntax errors detected in /Users/qodir_rizqullah/Sites/ERP_RMI_SOFULL/vendor/phpunit/phpunit/src/Runner/ResultCache/ResultCacheHandler.php
vendor/phpunit/phpunit/src/Runner/ResultCache/ResultCacheId.php,PASS,No syntax errors detected in /Users/qodir_rizqullah/Sites/ERP_RMI_SOFULL/vendor/phpunit/phpunit/src/Runner/ResultCache/ResultCacheId.php
vendor/phpunit/phpunit/src/Runner/ResultCache/Subscriber/Subscriber.php,PASS,No syntax errors detected in /Users/qodir_rizqullah/Sites/ERP_RMI_SOFULL/vendor/phpunit/phpunit/src/Runner/ResultCache/Subscriber/Subscriber.php
vendor/phpunit/phpunit/src/Runner/ResultCache/Subscriber/TestConsideredRiskySubscriber.php,PASS,No syntax errors detected in /Users/qodir_rizqullah/Sites/ERP_RMI_SOFULL/vendor/phpunit/phpunit/src/Runner/ResultCache/Subscriber/TestConsideredRiskySubscriber.php
vendor/phpunit/phpunit/src/Runner/ResultCache/Subscriber/TestErroredSubscriber.php,PASS,No syntax errors detected in /Users/qodir_rizqullah/Sites/ERP_RMI_SOFULL/vendor/phpunit/phpunit/src/Runner/ResultCache/Subscriber/TestErroredSubscriber.php
vendor/phpunit/phpunit/src/Runner/ResultCache/Subscriber/TestFailedSubscriber.php,PASS,No syntax errors detected in /Users/qodir_rizqullah/Sites/ERP_RMI_SOFULL/vendor/phpunit/phpunit/src/Runner/ResultCache/Subscriber/TestFailedSubscriber.php
vendor/phpunit/phpunit/src/Runner/ResultCache/Subscriber/TestFinishedSubscriber.php,PASS,No syntax errors detected in /Users/qodir_rizqullah/Sites/ERP_RMI_SOFULL/vendor/phpunit/phpunit/src/Runner/ResultCache/Subscriber/TestFinishedSubscriber.php
vendor/phpunit/phpunit/src/Runner/ResultCache/Subscriber/TestMarkedIncompleteSubscriber.php,PASS,No syntax errors detected in /Users/qodir_rizqullah/Sites/ERP_RMI_SOFULL/vendor/phpunit/phpunit/src/Runner/ResultCache/Subscriber/TestMarkedIncompleteSubscriber.php
vendor/phpunit/phpunit/src/Runner/ResultCache/Subscriber/TestPreparedSubscriber.php,PASS,No syntax errors detected in /Users/qodir_rizqullah/Sites/ERP_RMI_SOFULL/vendor/phpunit/phpunit/src/Runner/ResultCache/Subscriber/TestPreparedSubscriber.php
vendor/phpunit/phpunit/src/Runner/ResultCache/Subscriber/TestSkippedSubscriber.php,PASS,No syntax errors detected in /Users/qodir_rizqullah/Sites/ERP_RMI_SOFULL/vendor/phpunit/phpunit/src/Runner/ResultCache/Subscriber/TestSkippedSubscriber.php
vendor/phpunit/phpunit/src/Runner/ResultCache/Subscriber/TestSuiteFinishedSubscriber.php,PASS,No syntax errors detected in /Users/qodir_rizqullah/Sites/ERP_RMI_SOFULL/vendor/phpunit/phpunit/src/Runner/ResultCache/Subscriber/TestSuiteFinishedSubscriber.php
vendor/phpunit/phpunit/src/Runner/ResultCache/Subscriber/TestSuiteStartedSubscriber.php,PASS,No syntax errors detected in /Users/qodir_rizqullah/Sites/ERP_RMI_SOFULL/vendor/phpunit/phpunit/src/Runner/ResultCache/Subscriber/TestSuiteStartedSubscriber.php
vendor/phpunit/phpunit/src/Runner/TestResult/Collector.php,PASS,No syntax errors detected in /Users/qodir_rizqullah/Sites/ERP_RMI_SOFULL/vendor/phpunit/phpunit/src/Runner/TestResult/Collector.php
vendor/phpunit/phpunit/src/Runner/TestResult/Facade.php,PASS,No syntax errors detected in /Users/qodir_rizqullah/Sites/ERP_RMI_SOFULL/vendor/phpunit/phpunit/src/Runner/TestResult/Facade.php
vendor/phpunit/phpunit/src/Runner/TestResult/Issue.php,PASS,No syntax errors detected in /Users/qodir_rizqullah/Sites/ERP_RMI_SOFULL/vendor/phpunit/phpunit/src/Runner/TestResult/Issue.php
vendor/phpunit/phpunit/src/Runner/TestResult/PassedTests.php,PASS,No syntax errors detected in /Users/qodir_rizqullah/Sites/ERP_RMI_SOFULL/vendor/phpunit/phpunit/src/Runner/TestResult/PassedTests.php
vendor/phpunit/phpunit/src/Runner/TestResult/Subscriber/AfterTestClassMethodErroredSubscriber.php,PASS,No syntax errors detected in /Users/qodir_rizqullah/Sites/ERP_RMI_SOFULL/vendor/phpunit/phpunit/src/Runner/TestResult/Subscriber/AfterTestClassMethodErroredSubscriber.php
vendor/phpunit/phpunit/src/Runner/TestResult/Subscriber/BeforeTestClassMethodErroredSubscriber.php,PASS,No syntax errors detected in /Users/qodir_rizqullah/Sites/ERP_RMI_SOFULL/vendor/phpunit/phpunit/src/Runner/TestResult/Subscriber/BeforeTestClassMethodErroredSubscriber.php
vendor/phpunit/phpunit/src/Runner/TestResult/Subscriber/ExecutionStartedSubscriber.php,PASS,No syntax errors detected in /Users/qodir_rizqullah/Sites/ERP_RMI_SOFULL/vendor/phpunit/phpunit/src/Runner/TestResult/Subscriber/ExecutionStartedSubscriber.php
vendor/phpunit/phpunit/src/Runner/TestResult/Subscriber/Subscriber.php,PASS,No syntax errors detected in /Users/qodir_rizqullah/Sites/ERP_RMI_SOFULL/vendor/phpunit/phpunit/src/Runner/TestResult/Subscriber/Subscriber.php
vendor/phpunit/phpunit/src/Runner/TestResult/Subscriber/TestConsideredRiskySubscriber.php,PASS,No syntax errors detected in /Users/qodir_rizqullah/Sites/ERP_RMI_SOFULL/vendor/phpunit/phpunit/src/Runner/TestResult/Subscriber/TestConsideredRiskySubscriber.php
vendor/phpunit/phpunit/src/Runner/TestResult/Subscriber/TestErroredSubscriber.php,PASS,No syntax errors detected in /Users/qodir_rizqullah/Sites/ERP_RMI_SOFULL/vendor/phpunit/phpunit/src/Runner/TestResult/Subscriber/TestErroredSubscriber.php
vendor/phpunit/phpunit/src/Runner/TestResult/Subscriber/TestFailedSubscriber.php,PASS,No syntax errors detected in /Users/qodir_rizqullah/Sites/ERP_RMI_SOFULL/vendor/phpunit/phpunit/src/Runner/TestResult/Subscriber/TestFailedSubscriber.php
vendor/phpunit/phpunit/src/Runner/TestResult/Subscriber/TestFinishedSubscriber.php,PASS,No syntax errors detected in /Users/qodir_rizqullah/Sites/ERP_RMI_SOFULL/vendor/phpunit/phpunit/src/Runner/TestResult/Subscriber/TestFinishedSubscriber.php
vendor/phpunit/phpunit/src/Runner/TestResult/Subscriber/TestMarkedIncompleteSubscriber.php,PASS,No syntax errors detected in /Users/qodir_rizqullah/Sites/ERP_RMI_SOFULL/vendor/phpunit/phpunit/src/Runner/TestResult/Subscriber/TestMarkedIncompleteSubscriber.php
vendor/phpunit/phpunit/src/Runner/TestResult/Subscriber/TestPreparedSubscriber.php,PASS,No syntax errors detected in /Users/qodir_rizqullah/Sites/ERP_RMI_SOFULL/vendor/phpunit/phpunit/src/Runner/TestResult/Subscriber/TestPreparedSubscriber.php
vendor/phpunit/phpunit/src/Runner/TestResult/Subscriber/TestRunnerTriggeredDeprecationSubscriber.php,PASS,No syntax errors detected in /Users/qodir_rizqullah/Sites/ERP_RMI_SOFULL/vendor/phpunit/phpunit/src/Runner/TestResult/Subscriber/TestRunnerTriggeredDeprecationSubscriber.php
vendor/phpunit/phpunit/src/Runner/TestResult/Subscriber/TestRunnerTriggeredWarningSubscriber.php,PASS,No syntax errors detected in /Users/qodir_rizqullah/Sites/ERP_RMI_SOFULL/vendor/phpunit/phpunit/src/Runner/TestResult/Subscriber/TestRunnerTriggeredWarningSubscriber.php
vendor/phpunit/phpunit/src/Runner/TestResult/Subscriber/TestSkippedSubscriber.php,PASS,No syntax errors detected in /Users/qodir_rizqullah/Sites/ERP_RMI_SOFULL/vendor/phpunit/phpunit/src/Runner/TestResult/Subscriber/TestSkippedSubscriber.php
vendor/phpunit/phpunit/src/Runner/TestResult/Subscriber/TestSuiteFinishedSubscriber.php,PASS,No syntax errors detected in /Users/qodir_rizqullah/Sites/ERP_RMI_SOFULL/vendor/phpunit/phpunit/src/Runner/TestResult/Subscriber/TestSuiteFinishedSubscriber.php
vendor/phpunit/phpunit/src/Runner/TestResult/Subscriber/TestSuiteSkippedSubscriber.php,PASS,No syntax errors detected in /Users/qodir_rizqullah/Sites/ERP_RMI_SOFULL/vendor/phpunit/phpunit/src/Runner/TestResult/Subscriber/TestSuiteSkippedSubscriber.php
vendor/phpunit/phpunit/src/Runner/TestResult/Subscriber/TestSuiteStartedSubscriber.php,PASS,No syntax errors detected in /Users/qodir_rizqullah/Sites/ERP_RMI_SOFULL/vendor/phpunit/phpunit/src/Runner/TestResult/Subscriber/TestSuiteStartedSubscriber.php
vendor/phpunit/phpunit/src/Runner/TestResult/Subscriber/TestTriggeredDeprecationSubscriber.php,PASS,No syntax errors detected in /Users/qodir_rizqullah/Sites/ERP_RMI_SOFULL/vendor/phpunit/phpunit/src/Runner/TestResult/Subscriber/TestTriggeredDeprecationSubscriber.php
vendor/phpunit/phpunit/src/Runner/TestResult/Subscriber/TestTriggeredErrorSubscriber.php,PASS,No syntax errors detected in /Users/qodir_rizqullah/Sites/ERP_RMI_SOFULL/vendor/phpunit/phpunit/src/Runner/TestResult/Subscriber/TestTriggeredErrorSubscriber.php
vendor/phpunit/phpunit/src/Runner/TestResult/Subscriber/TestTriggeredNoticeSubscriber.php,PASS,No syntax errors detected in /Users/qodir_rizqullah/Sites/ERP_RMI_SOFULL/vendor/phpunit/phpunit/src/Runner/TestResult/Subscriber/TestTriggeredNoticeSubscriber.php
vendor/phpunit/phpunit/src/Runner/TestResult/Subscriber/TestTriggeredPhpDeprecationSubscriber.php,PASS,No syntax errors detected in /Users/qodir_rizqullah/Sites/ERP_RMI_SOFULL/vendor/phpunit/phpunit/src/Runner/TestResult/Subscriber/TestTriggeredPhpDeprecationSubscriber.php
vendor/phpunit/phpunit/src/Runner/TestResult/Subscriber/TestTriggeredPhpNoticeSubscriber.php,PASS,No syntax errors detected in /Users/qodir_rizqullah/Sites/ERP_RMI_SOFULL/vendor/phpunit/phpunit/src/Runner/TestResult/Subscriber/TestTriggeredPhpNoticeSubscriber.php
vendor/phpunit/phpunit/src/Runner/TestResult/Subscriber/TestTriggeredPhpWarningSubscriber.php,PASS,No syntax errors detected in /Users/qodir_rizqullah/Sites/ERP_RMI_SOFULL/vendor/phpunit/phpunit/src/Runner/TestResult/Subscriber/TestTriggeredPhpWarningSubscriber.php
vendor/phpunit/phpunit/src/Runner/TestResult/Subscriber/TestTriggeredPhpunitDeprecationSubscriber.php,PASS,No syntax errors detected in /Users/qodir_rizqullah/Sites/ERP_RMI_SOFULL/vendor/phpunit/phpunit/src/Runner/TestResult/Subscriber/TestTriggeredPhpunitDeprecationSubscriber.php
vendor/phpunit/phpunit/src/Runner/TestResult/Subscriber/TestTriggeredPhpunitErrorSubscriber.php,PASS,No syntax errors detected in /Users/qodir_rizqullah/Sites/ERP_RMI_SOFULL/vendor/phpunit/phpunit/src/Runner/TestResult/Subscriber/TestTriggeredPhpunitErrorSubscriber.php
vendor/phpunit/phpunit/src/Runner/TestResult/Subscriber/TestTriggeredPhpunitWarningSubscriber.php,PASS,No syntax errors detected in /Users/qodir_rizqullah/Sites/ERP_RMI_SOFULL/vendor/phpunit/phpunit/src/Runner/TestResult/Subscriber/TestTriggeredPhpunitWarningSubscriber.php
vendor/phpunit/phpunit/src/Runner/TestResult/Subscriber/TestTriggeredWarningSubscriber.php,PASS,No syntax errors detected in /Users/qodir_rizqullah/Sites/ERP_RMI_SOFULL/vendor/phpunit/phpunit/src/Runner/TestResult/Subscriber/TestTriggeredWarningSubscriber.php
vendor/phpunit/phpunit/src/Runner/TestResult/TestResult.php,PASS,No syntax errors detected in /Users/qodir_rizqullah/Sites/ERP_RMI_SOFULL/vendor/phpunit/phpunit/src/Runner/TestResult/TestResult.php
vendor/phpunit/phpunit/src/Runner/TestSuiteLoader.php,PASS,No syntax errors detected in /Users/qodir_rizqullah/Sites/ERP_RMI_SOFULL/vendor/phpunit/phpunit/src/Runner/TestSuiteLoader.php
vendor/phpunit/phpunit/src/Runner/TestSuiteSorter.php,PASS,No syntax errors detected in /Users/qodir_rizqullah/Sites/ERP_RMI_SOFULL/vendor/phpunit/phpunit/src/Runner/TestSuiteSorter.php
vendor/phpunit/phpunit/src/Runner/Version.php,PASS,No syntax errors detected in /Users/qodir_rizqullah/Sites/ERP_RMI_SOFULL/vendor/phpunit/phpunit/src/Runner/Version.php
vendor/phpunit/phpunit/src/TextUI/Application.php,PASS,No syntax errors detected in /Users/qodir_rizqullah/Sites/ERP_RMI_SOFULL/vendor/phpunit/phpunit/src/TextUI/Application.php
vendor/phpunit/phpunit/src/TextUI/Command/Command.php,PASS,No syntax errors detected in /Users/qodir_rizqullah/Sites/ERP_RMI_SOFULL/vendor/phpunit/phpunit/src/TextUI/Command/Command.php
vendor/phpunit/phpunit/src/TextUI/Command/Commands/AtLeastVersionCommand.php,PASS,No syntax errors detected in /Users/qodir_rizqullah/Sites/ERP_RMI_SOFULL/vendor/phpunit/phpunit/src/TextUI/Command/Commands/AtLeastVersionCommand.php
vendor/phpunit/phpunit/src/TextUI/Command/Commands/CheckPhpConfigurationCommand.php,PASS,No syntax errors detected in /Users/qodir_rizqullah/Sites/ERP_RMI_SOFULL/vendor/phpunit/phpunit/src/TextUI/Command/Commands/CheckPhpConfigurationCommand.php
vendor/phpunit/phpunit/src/TextUI/Command/Commands/GenerateConfigurationCommand.php,PASS,No syntax errors detected in /Users/qodir_rizqullah/Sites/ERP_RMI_SOFULL/vendor/phpunit/phpunit/src/TextUI/Command/Commands/GenerateConfigurationCommand.php
vendor/phpunit/phpunit/src/TextUI/Command/Commands/ListGroupsCommand.php,PASS,No syntax errors detected in /Users/qodir_rizqullah/Sites/ERP_RMI_SOFULL/vendor/phpunit/phpunit/src/TextUI/Command/Commands/ListGroupsCommand.php
vendor/phpunit/phpunit/src/TextUI/Command/Commands/ListTestFilesCommand.php,PASS,No syntax errors detected in /Users/qodir_rizqullah/Sites/ERP_RMI_SOFULL/vendor/phpunit/phpunit/src/TextUI/Command/Commands/ListTestFilesCommand.php
vendor/phpunit/phpunit/src/TextUI/Command/Commands/ListTestSuitesCommand.php,PASS,No syntax errors detected in /Users/qodir_rizqullah/Sites/ERP_RMI_SOFULL/vendor/phpunit/phpunit/src/TextUI/Command/Commands/ListTestSuitesCommand.php
vendor/phpunit/phpunit/src/TextUI/Command/Commands/ListTestsAsTextCommand.php,PASS,No syntax errors detected in /Users/qodir_rizqullah/Sites/ERP_RMI_SOFULL/vendor/phpunit/phpunit/src/TextUI/Command/Commands/ListTestsAsTextCommand.php
vendor/phpunit/phpunit/src/TextUI/Command/Commands/ListTestsAsXmlCommand.php,PASS,No syntax errors detected in /Users/qodir_rizqullah/Sites/ERP_RMI_SOFULL/vendor/phpunit/phpunit/src/TextUI/Command/Commands/ListTestsAsXmlCommand.php
vendor/phpunit/phpunit/src/TextUI/Command/Commands/MigrateConfigurationCommand.php,PASS,No syntax errors detected in /Users/qodir_rizqullah/Sites/ERP_RMI_SOFULL/vendor/phpunit/phpunit/src/TextUI/Command/Commands/MigrateConfigurationCommand.php
vendor/phpunit/phpunit/src/TextUI/Command/Commands/ShowHelpCommand.php,PASS,No syntax errors detected in /Users/qodir_rizqullah/Sites/ERP_RMI_SOFULL/vendor/phpunit/phpunit/src/TextUI/Command/Commands/ShowHelpCommand.php
vendor/phpunit/phpunit/src/TextUI/Command/Commands/ShowVersionCommand.php,PASS,No syntax errors detected in /Users/qodir_rizqullah/Sites/ERP_RMI_SOFULL/vendor/phpunit/phpunit/src/TextUI/Command/Commands/ShowVersionCommand.php
vendor/phpunit/phpunit/src/TextUI/Command/Commands/VersionCheckCommand.php,PASS,No syntax errors detected in /Users/qodir_rizqullah/Sites/ERP_RMI_SOFULL/vendor/phpunit/phpunit/src/TextUI/Command/Commands/VersionCheckCommand.php
vendor/phpunit/phpunit/src/TextUI/Command/Commands/WarmCodeCoverageCacheCommand.php,PASS,No syntax errors detected in /Users/qodir_rizqullah/Sites/ERP_RMI_SOFULL/vendor/phpunit/phpunit/src/TextUI/Command/Commands/WarmCodeCoverageCacheCommand.php
vendor/phpunit/phpunit/src/TextUI/Command/Result.php,PASS,No syntax errors detected in /Users/qodir_rizqullah/Sites/ERP_RMI_SOFULL/vendor/phpunit/phpunit/src/TextUI/Command/Result.php
vendor/phpunit/phpunit/src/TextUI/Configuration/Builder.php,PASS,No syntax errors detected in /Users/qodir_rizqullah/Sites/ERP_RMI_SOFULL/vendor/phpunit/phpunit/src/TextUI/Configuration/Builder.php
vendor/phpunit/phpunit/src/TextUI/Configuration/Cli/Builder.php,PASS,No syntax errors detected in /Users/qodir_rizqullah/Sites/ERP_RMI_SOFULL/vendor/phpunit/phpunit/src/TextUI/Configuration/Cli/Builder.php
vendor/phpunit/phpunit/src/TextUI/Configuration/Cli/Configuration.php,PASS,No syntax errors detected in /Users/qodir_rizqullah/Sites/ERP_RMI_SOFULL/vendor/phpunit/phpunit/src/TextUI/Configuration/Cli/Configuration.php
vendor/phpunit/phpunit/src/TextUI/Configuration/Cli/Exception.php,PASS,No syntax errors detected in /Users/qodir_rizqullah/Sites/ERP_RMI_SOFULL/vendor/phpunit/phpunit/src/TextUI/Configuration/Cli/Exception.php
vendor/phpunit/phpunit/src/TextUI/Configuration/Cli/XmlConfigurationFileFinder.php,PASS,No syntax errors detected in /Users/qodir_rizqullah/Sites/ERP_RMI_SOFULL/vendor/phpunit/phpunit/src/TextUI/Configuration/Cli/XmlConfigurationFileFinder.php
vendor/phpunit/phpunit/src/TextUI/Configuration/CodeCoverageFilterRegistry.php,PASS,No syntax errors detected in /Users/qodir_rizqullah/Sites/ERP_RMI_SOFULL/vendor/phpunit/phpunit/src/TextUI/Configuration/CodeCoverageFilterRegistry.php
vendor/phpunit/phpunit/src/TextUI/Configuration/Configuration.php,PASS,No syntax errors detected in /Users/qodir_rizqullah/Sites/ERP_RMI_SOFULL/vendor/phpunit/phpunit/src/TextUI/Configuration/Configuration.php
vendor/phpunit/phpunit/src/TextUI/Configuration/Exception/CannotFindSchemaException.php,PASS,No syntax errors detected in /Users/qodir_rizqullah/Sites/ERP_RMI_SOFULL/vendor/phpunit/phpunit/src/TextUI/Configuration/Exception/CannotFindSchemaException.php
vendor/phpunit/phpunit/src/TextUI/Configuration/Exception/CodeCoverageReportNotConfiguredException.php,PASS,No syntax errors detected in /Users/qodir_rizqullah/Sites/ERP_RMI_SOFULL/vendor/phpunit/phpunit/src/TextUI/Configuration/Exception/CodeCoverageReportNotConfiguredException.php
vendor/phpunit/phpunit/src/TextUI/Configuration/Exception/ConfigurationCannotBeBuiltException.php,PASS,No syntax errors detected in /Users/qodir_rizqullah/Sites/ERP_RMI_SOFULL/vendor/phpunit/phpunit/src/TextUI/Configuration/Exception/ConfigurationCannotBeBuiltException.php
vendor/phpunit/phpunit/src/TextUI/Configuration/Exception/Exception.php,PASS,No syntax errors detected in /Users/qodir_rizqullah/Sites/ERP_RMI_SOFULL/vendor/phpunit/phpunit/src/TextUI/Configuration/Exception/Exception.php
vendor/phpunit/phpunit/src/TextUI/Configuration/Exception/FilterNotConfiguredException.php,PASS,No syntax errors detected in /Users/qodir_rizqullah/Sites/ERP_RMI_SOFULL/vendor/phpunit/phpunit/src/TextUI/Configuration/Exception/FilterNotConfiguredException.php
vendor/phpunit/phpunit/src/TextUI/Configuration/Exception/LoggingNotConfiguredException.php,PASS,No syntax errors detected in /Users/qodir_rizqullah/Sites/ERP_RMI_SOFULL/vendor/phpunit/phpunit/src/TextUI/Configuration/Exception/LoggingNotConfiguredException.php
vendor/phpunit/phpunit/src/TextUI/Configuration/Exception/NoBaselineException.php,PASS,No syntax errors detected in /Users/qodir_rizqullah/Sites/ERP_RMI_SOFULL/vendor/phpunit/phpunit/src/TextUI/Configuration/Exception/NoBaselineException.php
vendor/phpunit/phpunit/src/TextUI/Configuration/Exception/NoBootstrapException.php,PASS,No syntax errors detected in /Users/qodir_rizqullah/Sites/ERP_RMI_SOFULL/vendor/phpunit/phpunit/src/TextUI/Configuration/Exception/NoBootstrapException.php
vendor/phpunit/phpunit/src/TextUI/Configuration/Exception/NoCacheDirectoryException.php,PASS,No syntax errors detected in /Users/qodir_rizqullah/Sites/ERP_RMI_SOFULL/vendor/phpunit/phpunit/src/TextUI/Configuration/Exception/NoCacheDirectoryException.php
vendor/phpunit/phpunit/src/TextUI/Configuration/Exception/NoConfigurationFileException.php,PASS,No syntax errors detected in /Users/qodir_rizqullah/Sites/ERP_RMI_SOFULL/vendor/phpunit/phpunit/src/TextUI/Configuration/Exception/NoConfigurationFileException.php
vendor/phpunit/phpunit/src/TextUI/Configuration/Exception/NoCoverageCacheDirectoryException.php,PASS,No syntax errors detected in /Users/qodir_rizqullah/Sites/ERP_RMI_SOFULL/vendor/phpunit/phpunit/src/TextUI/Configuration/Exception/NoCoverageCacheDirectoryException.php
vendor/phpunit/phpunit/src/TextUI/Configuration/Exception/NoCustomCssFileException.php,PASS,No syntax errors detected in /Users/qodir_rizqullah/Sites/ERP_RMI_SOFULL/vendor/phpunit/phpunit/src/TextUI/Configuration/Exception/NoCustomCssFileException.php
vendor/phpunit/phpunit/src/TextUI/Configuration/Exception/NoDefaultTestSuiteException.php,PASS,No syntax errors detected in /Users/qodir_rizqullah/Sites/ERP_RMI_SOFULL/vendor/phpunit/phpunit/src/TextUI/Configuration/Exception/NoDefaultTestSuiteException.php
vendor/phpunit/phpunit/src/TextUI/Configuration/Exception/NoPharExtensionDirectoryException.php,PASS,No syntax errors detected in /Users/qodir_rizqullah/Sites/ERP_RMI_SOFULL/vendor/phpunit/phpunit/src/TextUI/Configuration/Exception/NoPharExtensionDirectoryException.php
vendor/phpunit/phpunit/src/TextUI/Configuration/Exception/SpecificDeprecationToStopOnNotConfiguredException.php,PASS,No syntax errors detected in /Users/qodir_rizqullah/Sites/ERP_RMI_SOFULL/vendor/phpunit/phpunit/src/TextUI/Configuration/Exception/SpecificDeprecationToStopOnNotConfiguredException.php
vendor/phpunit/phpunit/src/TextUI/Configuration/Merger.php,PASS,No syntax errors detected in /Users/qodir_rizqullah/Sites/ERP_RMI_SOFULL/vendor/phpunit/phpunit/src/TextUI/Configuration/Merger.php
vendor/phpunit/phpunit/src/TextUI/Configuration/PhpHandler.php,PASS,No syntax errors detected in /Users/qodir_rizqullah/Sites/ERP_RMI_SOFULL/vendor/phpunit/phpunit/src/TextUI/Configuration/PhpHandler.php
vendor/phpunit/phpunit/src/TextUI/Configuration/Registry.php,PASS,No syntax errors detected in /Users/qodir_rizqullah/Sites/ERP_RMI_SOFULL/vendor/phpunit/phpunit/src/TextUI/Configuration/Registry.php
vendor/phpunit/phpunit/src/TextUI/Configuration/SourceFilter.php,PASS,No syntax errors detected in /Users/qodir_rizqullah/Sites/ERP_RMI_SOFULL/vendor/phpunit/phpunit/src/TextUI/Configuration/SourceFilter.php
vendor/phpunit/phpunit/src/TextUI/Configuration/SourceMapper.php,PASS,No syntax errors detected in /Users/qodir_rizqullah/Sites/ERP_RMI_SOFULL/vendor/phpunit/phpunit/src/TextUI/Configuration/SourceMapper.php
vendor/phpunit/phpunit/src/TextUI/Configuration/TestSuiteBuilder.php,PASS,No syntax errors detected in /Users/qodir_rizqullah/Sites/ERP_RMI_SOFULL/vendor/phpunit/phpunit/src/TextUI/Configuration/TestSuiteBuilder.php
vendor/phpunit/phpunit/src/TextUI/Configuration/Value/Constant.php,PASS,No syntax errors detected in /Users/qodir_rizqullah/Sites/ERP_RMI_SOFULL/vendor/phpunit/phpunit/src/TextUI/Configuration/Value/Constant.php
vendor/phpunit/phpunit/src/TextUI/Configuration/Value/ConstantCollection.php,PASS,No syntax errors detected in /Users/qodir_rizqullah/Sites/ERP_RMI_SOFULL/vendor/phpunit/phpunit/src/TextUI/Configuration/Value/ConstantCollection.php
vendor/phpunit/phpunit/src/TextUI/Configuration/Value/ConstantCollectionIterator.php,PASS,No syntax errors detected in /Users/qodir_rizqullah/Sites/ERP_RMI_SOFULL/vendor/phpunit/phpunit/src/TextUI/Configuration/Value/ConstantCollectionIterator.php
vendor/phpunit/phpunit/src/TextUI/Configuration/Value/Directory.php,PASS,No syntax errors detected in /Users/qodir_rizqullah/Sites/ERP_RMI_SOFULL/vendor/phpunit/phpunit/src/TextUI/Configuration/Value/Directory.php
vendor/phpunit/phpunit/src/TextUI/Configuration/Value/DirectoryCollection.php,PASS,No syntax errors detected in /Users/qodir_rizqullah/Sites/ERP_RMI_SOFULL/vendor/phpunit/phpunit/src/TextUI/Configuration/Value/DirectoryCollection.php
vendor/phpunit/phpunit/src/TextUI/Configuration/Value/DirectoryCollectionIterator.php,PASS,No syntax errors detected in /Users/qodir_rizqullah/Sites/ERP_RMI_SOFULL/vendor/phpunit/phpunit/src/TextUI/Configuration/Value/DirectoryCollectionIterator.php
vendor/phpunit/phpunit/src/TextUI/Configuration/Value/ExtensionBootstrap.php,PASS,No syntax errors detected in /Users/qodir_rizqullah/Sites/ERP_RMI_SOFULL/vendor/phpunit/phpunit/src/TextUI/Configuration/Value/ExtensionBootstrap.php
vendor/phpunit/phpunit/src/TextUI/Configuration/Value/ExtensionBootstrapCollection.php,PASS,No syntax errors detected in /Users/qodir_rizqullah/Sites/ERP_RMI_SOFULL/vendor/phpunit/phpunit/src/TextUI/Configuration/Value/ExtensionBootstrapCollection.php
vendor/phpunit/phpunit/src/TextUI/Configuration/Value/ExtensionBootstrapCollectionIterator.php,PASS,No syntax errors detected in /Users/qodir_rizqullah/Sites/ERP_RMI_SOFULL/vendor/phpunit/phpunit/src/TextUI/Configuration/Value/ExtensionBootstrapCollectionIterator.php
vendor/phpunit/phpunit/src/TextUI/Configuration/Value/File.php,PASS,No syntax errors detected in /Users/qodir_rizqullah/Sites/ERP_RMI_SOFULL/vendor/phpunit/phpunit/src/TextUI/Configuration/Value/File.php
vendor/phpunit/phpunit/src/TextUI/Configuration/Value/FileCollection.php,PASS,No syntax errors detected in /Users/qodir_rizqullah/Sites/ERP_RMI_SOFULL/vendor/phpunit/phpunit/src/TextUI/Configuration/Value/FileCollection.php
vendor/phpunit/phpunit/src/TextUI/Configuration/Value/FileCollectionIterator.php,PASS,No syntax errors detected in /Users/qodir_rizqullah/Sites/ERP_RMI_SOFULL/vendor/phpunit/phpunit/src/TextUI/Configuration/Value/FileCollectionIterator.php
vendor/phpunit/phpunit/src/TextUI/Configuration/Value/FilterDirectory.php,PASS,No syntax errors detected in /Users/qodir_rizqullah/Sites/ERP_RMI_SOFULL/vendor/phpunit/phpunit/src/TextUI/Configuration/Value/FilterDirectory.php
vendor/phpunit/phpunit/src/TextUI/Configuration/Value/FilterDirectoryCollection.php,PASS,No syntax errors detected in /Users/qodir_rizqullah/Sites/ERP_RMI_SOFULL/vendor/phpunit/phpunit/src/TextUI/Configuration/Value/FilterDirectoryCollection.php
vendor/phpunit/phpunit/src/TextUI/Configuration/Value/FilterDirectoryCollectionIterator.php,PASS,No syntax errors detected in /Users/qodir_rizqullah/Sites/ERP_RMI_SOFULL/vendor/phpunit/phpunit/src/TextUI/Configuration/Value/FilterDirectoryCollectionIterator.php
vendor/phpunit/phpunit/src/TextUI/Configuration/Value/Group.php,PASS,No syntax errors detected in /Users/qodir_rizqullah/Sites/ERP_RMI_SOFULL/vendor/phpunit/phpunit/src/TextUI/Configuration/Value/Group.php
vendor/phpunit/phpunit/src/TextUI/Configuration/Value/GroupCollection.php,PASS,No syntax errors detected in /Users/qodir_rizqullah/Sites/ERP_RMI_SOFULL/vendor/phpunit/phpunit/src/TextUI/Configuration/Value/GroupCollection.php
vendor/phpunit/phpunit/src/TextUI/Configuration/Value/GroupCollectionIterator.php,PASS,No syntax errors detected in /Users/qodir_rizqullah/Sites/ERP_RMI_SOFULL/vendor/phpunit/phpunit/src/TextUI/Configuration/Value/GroupCollectionIterator.php
vendor/phpunit/phpunit/src/TextUI/Configuration/Value/IniSetting.php,PASS,No syntax errors detected in /Users/qodir_rizqullah/Sites/ERP_RMI_SOFULL/vendor/phpunit/phpunit/src/TextUI/Configuration/Value/IniSetting.php
vendor/phpunit/phpunit/src/TextUI/Configuration/Value/IniSettingCollection.php,PASS,No syntax errors detected in /Users/qodir_rizqullah/Sites/ERP_RMI_SOFULL/vendor/phpunit/phpunit/src/TextUI/Configuration/Value/IniSettingCollection.php
vendor/phpunit/phpunit/src/TextUI/Configuration/Value/IniSettingCollectionIterator.php,PASS,No syntax errors detected in /Users/qodir_rizqullah/Sites/ERP_RMI_SOFULL/vendor/phpunit/phpunit/src/TextUI/Configuration/Value/IniSettingCollectionIterator.php
vendor/phpunit/phpunit/src/TextUI/Configuration/Value/Php.php,PASS,No syntax errors detected in /Users/qodir_rizqullah/Sites/ERP_RMI_SOFULL/vendor/phpunit/phpunit/src/TextUI/Configuration/Value/Php.php
vendor/phpunit/phpunit/src/TextUI/Configuration/Value/Source.php,PASS,No syntax errors detected in /Users/qodir_rizqullah/Sites/ERP_RMI_SOFULL/vendor/phpunit/phpunit/src/TextUI/Configuration/Value/Source.php
vendor/phpunit/phpunit/src/TextUI/Configuration/Value/TestDirectory.php,PASS,No syntax errors detected in /Users/qodir_rizqullah/Sites/ERP_RMI_SOFULL/vendor/phpunit/phpunit/src/TextUI/Configuration/Value/TestDirectory.php
vendor/phpunit/phpunit/src/TextUI/Configuration/Value/TestDirectoryCollection.php,PASS,No syntax errors detected in /Users/qodir_rizqullah/Sites/ERP_RMI_SOFULL/vendor/phpunit/phpunit/src/TextUI/Configuration/Value/TestDirectoryCollection.php
vendor/phpunit/phpunit/src/TextUI/Configuration/Value/TestDirectoryCollectionIterator.php,PASS,No syntax errors detected in /Users/qodir_rizqullah/Sites/ERP_RMI_SOFULL/vendor/phpunit/phpunit/src/TextUI/Configuration/Value/TestDirectoryCollectionIterator.php
vendor/phpunit/phpunit/src/TextUI/Configuration/Value/TestFile.php,PASS,No syntax errors detected in /Users/qodir_rizqullah/Sites/ERP_RMI_SOFULL/vendor/phpunit/phpunit/src/TextUI/Configuration/Value/TestFile.php
vendor/phpunit/phpunit/src/TextUI/Configuration/Value/TestFileCollection.php,PASS,No syntax errors detected in /Users/qodir_rizqullah/Sites/ERP_RMI_SOFULL/vendor/phpunit/phpunit/src/TextUI/Configuration/Value/TestFileCollection.php
vendor/phpunit/phpunit/src/TextUI/Configuration/Value/TestFileCollectionIterator.php,PASS,No syntax errors detected in /Users/qodir_rizqullah/Sites/ERP_RMI_SOFULL/vendor/phpunit/phpunit/src/TextUI/Configuration/Value/TestFileCollectionIterator.php
vendor/phpunit/phpunit/src/TextUI/Configuration/Value/TestSuite.php,PASS,No syntax errors detected in /Users/qodir_rizqullah/Sites/ERP_RMI_SOFULL/vendor/phpunit/phpunit/src/TextUI/Configuration/Value/TestSuite.php
vendor/phpunit/phpunit/src/TextUI/Configuration/Value/TestSuiteCollection.php,PASS,No syntax errors detected in /Users/qodir_rizqullah/Sites/ERP_RMI_SOFULL/vendor/phpunit/phpunit/src/TextUI/Configuration/Value/TestSuiteCollection.php
vendor/phpunit/phpunit/src/TextUI/Configuration/Value/TestSuiteCollectionIterator.php,PASS,No syntax errors detected in /Users/qodir_rizqullah/Sites/ERP_RMI_SOFULL/vendor/phpunit/phpunit/src/TextUI/Configuration/Value/TestSuiteCollectionIterator.php
vendor/phpunit/phpunit/src/TextUI/Configuration/Value/Variable.php,PASS,No syntax errors detected in /Users/qodir_rizqullah/Sites/ERP_RMI_SOFULL/vendor/phpunit/phpunit/src/TextUI/Configuration/Value/Variable.php
vendor/phpunit/phpunit/src/TextUI/Configuration/Value/VariableCollection.php,PASS,No syntax errors detected in /Users/qodir_rizqullah/Sites/ERP_RMI_SOFULL/vendor/phpunit/phpunit/src/TextUI/Configuration/Value/VariableCollection.php
vendor/phpunit/phpunit/src/TextUI/Configuration/Value/VariableCollectionIterator.php,PASS,No syntax errors detected in /Users/qodir_rizqullah/Sites/ERP_RMI_SOFULL/vendor/phpunit/phpunit/src/TextUI/Configuration/Value/VariableCollectionIterator.php
vendor/phpunit/phpunit/src/TextUI/Configuration/Xml/CodeCoverage/CodeCoverage.php,PASS,No syntax errors detected in /Users/qodir_rizqullah/Sites/ERP_RMI_SOFULL/vendor/phpunit/phpunit/src/TextUI/Configuration/Xml/CodeCoverage/CodeCoverage.php
vendor/phpunit/phpunit/src/TextUI/Configuration/Xml/CodeCoverage/Report/Clover.php,PASS,No syntax errors detected in /Users/qodir_rizqullah/Sites/ERP_RMI_SOFULL/vendor/phpunit/phpunit/src/TextUI/Configuration/Xml/CodeCoverage/Report/Clover.php
vendor/phpunit/phpunit/src/TextUI/Configuration/Xml/CodeCoverage/Report/Cobertura.php,PASS,No syntax errors detected in /Users/qodir_rizqullah/Sites/ERP_RMI_SOFULL/vendor/phpunit/phpunit/src/TextUI/Configuration/Xml/CodeCoverage/Report/Cobertura.php
vendor/phpunit/phpunit/src/TextUI/Configuration/Xml/CodeCoverage/Report/Crap4j.php,PASS,No syntax errors detected in /Users/qodir_rizqullah/Sites/ERP_RMI_SOFULL/vendor/phpunit/phpunit/src/TextUI/Configuration/Xml/CodeCoverage/Report/Crap4j.php
vendor/phpunit/phpunit/src/TextUI/Configuration/Xml/CodeCoverage/Report/Html.php,PASS,No syntax errors detected in /Users/qodir_rizqullah/Sites/ERP_RMI_SOFULL/vendor/phpunit/phpunit/src/TextUI/Configuration/Xml/CodeCoverage/Report/Html.php
vendor/phpunit/phpunit/src/TextUI/Configuration/Xml/CodeCoverage/Report/Php.php,PASS,No syntax errors detected in /Users/qodir_rizqullah/Sites/ERP_RMI_SOFULL/vendor/phpunit/phpunit/src/TextUI/Configuration/Xml/CodeCoverage/Report/Php.php
vendor/phpunit/phpunit/src/TextUI/Configuration/Xml/CodeCoverage/Report/Text.php,PASS,No syntax errors detected in /Users/qodir_rizqullah/Sites/ERP_RMI_SOFULL/vendor/phpunit/phpunit/src/TextUI/Configuration/Xml/CodeCoverage/Report/Text.php
vendor/phpunit/phpunit/src/TextUI/Configuration/Xml/CodeCoverage/Report/Xml.php,PASS,No syntax errors detected in /Users/qodir_rizqullah/Sites/ERP_RMI_SOFULL/vendor/phpunit/phpunit/src/TextUI/Configuration/Xml/CodeCoverage/Report/Xml.php
vendor/phpunit/phpunit/src/TextUI/Configuration/Xml/Configuration.php,PASS,No syntax errors detected in /Users/qodir_rizqullah/Sites/ERP_RMI_SOFULL/vendor/phpunit/phpunit/src/TextUI/Configuration/Xml/Configuration.php
vendor/phpunit/phpunit/src/TextUI/Configuration/Xml/DefaultConfiguration.php,PASS,No syntax errors detected in /Users/qodir_rizqullah/Sites/ERP_RMI_SOFULL/vendor/phpunit/phpunit/src/TextUI/Configuration/Xml/DefaultConfiguration.php
vendor/phpunit/phpunit/src/TextUI/Configuration/Xml/Exception.php,PASS,No syntax errors detected in /Users/qodir_rizqullah/Sites/ERP_RMI_SOFULL/vendor/phpunit/phpunit/src/TextUI/Configuration/Xml/Exception.php
vendor/phpunit/phpunit/src/TextUI/Configuration/Xml/Generator.php,PASS,No syntax errors detected in /Users/qodir_rizqullah/Sites/ERP_RMI_SOFULL/vendor/phpunit/phpunit/src/TextUI/Configuration/Xml/Generator.php
vendor/phpunit/phpunit/src/TextUI/Configuration/Xml/Groups.php,PASS,No syntax errors detected in /Users/qodir_rizqullah/Sites/ERP_RMI_SOFULL/vendor/phpunit/phpunit/src/TextUI/Configuration/Xml/Groups.php
vendor/phpunit/phpunit/src/TextUI/Configuration/Xml/LoadedFromFileConfiguration.php,PASS,No syntax errors detected in /Users/qodir_rizqullah/Sites/ERP_RMI_SOFULL/vendor/phpunit/phpunit/src/TextUI/Configuration/Xml/LoadedFromFileConfiguration.php
vendor/phpunit/phpunit/src/TextUI/Configuration/Xml/Loader.php,PASS,No syntax errors detected in /Users/qodir_rizqullah/Sites/ERP_RMI_SOFULL/vendor/phpunit/phpunit/src/TextUI/Configuration/Xml/Loader.php
vendor/phpunit/phpunit/src/TextUI/Configuration/Xml/Logging/Junit.php,PASS,No syntax errors detected in /Users/qodir_rizqullah/Sites/ERP_RMI_SOFULL/vendor/phpunit/phpunit/src/TextUI/Configuration/Xml/Logging/Junit.php
vendor/phpunit/phpunit/src/TextUI/Configuration/Xml/Logging/Logging.php,PASS,No syntax errors detected in /Users/qodir_rizqullah/Sites/ERP_RMI_SOFULL/vendor/phpunit/phpunit/src/TextUI/Configuration/Xml/Logging/Logging.php
vendor/phpunit/phpunit/src/TextUI/Configuration/Xml/Logging/TeamCity.php,PASS,No syntax errors detected in /Users/qodir_rizqullah/Sites/ERP_RMI_SOFULL/vendor/phpunit/phpunit/src/TextUI/Configuration/Xml/Logging/TeamCity.php
vendor/phpunit/phpunit/src/TextUI/Configuration/Xml/Logging/TestDox/Html.php,PASS,No syntax errors detected in /Users/qodir_rizqullah/Sites/ERP_RMI_SOFULL/vendor/phpunit/phpunit/src/TextUI/Configuration/Xml/Logging/TestDox/Html.php
vendor/phpunit/phpunit/src/TextUI/Configuration/Xml/Logging/TestDox/Text.php,PASS,No syntax errors detected in /Users/qodir_rizqullah/Sites/ERP_RMI_SOFULL/vendor/phpunit/phpunit/src/TextUI/Configuration/Xml/Logging/TestDox/Text.php
vendor/phpunit/phpunit/src/TextUI/Configuration/Xml/Migration/MigrationBuilder.php,PASS,No syntax errors detected in /Users/qodir_rizqullah/Sites/ERP_RMI_SOFULL/vendor/phpunit/phpunit/src/TextUI/Configuration/Xml/Migration/MigrationBuilder.php
vendor/phpunit/phpunit/src/TextUI/Configuration/Xml/Migration/MigrationException.php,PASS,No syntax errors detected in /Users/qodir_rizqullah/Sites/ERP_RMI_SOFULL/vendor/phpunit/phpunit/src/TextUI/Configuration/Xml/Migration/MigrationException.php
vendor/phpunit/phpunit/src/TextUI/Configuration/Xml/Migration/Migrations/ConvertLogTypes.php,PASS,No syntax errors detected in /Users/qodir_rizqullah/Sites/ERP_RMI_SOFULL/vendor/phpunit/phpunit/src/TextUI/Configuration/Xml/Migration/Migrations/ConvertLogTypes.php
vendor/phpunit/phpunit/src/TextUI/Configuration/Xml/Migration/Migrations/CoverageCloverToReport.php,PASS,No syntax errors detected in /Users/qodir_rizqullah/Sites/ERP_RMI_SOFULL/vendor/phpunit/phpunit/src/TextUI/Configuration/Xml/Migration/Migrations/CoverageCloverToReport.php
vendor/phpunit/phpunit/src/TextUI/Configuration/Xml/Migration/Migrations/CoverageCrap4jToReport.php,PASS,No syntax errors detected in /Users/qodir_rizqullah/Sites/ERP_RMI_SOFULL/vendor/phpunit/phpunit/src/TextUI/Configuration/Xml/Migration/Migrations/CoverageCrap4jToReport.php
vendor/phpunit/phpunit/src/TextUI/Configuration/Xml/Migration/Migrations/CoverageHtmlToReport.php,PASS,No syntax errors detected in /Users/qodir_rizqullah/Sites/ERP_RMI_SOFULL/vendor/phpunit/phpunit/src/TextUI/Configuration/Xml/Migration/Migrations/CoverageHtmlToReport.php
vendor/phpunit/phpunit/src/TextUI/Configuration/Xml/Migration/Migrations/CoveragePhpToReport.php,PASS,No syntax errors detected in /Users/qodir_rizqullah/Sites/ERP_RMI_SOFULL/vendor/phpunit/phpunit/src/TextUI/Configuration/Xml/Migration/Migrations/CoveragePhpToReport.php
vendor/phpunit/phpunit/src/TextUI/Configuration/Xml/Migration/Migrations/CoverageTextToReport.php,PASS,No syntax errors detected in /Users/qodir_rizqullah/Sites/ERP_RMI_SOFULL/vendor/phpunit/phpunit/src/TextUI/Configuration/Xml/Migration/Migrations/CoverageTextToReport.php
vendor/phpunit/phpunit/src/TextUI/Configuration/Xml/Migration/Migrations/CoverageXmlToReport.php,PASS,No syntax errors detected in /Users/qodir_rizqullah/Sites/ERP_RMI_SOFULL/vendor/phpunit/phpunit/src/TextUI/Configuration/Xml/Migration/Migrations/CoverageXmlToReport.php
vendor/phpunit/phpunit/src/TextUI/Configuration/Xml/Migration/Migrations/IntroduceCacheDirectoryAttribute.php,PASS,No syntax errors detected in /Users/qodir_rizqullah/Sites/ERP_RMI_SOFULL/vendor/phpunit/phpunit/src/TextUI/Configuration/Xml/Migration/Migrations/IntroduceCacheDirectoryAttribute.php
vendor/phpunit/phpunit/src/TextUI/Configuration/Xml/Migration/Migrations/IntroduceCoverageElement.php,PASS,No syntax errors detected in /Users/qodir_rizqullah/Sites/ERP_RMI_SOFULL/vendor/phpunit/phpunit/src/TextUI/Configuration/Xml/Migration/Migrations/IntroduceCoverageElement.php
vendor/phpunit/phpunit/src/TextUI/Configuration/Xml/Migration/Migrations/LogToReportMigration.php,PASS,No syntax errors detected in /Users/qodir_rizqullah/Sites/ERP_RMI_SOFULL/vendor/phpunit/phpunit/src/TextUI/Configuration/Xml/Migration/Migrations/LogToReportMigration.php
vendor/phpunit/phpunit/src/TextUI/Configuration/Xml/Migration/Migrations/Migration.php,PASS,No syntax errors detected in /Users/qodir_rizqullah/Sites/ERP_RMI_SOFULL/vendor/phpunit/phpunit/src/TextUI/Configuration/Xml/Migration/Migrations/Migration.php
vendor/phpunit/phpunit/src/TextUI/Configuration/Xml/Migration/Migrations/MoveAttributesFromFilterWhitelistToCoverage.php,PASS,No syntax errors detected in /Users/qodir_rizqullah/Sites/ERP_RMI_SOFULL/vendor/phpunit/phpunit/src/TextUI/Configuration/Xml/Migration/Migrations/MoveAttributesFromFilterWhitelistToCoverage.php
vendor/phpunit/phpunit/src/TextUI/Configuration/Xml/Migration/Migrations/MoveAttributesFromRootToCoverage.php,PASS,No syntax errors detected in /Users/qodir_rizqullah/Sites/ERP_RMI_SOFULL/vendor/phpunit/phpunit/src/TextUI/Configuration/Xml/Migration/Migrations/MoveAttributesFromRootToCoverage.php
vendor/phpunit/phpunit/src/TextUI/Configuration/Xml/Migration/Migrations/MoveCoverageDirectoriesToSource.php,PASS,No syntax errors detected in /Users/qodir_rizqullah/Sites/ERP_RMI_SOFULL/vendor/phpunit/phpunit/src/TextUI/Configuration/Xml/Migration/Migrations/MoveCoverageDirectoriesToSource.php
vendor/phpunit/phpunit/src/TextUI/Configuration/Xml/Migration/Migrations/MoveWhitelistExcludesToCoverage.php,PASS,No syntax errors detected in /Users/qodir_rizqullah/Sites/ERP_RMI_SOFULL/vendor/phpunit/phpunit/src/TextUI/Configuration/Xml/Migration/Migrations/MoveWhitelistExcludesToCoverage.php
vendor/phpunit/phpunit/src/TextUI/Configuration/Xml/Migration/Migrations/MoveWhitelistIncludesToCoverage.php,PASS,No syntax errors detected in /Users/qodir_rizqullah/Sites/ERP_RMI_SOFULL/vendor/phpunit/phpunit/src/TextUI/Configuration/Xml/Migration/Migrations/MoveWhitelistIncludesToCoverage.php
vendor/phpunit/phpunit/src/TextUI/Configuration/Xml/Migration/Migrations/RemoveBeStrictAboutResourceUsageDuringSmallTestsAttribute.php,PASS,No syntax errors detected in /Users/qodir_rizqullah/Sites/ERP_RMI_SOFULL/vendor/phpunit/phpunit/src/TextUI/Configuration/Xml/Migration/Migrations/RemoveBeStrictAboutResourceUsageDuringSmallTestsAttribute.php
vendor/phpunit/phpunit/src/TextUI/Configuration/Xml/Migration/Migrations/RemoveBeStrictAboutTodoAnnotatedTestsAttribute.php,PASS,No syntax errors detected in /Users/qodir_rizqullah/Sites/ERP_RMI_SOFULL/vendor/phpunit/phpunit/src/TextUI/Configuration/Xml/Migration/Migrations/RemoveBeStrictAboutTodoAnnotatedTestsAttribute.php
vendor/phpunit/phpunit/src/TextUI/Configuration/Xml/Migration/Migrations/RemoveCacheResultFileAttribute.php,PASS,No syntax errors detected in /Users/qodir_rizqullah/Sites/ERP_RMI_SOFULL/vendor/phpunit/phpunit/src/TextUI/Configuration/Xml/Migration/Migrations/RemoveCacheResultFileAttribute.php
vendor/phpunit/phpunit/src/TextUI/Configuration/Xml/Migration/Migrations/RemoveCacheTokensAttribute.php,PASS,No syntax errors detected in /Users/qodir_rizqullah/Sites/ERP_RMI_SOFULL/vendor/phpunit/phpunit/src/TextUI/Configuration/Xml/Migration/Migrations/RemoveCacheTokensAttribute.php
vendor/phpunit/phpunit/src/TextUI/Configuration/Xml/Migration/Migrations/RemoveConversionToExceptionsAttributes.php,PASS,No syntax errors detected in /Users/qodir_rizqullah/Sites/ERP_RMI_SOFULL/vendor/phpunit/phpunit/src/TextUI/Configuration/Xml/Migration/Migrations/RemoveConversionToExceptionsAttributes.php
vendor/phpunit/phpunit/src/TextUI/Configuration/Xml/Migration/Migrations/RemoveCoverageElementCacheDirectoryAttribute.php,PASS,No syntax errors detected in /Users/qodir_rizqullah/Sites/ERP_RMI_SOFULL/vendor/phpunit/phpunit/src/TextUI/Configuration/Xml/Migration/Migrations/RemoveCoverageElementCacheDirectoryAttribute.php
vendor/phpunit/phpunit/src/TextUI/Configuration/Xml/Migration/Migrations/RemoveCoverageElementProcessUncoveredFilesAttribute.php,PASS,No syntax errors detected in /Users/qodir_rizqullah/Sites/ERP_RMI_SOFULL/vendor/phpunit/phpunit/src/TextUI/Configuration/Xml/Migration/Migrations/RemoveCoverageElementProcessUncoveredFilesAttribute.php
vendor/phpunit/phpunit/src/TextUI/Configuration/Xml/Migration/Migrations/RemoveEmptyFilter.php,PASS,No syntax errors detected in /Users/qodir_rizqullah/Sites/ERP_RMI_SOFULL/vendor/phpunit/phpunit/src/TextUI/Configuration/Xml/Migration/Migrations/RemoveEmptyFilter.php
vendor/phpunit/phpunit/src/TextUI/Configuration/Xml/Migration/Migrations/RemoveListeners.php,PASS,No syntax errors detected in /Users/qodir_rizqullah/Sites/ERP_RMI_SOFULL/vendor/phpunit/phpunit/src/TextUI/Configuration/Xml/Migration/Migrations/RemoveListeners.php
vendor/phpunit/phpunit/src/TextUI/Configuration/Xml/Migration/Migrations/RemoveLogTypes.php,PASS,No syntax errors detected in /Users/qodir_rizqullah/Sites/ERP_RMI_SOFULL/vendor/phpunit/phpunit/src/TextUI/Configuration/Xml/Migration/Migrations/RemoveLogTypes.php
vendor/phpunit/phpunit/src/TextUI/Configuration/Xml/Migration/Migrations/RemoveLoggingElements.php,PASS,No syntax errors detected in /Users/qodir_rizqullah/Sites/ERP_RMI_SOFULL/vendor/phpunit/phpunit/src/TextUI/Configuration/Xml/Migration/Migrations/RemoveLoggingElements.php
vendor/phpunit/phpunit/src/TextUI/Configuration/Xml/Migration/Migrations/RemoveNoInteractionAttribute.php,PASS,No syntax errors detected in /Users/qodir_rizqullah/Sites/ERP_RMI_SOFULL/vendor/phpunit/phpunit/src/TextUI/Configuration/Xml/Migration/Migrations/RemoveNoInteractionAttribute.php
vendor/phpunit/phpunit/src/TextUI/Configuration/Xml/Migration/Migrations/RemovePrinterAttributes.php,PASS,No syntax errors detected in /Users/qodir_rizqullah/Sites/ERP_RMI_SOFULL/vendor/phpunit/phpunit/src/TextUI/Configuration/Xml/Migration/Migrations/RemovePrinterAttributes.php
vendor/phpunit/phpunit/src/TextUI/Configuration/Xml/Migration/Migrations/RemoveRegisterMockObjectsFromTestArgumentsRecursivelyAttribute.php,PASS,No syntax errors detected in /Users/qodir_rizqullah/Sites/ERP_RMI_SOFULL/vendor/phpunit/phpunit/src/TextUI/Configuration/Xml/Migration/Migrations/RemoveRegisterMockObjectsFromTestArgumentsRecursivelyAttribute.php
vendor/phpunit/phpunit/src/TextUI/Configuration/Xml/Migration/Migrations/RemoveTestDoxGroupsElement.php,PASS,No syntax errors detected in /Users/qodir_rizqullah/Sites/ERP_RMI_SOFULL/vendor/phpunit/phpunit/src/TextUI/Configuration/Xml/Migration/Migrations/RemoveTestDoxGroupsElement.php
vendor/phpunit/phpunit/src/TextUI/Configuration/Xml/Migration/Migrations/RemoveTestSuiteLoaderAttributes.php,PASS,No syntax errors detected in /Users/qodir_rizqullah/Sites/ERP_RMI_SOFULL/vendor/phpunit/phpunit/src/TextUI/Configuration/Xml/Migration/Migrations/RemoveTestSuiteLoaderAttributes.php
vendor/phpunit/phpunit/src/TextUI/Configuration/Xml/Migration/Migrations/RemoveVerboseAttribute.php,PASS,No syntax errors detected in /Users/qodir_rizqullah/Sites/ERP_RMI_SOFULL/vendor/phpunit/phpunit/src/TextUI/Configuration/Xml/Migration/Migrations/RemoveVerboseAttribute.php
vendor/phpunit/phpunit/src/TextUI/Configuration/Xml/Migration/Migrations/RenameBackupStaticAttributesAttribute.php,PASS,No syntax errors detected in /Users/qodir_rizqullah/Sites/ERP_RMI_SOFULL/vendor/phpunit/phpunit/src/TextUI/Configuration/Xml/Migration/Migrations/RenameBackupStaticAttributesAttribute.php
vendor/phpunit/phpunit/src/TextUI/Configuration/Xml/Migration/Migrations/RenameBeStrictAboutCoversAnnotationAttribute.php,PASS,No syntax errors detected in /Users/qodir_rizqullah/Sites/ERP_RMI_SOFULL/vendor/phpunit/phpunit/src/TextUI/Configuration/Xml/Migration/Migrations/RenameBeStrictAboutCoversAnnotationAttribute.php
vendor/phpunit/phpunit/src/TextUI/Configuration/Xml/Migration/Migrations/RenameForceCoversAnnotationAttribute.php,PASS,No syntax errors detected in /Users/qodir_rizqullah/Sites/ERP_RMI_SOFULL/vendor/phpunit/phpunit/src/TextUI/Configuration/Xml/Migration/Migrations/RenameForceCoversAnnotationAttribute.php
vendor/phpunit/phpunit/src/TextUI/Configuration/Xml/Migration/Migrations/ReplaceRestrictDeprecationsWithIgnoreDeprecations.php,PASS,No syntax errors detected in /Users/qodir_rizqullah/Sites/ERP_RMI_SOFULL/vendor/phpunit/phpunit/src/TextUI/Configuration/Xml/Migration/Migrations/ReplaceRestrictDeprecationsWithIgnoreDeprecations.php
vendor/phpunit/phpunit/src/TextUI/Configuration/Xml/Migration/Migrations/UpdateSchemaLocation.php,PASS,No syntax errors detected in /Users/qodir_rizqullah/Sites/ERP_RMI_SOFULL/vendor/phpunit/phpunit/src/TextUI/Configuration/Xml/Migration/Migrations/UpdateSchemaLocation.php
vendor/phpunit/phpunit/src/TextUI/Configuration/Xml/Migration/Migrator.php,PASS,No syntax errors detected in /Users/qodir_rizqullah/Sites/ERP_RMI_SOFULL/vendor/phpunit/phpunit/src/TextUI/Configuration/Xml/Migration/Migrator.php
vendor/phpunit/phpunit/src/TextUI/Configuration/Xml/Migration/SnapshotNodeList.php,PASS,No syntax errors detected in /Users/qodir_rizqullah/Sites/ERP_RMI_SOFULL/vendor/phpunit/phpunit/src/TextUI/Configuration/Xml/Migration/SnapshotNodeList.php
vendor/phpunit/phpunit/src/TextUI/Configuration/Xml/PHPUnit.php,PASS,No syntax errors detected in /Users/qodir_rizqullah/Sites/ERP_RMI_SOFULL/vendor/phpunit/phpunit/src/TextUI/Configuration/Xml/PHPUnit.php
vendor/phpunit/phpunit/src/TextUI/Configuration/Xml/SchemaDetector/FailedSchemaDetectionResult.php,PASS,No syntax errors detected in /Users/qodir_rizqullah/Sites/ERP_RMI_SOFULL/vendor/phpunit/phpunit/src/TextUI/Configuration/Xml/SchemaDetector/FailedSchemaDetectionResult.php
vendor/phpunit/phpunit/src/TextUI/Configuration/Xml/SchemaDetector/SchemaDetectionResult.php,PASS,No syntax errors detected in /Users/qodir_rizqullah/Sites/ERP_RMI_SOFULL/vendor/phpunit/phpunit/src/TextUI/Configuration/Xml/SchemaDetector/SchemaDetectionResult.php
vendor/phpunit/phpunit/src/TextUI/Configuration/Xml/SchemaDetector/SchemaDetector.php,PASS,No syntax errors detected in /Users/qodir_rizqullah/Sites/ERP_RMI_SOFULL/vendor/phpunit/phpunit/src/TextUI/Configuration/Xml/SchemaDetector/SchemaDetector.php
vendor/phpunit/phpunit/src/TextUI/Configuration/Xml/SchemaDetector/SuccessfulSchemaDetectionResult.php,PASS,No syntax errors detected in /Users/qodir_rizqullah/Sites/ERP_RMI_SOFULL/vendor/phpunit/phpunit/src/TextUI/Configuration/Xml/SchemaDetector/SuccessfulSchemaDetectionResult.php
vendor/phpunit/phpunit/src/TextUI/Configuration/Xml/SchemaFinder.php,PASS,No syntax errors detected in /Users/qodir_rizqullah/Sites/ERP_RMI_SOFULL/vendor/phpunit/phpunit/src/TextUI/Configuration/Xml/SchemaFinder.php
vendor/phpunit/phpunit/src/TextUI/Configuration/Xml/TestSuiteMapper.php,PASS,No syntax errors detected in /Users/qodir_rizqullah/Sites/ERP_RMI_SOFULL/vendor/phpunit/phpunit/src/TextUI/Configuration/Xml/TestSuiteMapper.php
vendor/phpunit/phpunit/src/TextUI/Configuration/Xml/Validator/ValidationResult.php,PASS,No syntax errors detected in /Users/qodir_rizqullah/Sites/ERP_RMI_SOFULL/vendor/phpunit/phpunit/src/TextUI/Configuration/Xml/Validator/ValidationResult.php
vendor/phpunit/phpunit/src/TextUI/Configuration/Xml/Validator/Validator.php,PASS,No syntax errors detected in /Users/qodir_rizqullah/Sites/ERP_RMI_SOFULL/vendor/phpunit/phpunit/src/TextUI/Configuration/Xml/Validator/Validator.php
vendor/phpunit/phpunit/src/TextUI/Exception/CannotOpenSocketException.php,PASS,No syntax errors detected in /Users/qodir_rizqullah/Sites/ERP_RMI_SOFULL/vendor/phpunit/phpunit/src/TextUI/Exception/CannotOpenSocketException.php
vendor/phpunit/phpunit/src/TextUI/Exception/Exception.php,PASS,No syntax errors detected in /Users/qodir_rizqullah/Sites/ERP_RMI_SOFULL/vendor/phpunit/phpunit/src/TextUI/Exception/Exception.php
vendor/phpunit/phpunit/src/TextUI/Exception/InvalidSocketException.php,PASS,No syntax errors detected in /Users/qodir_rizqullah/Sites/ERP_RMI_SOFULL/vendor/phpunit/phpunit/src/TextUI/Exception/InvalidSocketException.php
vendor/phpunit/phpunit/src/TextUI/Exception/RuntimeException.php,PASS,No syntax errors detected in /Users/qodir_rizqullah/Sites/ERP_RMI_SOFULL/vendor/phpunit/phpunit/src/TextUI/Exception/RuntimeException.php
vendor/phpunit/phpunit/src/TextUI/Exception/TestDirectoryNotFoundException.php,PASS,No syntax errors detected in /Users/qodir_rizqullah/Sites/ERP_RMI_SOFULL/vendor/phpunit/phpunit/src/TextUI/Exception/TestDirectoryNotFoundException.php
vendor/phpunit/phpunit/src/TextUI/Exception/TestFileNotFoundException.php,PASS,No syntax errors detected in /Users/qodir_rizqullah/Sites/ERP_RMI_SOFULL/vendor/phpunit/phpunit/src/TextUI/Exception/TestFileNotFoundException.php
vendor/phpunit/phpunit/src/TextUI/Help.php,PASS,No syntax errors detected in /Users/qodir_rizqullah/Sites/ERP_RMI_SOFULL/vendor/phpunit/phpunit/src/TextUI/Help.php
vendor/phpunit/phpunit/src/TextUI/Output/Default/ProgressPrinter/ProgressPrinter.php,PASS,No syntax errors detected in /Users/qodir_rizqullah/Sites/ERP_RMI_SOFULL/vendor/phpunit/phpunit/src/TextUI/Output/Default/ProgressPrinter/ProgressPrinter.php
vendor/phpunit/phpunit/src/TextUI/Output/Default/ProgressPrinter/Subscriber/BeforeTestClassMethodErroredSubscriber.php,PASS,No syntax errors detected in /Users/qodir_rizqullah/Sites/ERP_RMI_SOFULL/vendor/phpunit/phpunit/src/TextUI/Output/Default/ProgressPrinter/Subscriber/BeforeTestClassMethodErroredSubscriber.php
vendor/phpunit/phpunit/src/TextUI/Output/Default/ProgressPrinter/Subscriber/Subscriber.php,PASS,No syntax errors detected in /Users/qodir_rizqullah/Sites/ERP_RMI_SOFULL/vendor/phpunit/phpunit/src/TextUI/Output/Default/ProgressPrinter/Subscriber/Subscriber.php
vendor/phpunit/phpunit/src/TextUI/Output/Default/ProgressPrinter/Subscriber/TestConsideredRiskySubscriber.php,PASS,No syntax errors detected in /Users/qodir_rizqullah/Sites/ERP_RMI_SOFULL/vendor/phpunit/phpunit/src/TextUI/Output/Default/ProgressPrinter/Subscriber/TestConsideredRiskySubscriber.php
vendor/phpunit/phpunit/src/TextUI/Output/Default/ProgressPrinter/Subscriber/TestErroredSubscriber.php,PASS,No syntax errors detected in /Users/qodir_rizqullah/Sites/ERP_RMI_SOFULL/vendor/phpunit/phpunit/src/TextUI/Output/Default/ProgressPrinter/Subscriber/TestErroredSubscriber.php
vendor/phpunit/phpunit/src/TextUI/Output/Default/ProgressPrinter/Subscriber/TestFailedSubscriber.php,PASS,No syntax errors detected in /Users/qodir_rizqullah/Sites/ERP_RMI_SOFULL/vendor/phpunit/phpunit/src/TextUI/Output/Default/ProgressPrinter/Subscriber/TestFailedSubscriber.php
vendor/phpunit/phpunit/src/TextUI/Output/Default/ProgressPrinter/Subscriber/TestFinishedSubscriber.php,PASS,No syntax errors detected in /Users/qodir_rizqullah/Sites/ERP_RMI_SOFULL/vendor/phpunit/phpunit/src/TextUI/Output/Default/ProgressPrinter/Subscriber/TestFinishedSubscriber.php
vendor/phpunit/phpunit/src/TextUI/Output/Default/ProgressPrinter/Subscriber/TestMarkedIncompleteSubscriber.php,PASS,No syntax errors detected in /Users/qodir_rizqullah/Sites/ERP_RMI_SOFULL/vendor/phpunit/phpunit/src/TextUI/Output/Default/ProgressPrinter/Subscriber/TestMarkedIncompleteSubscriber.php
vendor/phpunit/phpunit/src/TextUI/Output/Default/ProgressPrinter/Subscriber/TestPreparedSubscriber.php,PASS,No syntax errors detected in /Users/qodir_rizqullah/Sites/ERP_RMI_SOFULL/vendor/phpunit/phpunit/src/TextUI/Output/Default/ProgressPrinter/Subscriber/TestPreparedSubscriber.php
vendor/phpunit/phpunit/src/TextUI/Output/Default/ProgressPrinter/Subscriber/TestRunnerExecutionStartedSubscriber.php,PASS,No syntax errors detected in /Users/qodir_rizqullah/Sites/ERP_RMI_SOFULL/vendor/phpunit/phpunit/src/TextUI/Output/Default/ProgressPrinter/Subscriber/TestRunnerExecutionStartedSubscriber.php
vendor/phpunit/phpunit/src/TextUI/Output/Default/ProgressPrinter/Subscriber/TestSkippedSubscriber.php,PASS,No syntax errors detected in /Users/qodir_rizqullah/Sites/ERP_RMI_SOFULL/vendor/phpunit/phpunit/src/TextUI/Output/Default/ProgressPrinter/Subscriber/TestSkippedSubscriber.php
vendor/phpunit/phpunit/src/TextUI/Output/Default/ProgressPrinter/Subscriber/TestSuiteSkippedSubscriber.php,PASS,No syntax errors detected in /Users/qodir_rizqullah/Sites/ERP_RMI_SOFULL/vendor/phpunit/phpunit/src/TextUI/Output/Default/ProgressPrinter/Subscriber/TestSuiteSkippedSubscriber.php
vendor/phpunit/phpunit/src/TextUI/Output/Default/ProgressPrinter/Subscriber/TestTriggeredDeprecationSubscriber.php,PASS,No syntax errors detected in /Users/qodir_rizqullah/Sites/ERP_RMI_SOFULL/vendor/phpunit/phpunit/src/TextUI/Output/Default/ProgressPrinter/Subscriber/TestTriggeredDeprecationSubscriber.php
vendor/phpunit/phpunit/src/TextUI/Output/Default/ProgressPrinter/Subscriber/TestTriggeredErrorSubscriber.php,PASS,No syntax errors detected in /Users/qodir_rizqullah/Sites/ERP_RMI_SOFULL/vendor/phpunit/phpunit/src/TextUI/Output/Default/ProgressPrinter/Subscriber/TestTriggeredErrorSubscriber.php
vendor/phpunit/phpunit/src/TextUI/Output/Default/ProgressPrinter/Subscriber/TestTriggeredNoticeSubscriber.php,PASS,No syntax errors detected in /Users/qodir_rizqullah/Sites/ERP_RMI_SOFULL/vendor/phpunit/phpunit/src/TextUI/Output/Default/ProgressPrinter/Subscriber/TestTriggeredNoticeSubscriber.php
vendor/phpunit/phpunit/src/TextUI/Output/Default/ProgressPrinter/Subscriber/TestTriggeredPhpDeprecationSubscriber.php,PASS,No syntax errors detected in /Users/qodir_rizqullah/Sites/ERP_RMI_SOFULL/vendor/phpunit/phpunit/src/TextUI/Output/Default/ProgressPrinter/Subscriber/TestTriggeredPhpDeprecationSubscriber.php
vendor/phpunit/phpunit/src/TextUI/Output/Default/ProgressPrinter/Subscriber/TestTriggeredPhpNoticeSubscriber.php,PASS,No syntax errors detected in /Users/qodir_rizqullah/Sites/ERP_RMI_SOFULL/vendor/phpunit/phpunit/src/TextUI/Output/Default/ProgressPrinter/Subscriber/TestTriggeredPhpNoticeSubscriber.php
vendor/phpunit/phpunit/src/TextUI/Output/Default/ProgressPrinter/Subscriber/TestTriggeredPhpWarningSubscriber.php,PASS,No syntax errors detected in /Users/qodir_rizqullah/Sites/ERP_RMI_SOFULL/vendor/phpunit/phpunit/src/TextUI/Output/Default/ProgressPrinter/Subscriber/TestTriggeredPhpWarningSubscriber.php
vendor/phpunit/phpunit/src/TextUI/Output/Default/ProgressPrinter/Subscriber/TestTriggeredPhpunitDeprecationSubscriber.php,PASS,No syntax errors detected in /Users/qodir_rizqullah/Sites/ERP_RMI_SOFULL/vendor/phpunit/phpunit/src/TextUI/Output/Default/ProgressPrinter/Subscriber/TestTriggeredPhpunitDeprecationSubscriber.php
vendor/phpunit/phpunit/src/TextUI/Output/Default/ProgressPrinter/Subscriber/TestTriggeredPhpunitWarningSubscriber.php,PASS,No syntax errors detected in /Users/qodir_rizqullah/Sites/ERP_RMI_SOFULL/vendor/phpunit/phpunit/src/TextUI/Output/Default/ProgressPrinter/Subscriber/TestTriggeredPhpunitWarningSubscriber.php
vendor/phpunit/phpunit/src/TextUI/Output/Default/ProgressPrinter/Subscriber/TestTriggeredWarningSubscriber.php,PASS,No syntax errors detected in /Users/qodir_rizqullah/Sites/ERP_RMI_SOFULL/vendor/phpunit/phpunit/src/TextUI/Output/Default/ProgressPrinter/Subscriber/TestTriggeredWarningSubscriber.php
vendor/phpunit/phpunit/src/TextUI/Output/Default/ResultPrinter.php,PASS,No syntax errors detected in /Users/qodir_rizqullah/Sites/ERP_RMI_SOFULL/vendor/phpunit/phpunit/src/TextUI/Output/Default/ResultPrinter.php
vendor/phpunit/phpunit/src/TextUI/Output/Default/UnexpectedOutputPrinter.php,PASS,No syntax errors detected in /Users/qodir_rizqullah/Sites/ERP_RMI_SOFULL/vendor/phpunit/phpunit/src/TextUI/Output/Default/UnexpectedOutputPrinter.php
vendor/phpunit/phpunit/src/TextUI/Output/Facade.php,PASS,No syntax errors detected in /Users/qodir_rizqullah/Sites/ERP_RMI_SOFULL/vendor/phpunit/phpunit/src/TextUI/Output/Facade.php
vendor/phpunit/phpunit/src/TextUI/Output/Printer/DefaultPrinter.php,PASS,No syntax errors detected in /Users/qodir_rizqullah/Sites/ERP_RMI_SOFULL/vendor/phpunit/phpunit/src/TextUI/Output/Printer/DefaultPrinter.php
vendor/phpunit/phpunit/src/TextUI/Output/Printer/NullPrinter.php,PASS,No syntax errors detected in /Users/qodir_rizqullah/Sites/ERP_RMI_SOFULL/vendor/phpunit/phpunit/src/TextUI/Output/Printer/NullPrinter.php
vendor/phpunit/phpunit/src/TextUI/Output/Printer/Printer.php,PASS,No syntax errors detected in /Users/qodir_rizqullah/Sites/ERP_RMI_SOFULL/vendor/phpunit/phpunit/src/TextUI/Output/Printer/Printer.php
vendor/phpunit/phpunit/src/TextUI/Output/SummaryPrinter.php,PASS,No syntax errors detected in /Users/qodir_rizqullah/Sites/ERP_RMI_SOFULL/vendor/phpunit/phpunit/src/TextUI/Output/SummaryPrinter.php
vendor/phpunit/phpunit/src/TextUI/Output/TestDox/ResultPrinter.php,PASS,No syntax errors detected in /Users/qodir_rizqullah/Sites/ERP_RMI_SOFULL/vendor/phpunit/phpunit/src/TextUI/Output/TestDox/ResultPrinter.php
vendor/phpunit/phpunit/src/TextUI/ShellExitCodeCalculator.php,PASS,No syntax errors detected in /Users/qodir_rizqullah/Sites/ERP_RMI_SOFULL/vendor/phpunit/phpunit/src/TextUI/ShellExitCodeCalculator.php
vendor/phpunit/phpunit/src/TextUI/TestRunner.php,PASS,No syntax errors detected in /Users/qodir_rizqullah/Sites/ERP_RMI_SOFULL/vendor/phpunit/phpunit/src/TextUI/TestRunner.php
vendor/phpunit/phpunit/src/TextUI/TestSuiteFilterProcessor.php,PASS,No syntax errors detected in /Users/qodir_rizqullah/Sites/ERP_RMI_SOFULL/vendor/phpunit/phpunit/src/TextUI/TestSuiteFilterProcessor.php
vendor/phpunit/phpunit/src/Util/Cloner.php,PASS,No syntax errors detected in /Users/qodir_rizqullah/Sites/ERP_RMI_SOFULL/vendor/phpunit/phpunit/src/Util/Cloner.php
vendor/phpunit/phpunit/src/Util/Color.php,PASS,No syntax errors detected in /Users/qodir_rizqullah/Sites/ERP_RMI_SOFULL/vendor/phpunit/phpunit/src/Util/Color.php
vendor/phpunit/phpunit/src/Util/Exception/Exception.php,PASS,No syntax errors detected in /Users/qodir_rizqullah/Sites/ERP_RMI_SOFULL/vendor/phpunit/phpunit/src/Util/Exception/Exception.php
vendor/phpunit/phpunit/src/Util/Exception/InvalidDirectoryException.php,PASS,No syntax errors detected in /Users/qodir_rizqullah/Sites/ERP_RMI_SOFULL/vendor/phpunit/phpunit/src/Util/Exception/InvalidDirectoryException.php
vendor/phpunit/phpunit/src/Util/Exception/InvalidJsonException.php,PASS,No syntax errors detected in /Users/qodir_rizqullah/Sites/ERP_RMI_SOFULL/vendor/phpunit/phpunit/src/Util/Exception/InvalidJsonException.php
vendor/phpunit/phpunit/src/Util/Exception/InvalidVersionOperatorException.php,PASS,No syntax errors detected in /Users/qodir_rizqullah/Sites/ERP_RMI_SOFULL/vendor/phpunit/phpunit/src/Util/Exception/InvalidVersionOperatorException.php
vendor/phpunit/phpunit/src/Util/Exception/PhpProcessException.php,PASS,No syntax errors detected in /Users/qodir_rizqullah/Sites/ERP_RMI_SOFULL/vendor/phpunit/phpunit/src/Util/Exception/PhpProcessException.php
vendor/phpunit/phpunit/src/Util/Exception/XmlException.php,PASS,No syntax errors detected in /Users/qodir_rizqullah/Sites/ERP_RMI_SOFULL/vendor/phpunit/phpunit/src/Util/Exception/XmlException.php
vendor/phpunit/phpunit/src/Util/ExcludeList.php,PASS,No syntax errors detected in /Users/qodir_rizqullah/Sites/ERP_RMI_SOFULL/vendor/phpunit/phpunit/src/Util/ExcludeList.php
vendor/phpunit/phpunit/src/Util/Exporter.php,PASS,No syntax errors detected in /Users/qodir_rizqullah/Sites/ERP_RMI_SOFULL/vendor/phpunit/phpunit/src/Util/Exporter.php
vendor/phpunit/phpunit/src/Util/Filesystem.php,PASS,No syntax errors detected in /Users/qodir_rizqullah/Sites/ERP_RMI_SOFULL/vendor/phpunit/phpunit/src/Util/Filesystem.php
vendor/phpunit/phpunit/src/Util/Filter.php,PASS,No syntax errors detected in /Users/qodir_rizqullah/Sites/ERP_RMI_SOFULL/vendor/phpunit/phpunit/src/Util/Filter.php
vendor/phpunit/phpunit/src/Util/GlobalState.php,PASS,No syntax errors detected in /Users/qodir_rizqullah/Sites/ERP_RMI_SOFULL/vendor/phpunit/phpunit/src/Util/GlobalState.php
vendor/phpunit/phpunit/src/Util/Http/Downloader.php,PASS,No syntax errors detected in /Users/qodir_rizqullah/Sites/ERP_RMI_SOFULL/vendor/phpunit/phpunit/src/Util/Http/Downloader.php
vendor/phpunit/phpunit/src/Util/Http/PhpDownloader.php,PASS,No syntax errors detected in /Users/qodir_rizqullah/Sites/ERP_RMI_SOFULL/vendor/phpunit/phpunit/src/Util/Http/PhpDownloader.php
vendor/phpunit/phpunit/src/Util/Json.php,PASS,No syntax errors detected in /Users/qodir_rizqullah/Sites/ERP_RMI_SOFULL/vendor/phpunit/phpunit/src/Util/Json.php
vendor/phpunit/phpunit/src/Util/PHP/DefaultJobRunner.php,PASS,No syntax errors detected in /Users/qodir_rizqullah/Sites/ERP_RMI_SOFULL/vendor/phpunit/phpunit/src/Util/PHP/DefaultJobRunner.php
vendor/phpunit/phpunit/src/Util/PHP/Job.php,PASS,No syntax errors detected in /Users/qodir_rizqullah/Sites/ERP_RMI_SOFULL/vendor/phpunit/phpunit/src/Util/PHP/Job.php
vendor/phpunit/phpunit/src/Util/PHP/JobRunner.php,PASS,No syntax errors detected in /Users/qodir_rizqullah/Sites/ERP_RMI_SOFULL/vendor/phpunit/phpunit/src/Util/PHP/JobRunner.php
vendor/phpunit/phpunit/src/Util/PHP/JobRunnerRegistry.php,PASS,No syntax errors detected in /Users/qodir_rizqullah/Sites/ERP_RMI_SOFULL/vendor/phpunit/phpunit/src/Util/PHP/JobRunnerRegistry.php
vendor/phpunit/phpunit/src/Util/PHP/Result.php,PASS,No syntax errors detected in /Users/qodir_rizqullah/Sites/ERP_RMI_SOFULL/vendor/phpunit/phpunit/src/Util/PHP/Result.php
vendor/phpunit/phpunit/src/Util/Reflection.php,PASS,No syntax errors detected in /Users/qodir_rizqullah/Sites/ERP_RMI_SOFULL/vendor/phpunit/phpunit/src/Util/Reflection.php
vendor/phpunit/phpunit/src/Util/Test.php,PASS,No syntax errors detected in /Users/qodir_rizqullah/Sites/ERP_RMI_SOFULL/vendor/phpunit/phpunit/src/Util/Test.php
vendor/phpunit/phpunit/src/Util/ThrowableToStringMapper.php,PASS,No syntax errors detected in /Users/qodir_rizqullah/Sites/ERP_RMI_SOFULL/vendor/phpunit/phpunit/src/Util/ThrowableToStringMapper.php
vendor/phpunit/phpunit/src/Util/VersionComparisonOperator.php,PASS,No syntax errors detected in /Users/qodir_rizqullah/Sites/ERP_RMI_SOFULL/vendor/phpunit/phpunit/src/Util/VersionComparisonOperator.php
vendor/phpunit/phpunit/src/Util/Xml/Loader.php,PASS,No syntax errors detected in /Users/qodir_rizqullah/Sites/ERP_RMI_SOFULL/vendor/phpunit/phpunit/src/Util/Xml/Loader.php
vendor/phpunit/phpunit/src/Util/Xml/Xml.php,PASS,No syntax errors detected in /Users/qodir_rizqullah/Sites/ERP_RMI_SOFULL/vendor/phpunit/phpunit/src/Util/Xml/Xml.php
vendor/sebastian/cli-parser/src/Parser.php,PASS,No syntax errors detected in /Users/qodir_rizqullah/Sites/ERP_RMI_SOFULL/vendor/sebastian/cli-parser/src/Parser.php
vendor/sebastian/cli-parser/src/exceptions/AmbiguousOptionException.php,PASS,No syntax errors detected in /Users/qodir_rizqullah/Sites/ERP_RMI_SOFULL/vendor/sebastian/cli-parser/src/exceptions/AmbiguousOptionException.php
vendor/sebastian/cli-parser/src/exceptions/Exception.php,PASS,No syntax errors detected in /Users/qodir_rizqullah/Sites/ERP_RMI_SOFULL/vendor/sebastian/cli-parser/src/exceptions/Exception.php
vendor/sebastian/cli-parser/src/exceptions/OptionDoesNotAllowArgumentException.php,PASS,No syntax errors detected in /Users/qodir_rizqullah/Sites/ERP_RMI_SOFULL/vendor/sebastian/cli-parser/src/exceptions/OptionDoesNotAllowArgumentException.php
vendor/sebastian/cli-parser/src/exceptions/RequiredOptionArgumentMissingException.php,PASS,No syntax errors detected in /Users/qodir_rizqullah/Sites/ERP_RMI_SOFULL/vendor/sebastian/cli-parser/src/exceptions/RequiredOptionArgumentMissingException.php
vendor/sebastian/cli-parser/src/exceptions/UnknownOptionException.php,PASS,No syntax errors detected in /Users/qodir_rizqullah/Sites/ERP_RMI_SOFULL/vendor/sebastian/cli-parser/src/exceptions/UnknownOptionException.php
vendor/sebastian/code-unit-reverse-lookup/src/Wizard.php,PASS,No syntax errors detected in /Users/qodir_rizqullah/Sites/ERP_RMI_SOFULL/vendor/sebastian/code-unit-reverse-lookup/src/Wizard.php
vendor/sebastian/code-unit/src/ClassMethodUnit.php,PASS,No syntax errors detected in /Users/qodir_rizqullah/Sites/ERP_RMI_SOFULL/vendor/sebastian/code-unit/src/ClassMethodUnit.php
vendor/sebastian/code-unit/src/ClassUnit.php,PASS,No syntax errors detected in /Users/qodir_rizqullah/Sites/ERP_RMI_SOFULL/vendor/sebastian/code-unit/src/ClassUnit.php
vendor/sebastian/code-unit/src/CodeUnit.php,PASS,No syntax errors detected in /Users/qodir_rizqullah/Sites/ERP_RMI_SOFULL/vendor/sebastian/code-unit/src/CodeUnit.php
vendor/sebastian/code-unit/src/CodeUnitCollection.php,PASS,No syntax errors detected in /Users/qodir_rizqullah/Sites/ERP_RMI_SOFULL/vendor/sebastian/code-unit/src/CodeUnitCollection.php
vendor/sebastian/code-unit/src/CodeUnitCollectionIterator.php,PASS,No syntax errors detected in /Users/qodir_rizqullah/Sites/ERP_RMI_SOFULL/vendor/sebastian/code-unit/src/CodeUnitCollectionIterator.php
vendor/sebastian/code-unit/src/FileUnit.php,PASS,No syntax errors detected in /Users/qodir_rizqullah/Sites/ERP_RMI_SOFULL/vendor/sebastian/code-unit/src/FileUnit.php
vendor/sebastian/code-unit/src/FunctionUnit.php,PASS,No syntax errors detected in /Users/qodir_rizqullah/Sites/ERP_RMI_SOFULL/vendor/sebastian/code-unit/src/FunctionUnit.php
vendor/sebastian/code-unit/src/InterfaceMethodUnit.php,PASS,No syntax errors detected in /Users/qodir_rizqullah/Sites/ERP_RMI_SOFULL/vendor/sebastian/code-unit/src/InterfaceMethodUnit.php
vendor/sebastian/code-unit/src/InterfaceUnit.php,PASS,No syntax errors detected in /Users/qodir_rizqullah/Sites/ERP_RMI_SOFULL/vendor/sebastian/code-unit/src/InterfaceUnit.php
vendor/sebastian/code-unit/src/Mapper.php,PASS,No syntax errors detected in /Users/qodir_rizqullah/Sites/ERP_RMI_SOFULL/vendor/sebastian/code-unit/src/Mapper.php
vendor/sebastian/code-unit/src/TraitMethodUnit.php,PASS,No syntax errors detected in /Users/qodir_rizqullah/Sites/ERP_RMI_SOFULL/vendor/sebastian/code-unit/src/TraitMethodUnit.php
vendor/sebastian/code-unit/src/TraitUnit.php,PASS,No syntax errors detected in /Users/qodir_rizqullah/Sites/ERP_RMI_SOFULL/vendor/sebastian/code-unit/src/TraitUnit.php
vendor/sebastian/code-unit/src/exceptions/Exception.php,PASS,No syntax errors detected in /Users/qodir_rizqullah/Sites/ERP_RMI_SOFULL/vendor/sebastian/code-unit/src/exceptions/Exception.php
vendor/sebastian/code-unit/src/exceptions/InvalidCodeUnitException.php,PASS,No syntax errors detected in /Users/qodir_rizqullah/Sites/ERP_RMI_SOFULL/vendor/sebastian/code-unit/src/exceptions/InvalidCodeUnitException.php
vendor/sebastian/code-unit/src/exceptions/NoTraitException.php,PASS,No syntax errors detected in /Users/qodir_rizqullah/Sites/ERP_RMI_SOFULL/vendor/sebastian/code-unit/src/exceptions/NoTraitException.php
vendor/sebastian/code-unit/src/exceptions/ReflectionException.php,PASS,No syntax errors detected in /Users/qodir_rizqullah/Sites/ERP_RMI_SOFULL/vendor/sebastian/code-unit/src/exceptions/ReflectionException.php
vendor/sebastian/comparator/src/ArrayComparator.php,PASS,No syntax errors detected in /Users/qodir_rizqullah/Sites/ERP_RMI_SOFULL/vendor/sebastian/comparator/src/ArrayComparator.php
vendor/sebastian/comparator/src/Comparator.php,PASS,No syntax errors detected in /Users/qodir_rizqullah/Sites/ERP_RMI_SOFULL/vendor/sebastian/comparator/src/Comparator.php
vendor/sebastian/comparator/src/ComparisonFailure.php,PASS,No syntax errors detected in /Users/qodir_rizqullah/Sites/ERP_RMI_SOFULL/vendor/sebastian/comparator/src/ComparisonFailure.php
vendor/sebastian/comparator/src/DOMNodeComparator.php,PASS,No syntax errors detected in /Users/qodir_rizqullah/Sites/ERP_RMI_SOFULL/vendor/sebastian/comparator/src/DOMNodeComparator.php
vendor/sebastian/comparator/src/DateTimeComparator.php,PASS,No syntax errors detected in /Users/qodir_rizqullah/Sites/ERP_RMI_SOFULL/vendor/sebastian/comparator/src/DateTimeComparator.php
vendor/sebastian/comparator/src/EnumerationComparator.php,PASS,No syntax errors detected in /Users/qodir_rizqullah/Sites/ERP_RMI_SOFULL/vendor/sebastian/comparator/src/EnumerationComparator.php
vendor/sebastian/comparator/src/ExceptionComparator.php,PASS,No syntax errors detected in /Users/qodir_rizqullah/Sites/ERP_RMI_SOFULL/vendor/sebastian/comparator/src/ExceptionComparator.php
vendor/sebastian/comparator/src/Factory.php,PASS,No syntax errors detected in /Users/qodir_rizqullah/Sites/ERP_RMI_SOFULL/vendor/sebastian/comparator/src/Factory.php
vendor/sebastian/comparator/src/MockObjectComparator.php,PASS,No syntax errors detected in /Users/qodir_rizqullah/Sites/ERP_RMI_SOFULL/vendor/sebastian/comparator/src/MockObjectComparator.php
vendor/sebastian/comparator/src/NumberComparator.php,PASS,No syntax errors detected in /Users/qodir_rizqullah/Sites/ERP_RMI_SOFULL/vendor/sebastian/comparator/src/NumberComparator.php
vendor/sebastian/comparator/src/NumericComparator.php,PASS,No syntax errors detected in /Users/qodir_rizqullah/Sites/ERP_RMI_SOFULL/vendor/sebastian/comparator/src/NumericComparator.php
vendor/sebastian/comparator/src/ObjectComparator.php,PASS,No syntax errors detected in /Users/qodir_rizqullah/Sites/ERP_RMI_SOFULL/vendor/sebastian/comparator/src/ObjectComparator.php
vendor/sebastian/comparator/src/ResourceComparator.php,PASS,No syntax errors detected in /Users/qodir_rizqullah/Sites/ERP_RMI_SOFULL/vendor/sebastian/comparator/src/ResourceComparator.php
vendor/sebastian/comparator/src/ScalarComparator.php,PASS,No syntax errors detected in /Users/qodir_rizqullah/Sites/ERP_RMI_SOFULL/vendor/sebastian/comparator/src/ScalarComparator.php
vendor/sebastian/comparator/src/SplObjectStorageComparator.php,PASS,No syntax errors detected in /Users/qodir_rizqullah/Sites/ERP_RMI_SOFULL/vendor/sebastian/comparator/src/SplObjectStorageComparator.php
vendor/sebastian/comparator/src/TypeComparator.php,PASS,No syntax errors detected in /Users/qodir_rizqullah/Sites/ERP_RMI_SOFULL/vendor/sebastian/comparator/src/TypeComparator.php
vendor/sebastian/comparator/src/exceptions/Exception.php,PASS,No syntax errors detected in /Users/qodir_rizqullah/Sites/ERP_RMI_SOFULL/vendor/sebastian/comparator/src/exceptions/Exception.php
vendor/sebastian/comparator/src/exceptions/RuntimeException.php,PASS,No syntax errors detected in /Users/qodir_rizqullah/Sites/ERP_RMI_SOFULL/vendor/sebastian/comparator/src/exceptions/RuntimeException.php
vendor/sebastian/complexity/src/Calculator.php,PASS,No syntax errors detected in /Users/qodir_rizqullah/Sites/ERP_RMI_SOFULL/vendor/sebastian/complexity/src/Calculator.php
vendor/sebastian/complexity/src/Complexity/Complexity.php,PASS,No syntax errors detected in /Users/qodir_rizqullah/Sites/ERP_RMI_SOFULL/vendor/sebastian/complexity/src/Complexity/Complexity.php
vendor/sebastian/complexity/src/Complexity/ComplexityCollection.php,PASS,No syntax errors detected in /Users/qodir_rizqullah/Sites/ERP_RMI_SOFULL/vendor/sebastian/complexity/src/Complexity/ComplexityCollection.php
vendor/sebastian/complexity/src/Complexity/ComplexityCollectionIterator.php,PASS,No syntax errors detected in /Users/qodir_rizqullah/Sites/ERP_RMI_SOFULL/vendor/sebastian/complexity/src/Complexity/ComplexityCollectionIterator.php
vendor/sebastian/complexity/src/Exception/Exception.php,PASS,No syntax errors detected in /Users/qodir_rizqullah/Sites/ERP_RMI_SOFULL/vendor/sebastian/complexity/src/Exception/Exception.php
vendor/sebastian/complexity/src/Exception/RuntimeException.php,PASS,No syntax errors detected in /Users/qodir_rizqullah/Sites/ERP_RMI_SOFULL/vendor/sebastian/complexity/src/Exception/RuntimeException.php
vendor/sebastian/complexity/src/Visitor/ComplexityCalculatingVisitor.php,PASS,No syntax errors detected in /Users/qodir_rizqullah/Sites/ERP_RMI_SOFULL/vendor/sebastian/complexity/src/Visitor/ComplexityCalculatingVisitor.php
vendor/sebastian/complexity/src/Visitor/CyclomaticComplexityCalculatingVisitor.php,PASS,No syntax errors detected in /Users/qodir_rizqullah/Sites/ERP_RMI_SOFULL/vendor/sebastian/complexity/src/Visitor/CyclomaticComplexityCalculatingVisitor.php
vendor/sebastian/diff/src/Chunk.php,PASS,No syntax errors detected in /Users/qodir_rizqullah/Sites/ERP_RMI_SOFULL/vendor/sebastian/diff/src/Chunk.php
vendor/sebastian/diff/src/Diff.php,PASS,No syntax errors detected in /Users/qodir_rizqullah/Sites/ERP_RMI_SOFULL/vendor/sebastian/diff/src/Diff.php
vendor/sebastian/diff/src/Differ.php,PASS,No syntax errors detected in /Users/qodir_rizqullah/Sites/ERP_RMI_SOFULL/vendor/sebastian/diff/src/Differ.php
vendor/sebastian/diff/src/Exception/ConfigurationException.php,PASS,No syntax errors detected in /Users/qodir_rizqullah/Sites/ERP_RMI_SOFULL/vendor/sebastian/diff/src/Exception/ConfigurationException.php
vendor/sebastian/diff/src/Exception/Exception.php,PASS,No syntax errors detected in /Users/qodir_rizqullah/Sites/ERP_RMI_SOFULL/vendor/sebastian/diff/src/Exception/Exception.php
vendor/sebastian/diff/src/Exception/InvalidArgumentException.php,PASS,No syntax errors detected in /Users/qodir_rizqullah/Sites/ERP_RMI_SOFULL/vendor/sebastian/diff/src/Exception/InvalidArgumentException.php
vendor/sebastian/diff/src/Line.php,PASS,No syntax errors detected in /Users/qodir_rizqullah/Sites/ERP_RMI_SOFULL/vendor/sebastian/diff/src/Line.php
vendor/sebastian/diff/src/LongestCommonSubsequenceCalculator.php,PASS,No syntax errors detected in /Users/qodir_rizqullah/Sites/ERP_RMI_SOFULL/vendor/sebastian/diff/src/LongestCommonSubsequenceCalculator.php
vendor/sebastian/diff/src/MemoryEfficientLongestCommonSubsequenceCalculator.php,PASS,No syntax errors detected in /Users/qodir_rizqullah/Sites/ERP_RMI_SOFULL/vendor/sebastian/diff/src/MemoryEfficientLongestCommonSubsequenceCalculator.php
vendor/sebastian/diff/src/Output/AbstractChunkOutputBuilder.php,PASS,No syntax errors detected in /Users/qodir_rizqullah/Sites/ERP_RMI_SOFULL/vendor/sebastian/diff/src/Output/AbstractChunkOutputBuilder.php
vendor/sebastian/diff/src/Output/DiffOnlyOutputBuilder.php,PASS,No syntax errors detected in /Users/qodir_rizqullah/Sites/ERP_RMI_SOFULL/vendor/sebastian/diff/src/Output/DiffOnlyOutputBuilder.php
vendor/sebastian/diff/src/Output/DiffOutputBuilderInterface.php,PASS,No syntax errors detected in /Users/qodir_rizqullah/Sites/ERP_RMI_SOFULL/vendor/sebastian/diff/src/Output/DiffOutputBuilderInterface.php
vendor/sebastian/diff/src/Output/StrictUnifiedDiffOutputBuilder.php,PASS,No syntax errors detected in /Users/qodir_rizqullah/Sites/ERP_RMI_SOFULL/vendor/sebastian/diff/src/Output/StrictUnifiedDiffOutputBuilder.php
vendor/sebastian/diff/src/Output/UnifiedDiffOutputBuilder.php,PASS,No syntax errors detected in /Users/qodir_rizqullah/Sites/ERP_RMI_SOFULL/vendor/sebastian/diff/src/Output/UnifiedDiffOutputBuilder.php
vendor/sebastian/diff/src/Parser.php,PASS,No syntax errors detected in /Users/qodir_rizqullah/Sites/ERP_RMI_SOFULL/vendor/sebastian/diff/src/Parser.php
vendor/sebastian/diff/src/TimeEfficientLongestCommonSubsequenceCalculator.php,PASS,No syntax errors detected in /Users/qodir_rizqullah/Sites/ERP_RMI_SOFULL/vendor/sebastian/diff/src/TimeEfficientLongestCommonSubsequenceCalculator.php
vendor/sebastian/environment/src/Console.php,PASS,No syntax errors detected in /Users/qodir_rizqullah/Sites/ERP_RMI_SOFULL/vendor/sebastian/environment/src/Console.php
vendor/sebastian/environment/src/Runtime.php,PASS,No syntax errors detected in /Users/qodir_rizqullah/Sites/ERP_RMI_SOFULL/vendor/sebastian/environment/src/Runtime.php
vendor/sebastian/exporter/src/Exporter.php,PASS,No syntax errors detected in /Users/qodir_rizqullah/Sites/ERP_RMI_SOFULL/vendor/sebastian/exporter/src/Exporter.php
vendor/sebastian/global-state/src/CodeExporter.php,PASS,No syntax errors detected in /Users/qodir_rizqullah/Sites/ERP_RMI_SOFULL/vendor/sebastian/global-state/src/CodeExporter.php
vendor/sebastian/global-state/src/ExcludeList.php,PASS,No syntax errors detected in /Users/qodir_rizqullah/Sites/ERP_RMI_SOFULL/vendor/sebastian/global-state/src/ExcludeList.php
vendor/sebastian/global-state/src/Restorer.php,PASS,No syntax errors detected in /Users/qodir_rizqullah/Sites/ERP_RMI_SOFULL/vendor/sebastian/global-state/src/Restorer.php
vendor/sebastian/global-state/src/Snapshot.php,PASS,No syntax errors detected in /Users/qodir_rizqullah/Sites/ERP_RMI_SOFULL/vendor/sebastian/global-state/src/Snapshot.php
vendor/sebastian/global-state/src/exceptions/Exception.php,PASS,No syntax errors detected in /Users/qodir_rizqullah/Sites/ERP_RMI_SOFULL/vendor/sebastian/global-state/src/exceptions/Exception.php
vendor/sebastian/global-state/src/exceptions/RuntimeException.php,PASS,No syntax errors detected in /Users/qodir_rizqullah/Sites/ERP_RMI_SOFULL/vendor/sebastian/global-state/src/exceptions/RuntimeException.php
vendor/sebastian/lines-of-code/src/Counter.php,PASS,No syntax errors detected in /Users/qodir_rizqullah/Sites/ERP_RMI_SOFULL/vendor/sebastian/lines-of-code/src/Counter.php
vendor/sebastian/lines-of-code/src/Exception/Exception.php,PASS,No syntax errors detected in /Users/qodir_rizqullah/Sites/ERP_RMI_SOFULL/vendor/sebastian/lines-of-code/src/Exception/Exception.php
vendor/sebastian/lines-of-code/src/Exception/IllogicalValuesException.php,PASS,No syntax errors detected in /Users/qodir_rizqullah/Sites/ERP_RMI_SOFULL/vendor/sebastian/lines-of-code/src/Exception/IllogicalValuesException.php
vendor/sebastian/lines-of-code/src/Exception/NegativeValueException.php,PASS,No syntax errors detected in /Users/qodir_rizqullah/Sites/ERP_RMI_SOFULL/vendor/sebastian/lines-of-code/src/Exception/NegativeValueException.php
vendor/sebastian/lines-of-code/src/Exception/RuntimeException.php,PASS,No syntax errors detected in /Users/qodir_rizqullah/Sites/ERP_RMI_SOFULL/vendor/sebastian/lines-of-code/src/Exception/RuntimeException.php
vendor/sebastian/lines-of-code/src/LineCountingVisitor.php,PASS,No syntax errors detected in /Users/qodir_rizqullah/Sites/ERP_RMI_SOFULL/vendor/sebastian/lines-of-code/src/LineCountingVisitor.php
vendor/sebastian/lines-of-code/src/LinesOfCode.php,PASS,No syntax errors detected in /Users/qodir_rizqullah/Sites/ERP_RMI_SOFULL/vendor/sebastian/lines-of-code/src/LinesOfCode.php
vendor/sebastian/object-enumerator/src/Enumerator.php,PASS,No syntax errors detected in /Users/qodir_rizqullah/Sites/ERP_RMI_SOFULL/vendor/sebastian/object-enumerator/src/Enumerator.php
vendor/sebastian/object-reflector/src/ObjectReflector.php,PASS,No syntax errors detected in /Users/qodir_rizqullah/Sites/ERP_RMI_SOFULL/vendor/sebastian/object-reflector/src/ObjectReflector.php
vendor/sebastian/recursion-context/src/Context.php,PASS,No syntax errors detected in /Users/qodir_rizqullah/Sites/ERP_RMI_SOFULL/vendor/sebastian/recursion-context/src/Context.php
vendor/sebastian/type/src/Parameter.php,PASS,No syntax errors detected in /Users/qodir_rizqullah/Sites/ERP_RMI_SOFULL/vendor/sebastian/type/src/Parameter.php
vendor/sebastian/type/src/ReflectionMapper.php,PASS,No syntax errors detected in /Users/qodir_rizqullah/Sites/ERP_RMI_SOFULL/vendor/sebastian/type/src/ReflectionMapper.php
vendor/sebastian/type/src/TypeName.php,PASS,No syntax errors detected in /Users/qodir_rizqullah/Sites/ERP_RMI_SOFULL/vendor/sebastian/type/src/TypeName.php
vendor/sebastian/type/src/exception/Exception.php,PASS,No syntax errors detected in /Users/qodir_rizqullah/Sites/ERP_RMI_SOFULL/vendor/sebastian/type/src/exception/Exception.php
vendor/sebastian/type/src/exception/RuntimeException.php,PASS,No syntax errors detected in /Users/qodir_rizqullah/Sites/ERP_RMI_SOFULL/vendor/sebastian/type/src/exception/RuntimeException.php
vendor/sebastian/type/src/type/CallableType.php,PASS,No syntax errors detected in /Users/qodir_rizqullah/Sites/ERP_RMI_SOFULL/vendor/sebastian/type/src/type/CallableType.php
vendor/sebastian/type/src/type/FalseType.php,PASS,No syntax errors detected in /Users/qodir_rizqullah/Sites/ERP_RMI_SOFULL/vendor/sebastian/type/src/type/FalseType.php
vendor/sebastian/type/src/type/GenericObjectType.php,PASS,No syntax errors detected in /Users/qodir_rizqullah/Sites/ERP_RMI_SOFULL/vendor/sebastian/type/src/type/GenericObjectType.php
vendor/sebastian/type/src/type/IntersectionType.php,PASS,No syntax errors detected in /Users/qodir_rizqullah/Sites/ERP_RMI_SOFULL/vendor/sebastian/type/src/type/IntersectionType.php
vendor/sebastian/type/src/type/IterableType.php,PASS,No syntax errors detected in /Users/qodir_rizqullah/Sites/ERP_RMI_SOFULL/vendor/sebastian/type/src/type/IterableType.php
vendor/sebastian/type/src/type/MixedType.php,PASS,No syntax errors detected in /Users/qodir_rizqullah/Sites/ERP_RMI_SOFULL/vendor/sebastian/type/src/type/MixedType.php
vendor/sebastian/type/src/type/NeverType.php,PASS,No syntax errors detected in /Users/qodir_rizqullah/Sites/ERP_RMI_SOFULL/vendor/sebastian/type/src/type/NeverType.php
vendor/sebastian/type/src/type/NullType.php,PASS,No syntax errors detected in /Users/qodir_rizqullah/Sites/ERP_RMI_SOFULL/vendor/sebastian/type/src/type/NullType.php
vendor/sebastian/type/src/type/ObjectType.php,PASS,No syntax errors detected in /Users/qodir_rizqullah/Sites/ERP_RMI_SOFULL/vendor/sebastian/type/src/type/ObjectType.php
vendor/sebastian/type/src/type/SimpleType.php,PASS,No syntax errors detected in /Users/qodir_rizqullah/Sites/ERP_RMI_SOFULL/vendor/sebastian/type/src/type/SimpleType.php
vendor/sebastian/type/src/type/StaticType.php,PASS,No syntax errors detected in /Users/qodir_rizqullah/Sites/ERP_RMI_SOFULL/vendor/sebastian/type/src/type/StaticType.php
vendor/sebastian/type/src/type/TrueType.php,PASS,No syntax errors detected in /Users/qodir_rizqullah/Sites/ERP_RMI_SOFULL/vendor/sebastian/type/src/type/TrueType.php
vendor/sebastian/type/src/type/Type.php,PASS,No syntax errors detected in /Users/qodir_rizqullah/Sites/ERP_RMI_SOFULL/vendor/sebastian/type/src/type/Type.php
vendor/sebastian/type/src/type/UnionType.php,PASS,No syntax errors detected in /Users/qodir_rizqullah/Sites/ERP_RMI_SOFULL/vendor/sebastian/type/src/type/UnionType.php
vendor/sebastian/type/src/type/UnknownType.php,PASS,No syntax errors detected in /Users/qodir_rizqullah/Sites/ERP_RMI_SOFULL/vendor/sebastian/type/src/type/UnknownType.php
vendor/sebastian/type/src/type/VoidType.php,PASS,No syntax errors detected in /Users/qodir_rizqullah/Sites/ERP_RMI_SOFULL/vendor/sebastian/type/src/type/VoidType.php
vendor/sebastian/version/src/Version.php,PASS,No syntax errors detected in /Users/qodir_rizqullah/Sites/ERP_RMI_SOFULL/vendor/sebastian/version/src/Version.php
vendor/staabm/side-effects-detector/lib/SideEffect.php,PASS,No syntax errors detected in /Users/qodir_rizqullah/Sites/ERP_RMI_SOFULL/vendor/staabm/side-effects-detector/lib/SideEffect.php
vendor/staabm/side-effects-detector/lib/SideEffectsDetector.php,PASS,No syntax errors detected in /Users/qodir_rizqullah/Sites/ERP_RMI_SOFULL/vendor/staabm/side-effects-detector/lib/SideEffectsDetector.php
vendor/staabm/side-effects-detector/lib/functionMetadata.php,PASS,No syntax errors detected in /Users/qodir_rizqullah/Sites/ERP_RMI_SOFULL/vendor/staabm/side-effects-detector/lib/functionMetadata.php
vendor/theseer/tokenizer/src/Exception.php,PASS,No syntax errors detected in /Users/qodir_rizqullah/Sites/ERP_RMI_SOFULL/vendor/theseer/tokenizer/src/Exception.php
vendor/theseer/tokenizer/src/NamespaceUri.php,PASS,No syntax errors detected in /Users/qodir_rizqullah/Sites/ERP_RMI_SOFULL/vendor/theseer/tokenizer/src/NamespaceUri.php
vendor/theseer/tokenizer/src/NamespaceUriException.php,PASS,No syntax errors detected in /Users/qodir_rizqullah/Sites/ERP_RMI_SOFULL/vendor/theseer/tokenizer/src/NamespaceUriException.php
vendor/theseer/tokenizer/src/Token.php,PASS,No syntax errors detected in /Users/qodir_rizqullah/Sites/ERP_RMI_SOFULL/vendor/theseer/tokenizer/src/Token.php
vendor/theseer/tokenizer/src/TokenCollection.php,PASS,No syntax errors detected in /Users/qodir_rizqullah/Sites/ERP_RMI_SOFULL/vendor/theseer/tokenizer/src/TokenCollection.php
vendor/theseer/tokenizer/src/TokenCollectionException.php,PASS,No syntax errors detected in /Users/qodir_rizqullah/Sites/ERP_RMI_SOFULL/vendor/theseer/tokenizer/src/TokenCollectionException.php
vendor/theseer/tokenizer/src/Tokenizer.php,PASS,No syntax errors detected in /Users/qodir_rizqullah/Sites/ERP_RMI_SOFULL/vendor/theseer/tokenizer/src/Tokenizer.php
vendor/theseer/tokenizer/src/XMLSerializer.php,PASS,No syntax errors detected in /Users/qodir_rizqullah/Sites/ERP_RMI_SOFULL/vendor/theseer/tokenizer/src/XMLSerializer.php
